-0.0054898295
-0.0434766077
-0.0269758422
-0.0000000844
-0.0098753525
-0.0000594104
-0.0000000372
0.0015468036
0.0199918915
-0.0105602816
0.0095044347
0.0000095354
-0.0095797637
-0.0000005441
0.0000619096
-0.0033132115
-0.0006676426
0.0110556483
0.0000000197
-0.0230891258
0.0001599002
-0.0021052703
0.0112321433
0.0092502311
0.0009553770
0.0286468007
-0.0000718147
-0.0146083543
-0.0144594135
-0.0523842014
0.0000014828
0.0183546580
-0.0000004654
-0.0174846146
0.0163998883
0.0030293232
-0.0137754325
0.0017487661
0.0047837771
0.0226455238
0.0318306088
0.0033005979
0.0380607098
0.0000865889
0.0075391829
0.0328160226
0.0252044648
-0.0131081417
-0.0002031658
0.0169796254
0.0045092581
0.0033215221
-0.0000004059
0.0258310884
0.0028176229
0.0063782400
0.0000041398
-0.0050837756
-0.0035786910
0.0414855815
0.0005354469
0.0059652766
-0.0076379306
0.0345829241
0.0000003015
-0.0000277702
0.0095242504
0.0013371034
-0.0092020370
-0.0162391085
-0.0194048509
-0.0000000881
-0.0000001829
0.0052998262
-0.0104352338
-0.0359609574
0.0000000209
0.0077102259
0.0000004505
-0.0000000015
-0.0299829412
-0.0457530878
0.0000083333
0.0000000686
-0.0000355664
0.0000030608
0.0014024995
0.0001855892
0.0072261025
-0.0056715906
0.0002298748
-0.0027058641
0.0107961614
0.0321507156
-0.0655555725
-0.0536684729
-0.0058049434
0.0209337939
-0.0070936838
-0.0003739523
0.0093115978
-0.0000000212
0.0000408536
-0.0186271295
0.0022708345
0.0000000148
-0.0178909805
0.0216927435
0.0218676236
-0.0010341215
-0.0084084533
0.0000632662
-0.0211589038
-0.0000220911
-0.0177752562
0.0000004370
-0.0000008893
-0.0007833779
-0.0038532505
-0.0078399917
-0.0080233300
0.0243706405
0.0007889598
0.0005905757
0.0065854220
0.0005739869
0.0021446450
0.0042261952
0.0011406280
-0.0403162092
0.0383009240
0.0242799968
-0.0000054494
-0.0032194590
-0.0329049006
-0.0432034545
-0.0041932431
0.0113986423
0.0055334913
-0.0377058126
0.0441622622
-0.0120090228
0.0550319627
0.0227904692
0.0000182423
-0.0037376492
0.0005801571
-0.0000608144
-0.0022738916
-0.0065648942
-0.0096162250
0.0122995377
-0.0433553383
0.0196255539
0.0093909213
-0.0203339551
-0.0008336272
-0.0276291948
-0.0214983169
0.0021041567
0.0398282036
0.0054316544
0.0006784716
-0.0000439164
0.0080116019
0.0012410431
0.0182213113
0.0028060966
0.0124997571
0.0021930442
-0.0331113301
0.0243838802
0.0000000021
0.0291170329
0.0172049757
0.0541012622
-0.0042403555
-0.0263729505
0.0172974225
-0.0197772346
0.0037989486
-0.0372243002
-0.0034927349
-0.0114509147
0.0000002524
-0.0075514806
0.0006480323
0.0030745822
0.0136401067
0.0024602704
0.0012118925
0.0134940846
0.0024915286
-0.0003122709
0.0071439403
-0.0093833869
0.0000302211
0.0000000024
-0.0099773202
-0.0189906880
0.0000043074
-0.0000000662
0.0221468378
-0.0302529577
-0.0213582665
0.0002451257
0.0068641086
0.0036841515
0.0131181637
-0.0118656708
0.0013355014
-0.0484503284
-0.0291539915
-0.0503464602
0.0022250742
-0.0034705561
-0.0078635989
0.0006045293
-0.0348944701
-0.0354712754
-0.0123147052
-0.0101413922
-0.0000019221
-0.0000145510
-0.0000000810
-0.0000003902
-0.0219828896
-0.0129419118
-0.0124244262
0.0215601642
0.0195268858
0.0008686789
0.0408770740
-0.0181867778
-0.0006573172
0.0000841886
0.0097203897
0.0000000006
0.0120077031
0.0158870537
0.0031157744
0.0389940813
0.0010613236
0.0407440811
-0.0000055449
0.0388820693
0.0000020525
0.0309005938
0.0001183689
0.0000005145
-0.0279129017
-0.0038521772
0.0392707549
-0.0289107040
0.0174305439
-0.0017317790
-0.0133251892
-0.0000982244
-0.0094671594
-0.0012869986
0.0444209427
-0.0631035492
-0.0438451841
0.0046601640
-0.0209034476
0.0055377753
0.0233960692
-0.0030015740
-0.0062964922
-0.0271724835
-0.0000001180
0.0001062486
0.0106954100
0.0390448496
-0.0232033655
-0.0169980451
0.0003027913
-0.0000106205
-0.0241932068
-0.0682331473
-0.0007421445
0.0000000932
-0.0063469191
-0.0165857859
-0.0290102940
-0.0676809177
-0.0083219875
-0.0108035235
-0.0099619348
-0.0140191149
0.0054036966
0.0226339083
-0.0058244169
-0.0075144959
-0.0375311300
-0.0008621805
0.0381921865
-0.0108887134
0.0043152198
0.0089069568
-0.0058357334
0.0252950788
0.0233990997
0.0012751556
-0.0336638130
-0.0000000022
-0.0000000310
0.0018999286
-0.0254704729
0.0114483191
-0.0266149156
-0.0329714678
0.0047836900
0.0157005154
0.0014960961
0.0000002441
-0.0037015388
0.0204872806
-0.0062845112
-0.0000000982
-0.0541749336
0.0003038665
0.0021115160
-0.0115300482
0.0029867725
-0.0017220015
-0.0023573819
-0.0000009362
0.0330914631
-0.0003590249
-0.0146918809
-0.0088231498
-0.0000000026
-0.0034758362
-0.0170323532
0.0178418923
0.0010942220
0.0004299642
0.0001639877
0.0020081601
-0.0000000956
0.0051377998
-0.0028163965
-0.0031586548
0.0009466979
-0.0541803353
-0.0540609881
0.0000023431
-0.0251083840
-0.0617138669
-0.0479218177
0.0315255523
-0.0194945652
-0.0457489416
-0.0283371210
-0.0456628576
0.0088901492
-0.0374833755
0.0194121487
0.0060499432
-0.0258849021
0.0486689694
0.0003377703
0.0160438791
0.0146967405
-0.0130216433
-0.0017136043
-0.0138872787
-0.0037275008
0.0007864931
0.0001063111
0.0144005185
0.0165061783
0.0013568054
0.0000001195
-0.0045887418
-0.0680938885
0.0002013940
0.0054954439
0.0030190784
0.0000001016
-0.0072970348
0.0002047487
-0.0353643708
-0.0000776067
-0.0694799423
-0.0286314469
0.0127957342
0.0114607792
0.0000001317
0.0000004335
-0.0042476710
0.0303041134
-0.0466844998
-0.0057974271
-0.0335186534
0.0447103716
-0.0225897115
0.0009129155
0.0355843194
-0.0316419490
0.0011215146
0.0054360381
-0.0099657550
-0.0381497256
0.0000000016
-0.0021433486
-0.0398625582
0.0094729168
0.0007796134
-0.0001198265
0.0177766383
0.0000838614
-0.0583415963
-0.0161310136
-0.0057342174
0.0067249336
0.0000200075
-0.0665923730
-0.0015341664
-0.0273725893
0.0035387499
-0.0002682455
-0.0109709660
-0.0521669872
-0.0000011575
-0.0168223735
-0.0000036232
0.0064655952
0.0080679273
0.0083299456
-0.0038752235
-0.0027307924
-0.0172953289
-0.0130459797
-0.0269917268
0.0069983345
-0.0282571446
-0.0409624614
-0.0887455270
-0.0114357481
0.0467307307
0.0000000119
-0.0227787476
-0.0043762848
-0.0023909726
0.0000002407
-0.0470547862
-0.0255622789
-0.0201830324
-0.0000000245
-0.0255205017
0.0000000030
0.0128906667
-0.0000000009
-0.0304014273
0.0006267097
0.0313428193
0.0000002876
0.0000005542
-0.0090920608
0.0006422109
-0.0000008651
-0.0055135516
0.0003779875
-0.0003170918
0.0000083713
-0.0010465423
-0.0976455584
0.0344514549
-0.0353583507
0.0000729802
-0.0081481123
-0.0000001400
-0.0297016203
-0.0560075492
-0.0083832815
0.0059738038
0.0000003045
0.0270403326
-0.0496968813
0.0000000175
-0.0004277735
-0.0604396127
0.0209954362
-0.0763162449
-0.0360182896
0.0354556814
-0.0810039714
-0.0257498473
-0.0000002461
0.0132934880
-0.0262984075
0.0010646958
-0.0012803160
0.0260029603
-0.0383586809
-0.0003554636
0.0000000054
-0.0119854966
0.0017487606
-0.0152468774
-0.0085990401
-0.0170613043
-0.0095478632
0.0009255874
-0.0238362588
0.0014749600
-0.0156656019
0.0000000061
-0.0371080078
-0.0082683889
-0.0104079153
-0.0004650005
0.0312639996
0.0183631629
0.0303007383
-0.0000624161
-0.0150390100
0.0085581979
-0.0000005908
0.0004921004
-0.0000006594
0.0161953457
-0.0030193401
0.0082454123
0.0436915755
0.0009464088
-0.0319702365
-0.0000000144
-0.0012044946
-0.0098775364
-0.0419902392
-0.0493186377
-0.0044256249
0.0010528092
-0.0282980539
-0.0000152757
-0.0003567366
-0.0184753127
-0.0269189589
0.0121990405
0.0413494743
-0.0246426463
0.0005142632
0.0006101212
-0.0000202879
0.0124554401
-0.0025584351
0.0020787932
-0.0003134368
-0.0283894632
0.0067286938
0.0104987109
0.0002368011
0.0000196419
0.0000013803
-0.0000001103
-0.0587359890
-0.0026924645
0.0242684297
-0.0000000584
0.0000519735
-0.0000006758
0.0000014292
0.0505357943
-0.0000006941
-0.0225560460
-0.0497339666
-0.0000002394
0.0301346537
-0.0000000056
0.0054080328
-0.0025246700
0.0265996121
-0.0261719823
0.0000000236
0.0072915424
-0.0169918537
-0.0000155322
-0.0000007279
0.0345904306
0.0070907283
0.0308281332
-0.0022706699
0.0009454818
0.0157678705
-0.0117250374
-0.0005507866
0.0187980961
-0.0364903286
0.0005982962
-0.0012489713
-0.0030611327
-0.0007866427
-0.0591700524
-0.0224378780
-0.0001940347
-0.0004271420
0.0127118090
0.0000002213
-0.0424403846
-0.0000000408
0.0153001696
0.0000001850
0.0308218841
-0.0096991016
-0.0159094799
-0.0081959395
0.0150627503
0.0077588791
0.0035233211
-0.0000039584
0.0000680825
-0.0046092435
-0.0344063528
-0.0183102041
0.0012565689
-0.0002390496
-0.0528056435
-0.0035735467
-0.0345889814
0.0004003248
0.0175303221
0.0044020531
0.0236027297
0.0011283045
-0.0406028368
-0.0000146771
0.0000005109
0.0035134531
0.0003450692
-0.0006806459
0.0098772617
-0.0055173747
0.0076738484
0.0004107563
-0.0000001865
-0.0001716968
0.0128003703
0.0241164025
0.0273664389
-0.0119237518
0.0003479957
-0.0000000003
-0.0082954522
0.0003014201
-0.0108532226
-0.0000000108
0.0000004980
-0.0346411914
0.0101842033
0.0006390045
-0.0000000925
0.0601478629
0.0227066502
-0.0541121997
-0.0272894781
-0.0441961028
-0.0422129892
0.0023610026
-0.0317335613
0.0066906209
-0.0012617017
0.0055101481
0.0123918746
-0.0221545063
0.0103863757
-0.0265812650
-0.0000000962
-0.0146914097
-0.0267648753
-0.0000000003
0.0107669747
-0.0075938427
0.0061252923
-0.0149325598
-0.0040626428
-0.0119021833
-0.0152483508
0.0000000316
0.0037538789
-0.0000000049
0.0005247177
-0.0133408355
0.0078847082
-0.0445295274
-0.0338370502
0.0035430836
0.0065903929
-0.0107721416
-0.0000046396
-0.0182755310
0.0016219086
0.0000002123
0.0496676601
0.0076172296
-0.0053373436
0.0000371224
0.0000000152
-0.0000000097
-0.0371928476
0.0132509051
0.0000002281
-0.0031483113
0.0122374361
-0.0007968093
0.0335082226
-0.0052597751
0.0035566734
-0.0084021799
0.0032283720
-0.0349692218
0.0000006322
-0.0095578525
-0.0000051637
-0.0203201119
-0.0148550300
0.0040833526
-0.0233648028
-0.0000076381
-0.0023392907
0.0013827546
-0.0147137642
-0.0000002898
-0.0007403012
-0.0025403067
-0.0170435701
-0.0000000103
-0.0095441118
0.0001528886
-0.0255007595
0.0000001102
0.0144197047
-0.0075938781
0.0076648095
-0.0203671493
0.0126345027
-0.0232717469
0.0118610077
-0.0000005143
-0.0265033953
-0.0210717246
-0.0556742884
-0.0136660896
0.0010827336
0.0174152181
0.0008476855
0.0053086844
-0.0000000000
-0.0284413919
-0.0109675433
0.0003901527
-0.0427535065
-0.0529268421
-0.0161298420
0.0021865864
0.0005185179
0.0369975418
-0.0318361185
-0.0000000026
0.0000145770
0.0000000083
0.0000001377
-0.0133957909
0.0042939638
0.0014770394
0.0160838626
-0.0282820165
0.0000371455
-0.0000000033
-0.0090341046
0.0000000005
0.0167251900
-0.0863098204
-0.0011928029
-0.0220076758
0.0156866089
-0.0000026748
0.0000002915
-0.0083117262
-0.0000001237
-0.0317840837
-0.0118375747
-0.0224996787
-0.0012623620
-0.0509621315
-0.0305637456
-0.0264033359
-0.0075745811
-0.0006448087
-0.0186623596
-0.0011248306
0.0000000547
-0.0035746559
-0.0136305699
-0.0000407430
-0.0364613310
-0.0010366519
-0.0414991416
-0.0290587805
-0.0203941166
0.0102816820
0.0101264510
-0.0151346885
0.0010311718
-0.0022960790
-0.0246055145
-0.0017651271
-0.0000028662
-0.0000041457
0.0000000089
0.0050948905
-0.0023404830
-0.0112986695
0.0000001208
0.0000000090
-0.0154003212
-0.0342178456
-0.0148086594
-0.0015059450
-0.0087185772
-0.0896356031
0.0000014811
0.0009119330
-0.0024404572
0.0052788826
0.0006093767
0.0082133282
0.0124962274
-0.0133724082
0.0000447771
-0.0240410864
-0.0000047163
0.0000000987
0.0043340079
0.0529516563
-0.0000001352
0.0000000948
0.0000931623
0.0000037138
0.0061211255
0.0000001182
-0.0063900482
0.0016668276
-0.0000007649
-0.0321825892
-0.0134149250
0.0000000718
-0.0000001512
-0.0000065235
0.0024942202
0.0015963432
-0.0062988736
-0.0372461416
-0.0409922898
0.0000342998
-0.0291096419
-0.0453194641
-0.0021359345
-0.0437435172
-0.0183038544
0.0286050458
-0.0003866268
0.0023859544
0.0062708771
-0.0000379877
-0.0206853393
0.0129244989
-0.0381145813
-0.0189690627
0.0000000013
0.0054605072
-0.0007671471
-0.0173598211
0.0000026979
-0.0173072703
0.0061971610
-0.0000000185
0.0000030377
-0.0234865770
0.0004566662
-0.0285489503
0.0333685949
-0.0310517102
0.0463056415
-0.0110133998
0.0003693561
0.0152350822
-0.0000233798
-0.0152109992
-0.0038554377
0.0000000022
0.0000000511
0.0120591866
0.0017957820
-0.0000005281
-0.0064606611
-0.0257221628
-0.0192985181
0.0248649847
0.0418602265
-0.0647525936
0.0016300764
-0.0273467395
-0.0157801323
-0.0279178116
-0.0173944868
-0.0007587134
0.0215856377
0.0099317264
-0.0249259919
-0.0000010273
0.0429133363
-0.0000001217
-0.0019675058
0.0090357903
-0.0133170271
-0.0240516420
0.0007644352
0.0198370349
-0.0341050997
-0.0102462554
-0.0459694080
-0.0408256762
-0.0353327990
-0.0483224131
-0.0220990330
-0.0246147644
-0.0182609931
-0.0635763630
-0.0623632446
-0.0226163678
-0.0419778973
-0.0243881047
-0.0001924598
-0.0000000026
0.0030792544
-0.0076462892
-0.0033760606
-0.0190132484
0.0011476896
-0.0460710861
-0.0478992499
-0.0105286045
-0.0092071583
-0.0000008981
-0.0417833701
-0.0097376145
-0.0261873472
-0.0129009699
0.0000037293
0.0094449474
-0.0044389591
-0.0131611610
-0.0125469742
0.0115031563
-0.0000012291
-0.0000000546
0.0001717509
0.0007531513
0.0120150615
0.0218570232
-0.0001883881
0.0069879363
0.0175477602
0.0021744226
-0.0003646074
-0.0367150903
-0.0383930057
-0.0000000188
-0.0000020254
-0.0750404224
0.0003905440
-0.0231238697
0.0000096700
-0.0463742539
0.0040670540
-0.0041196244
-0.0020610488
-0.0147980964
0.0000009257
-0.0032106126
-0.0588316247
-0.0281190090
0.0005110538
-0.0000022909
-0.0535203293
0.0193285942
-0.0329600945
-0.0358687118
-0.0442453139
-0.0028503225
-0.0264634416
0.0140805338
-0.0734813437
-0.0192745514
0.0285099745
-0.0000131183
-0.0046953508
-0.0000000288
0.0348655768
0.0000002708
0.0153236724
0.0000391658
-0.0089104958
-0.0001710791
-0.0123986099
-0.0008975392
0.0110811805
-0.0320823565
0.0378888212
0.0277139638
0.0000281542
0.0165973343
-0.0002113499
-0.0082674306
0.0105594052
0.0348642021
0.0097618513
0.0137031553
0.0637105927
-0.0012814308
0.0085132038
0.0028728761
0.0395248719
0.0005896955
0.0370100886
0.0201020334
-0.0041792733
0.0395087190
-0.0000236773
0.0122583555
-0.0415061153
-0.0001739925
0.0204045046
0.0014219690
-0.0052758525
-0.0299945008
-0.0269175377
-0.0270876195
-0.0787326470
-0.0000293298
-0.0135491639
-0.0467765145
-0.0002678346
0.0000000056
-0.0486220047
-0.0138830477
0.0295026507
-0.0024401098
-0.0000003089
-0.0010763695
-0.0596045703
-0.0540958047
-0.0290217977
-0.0417052805
0.0209456906
-0.0105985394
-0.0378211290
-0.0307025928
-0.0739358664
-0.0542798266
-0.0032931319
-0.0515866876
0.0004379105
-0.0000003878
-0.0265276674
-0.0341447257
0.0048742169
-0.0391277969
0.0000406210
0.0000196048
-0.0015744126
-0.0069541233
-0.0010176288
-0.0000040781
-0.0086140363
-0.0000000885
0.0000159928
0.0209343135
-0.0015095943
0.0004273599
-0.0000000156
0.0052129598
0.0005454872
0.0000512928
-0.0486389473
-0.0001280627
0.0231694486
0.0003536752
0.0001335226
-0.0000023985
0.0000091608
-0.0351151265
-0.0135324849
-0.0000005298
-0.0145366807
-0.0000004750
-0.0335410014
0.0236604661
-0.0169750396
-0.0000000652
0.0093368413
-0.0066935816
0.0086787082
0.0244055614
-0.0146731837
-0.0000000027
-0.0000509795
-0.0215974208
-0.0494305044
0.0419791378
0.0000000968
-0.0482978337
-0.0000005506
-0.0687563568
-0.0614469647
-0.0884348378
-0.0157297254
-0.0568122230
0.0000328366
-0.0000005274
-0.0358506441
-0.0000000081
-0.0635745376
0.0000004401
0.0137366122
-0.0234825741
-0.0048785261
-0.0011036375
-0.0329293720
0.0007825931
0.0000730935
-0.0054538338
0.0166309252
0.0067354008
-0.0268884469
-0.0229585208
0.0004376735
0.0000468151
-0.0000024437
0.0022184122
-0.0000000431
0.0107220123
-0.0020825216
0.0377982631
0.0002341848
-0.0000000021
0.0000013797
-0.0054114279
0.0481753051
0.0236744564
0.0002430642
0.0231482368
-0.0000012457
0.0235145465
0.0156553518
-0.0176896844
0.0003418450
-0.0354098976
-0.0086946981
-0.0017680369
-0.0319396518
-0.0038319062
-0.0344974771
-0.0075486708
0.0019659931
-0.0083725741
-0.0262063816
-0.0505855680
0.0000000037
-0.0471490286
-0.0588098690
-0.0042298879
-0.0604649074
-0.0299747251
0.0239612646
-0.0581933185
-0.0597021133
-0.0215327498
-0.0026811869
-0.0607103333
-0.0666380525
-0.0437166095
-0.0597539954
-0.0448034406
0.0000000057
-0.0482485034
-0.0728650168
0.0399228819
-0.0509956516
0.0297944248
-0.0167115349
-0.0154771144
-0.0017029407
-0.0053714956
-0.0215627346
-0.0494100973
-0.0067384867
-0.0357743651
-0.0036196685
-0.0091159167
0.0120155262
-0.0023238021
-0.0081949672
0.0350927114
-0.0288799778
-0.0154293245
0.0008420561
0.0001629828
-0.0201492477
0.0144177591
0.0011916819
0.0317545459
0.0185081754
0.0183850843
-0.0217582621
-0.0000009689
0.0072797025
0.0005837455
0.0025902574
0.0000000002
-0.0024557326
-0.0134338122
-0.0253110118
-0.0610968471
-0.0193609931
0.0052698334
0.0000259712
0.0078997631
0.0083941687
0.0342527926
-0.0000001400
-0.0428682044
-0.0338569470
-0.0384306312
-0.0570577644
0.0000007240
-0.0652985498
-0.0885046050
-0.0197633486
-0.0536613800
0.0001792979
-0.0005340454
-0.0008865990
-0.0000001987
-0.0061193393
-0.0000000898
-0.0765202120
0.0015825442
-0.0343513861
-0.0284424126
-0.0680357590
0.0105756894
-0.0378570035
0.0000138052
-0.0682624802
-0.0000000255
0.0072320183
-0.0102708740
0.0002170016
-0.0271783732
-0.0225185473
0.0100802295
0.0593104586
-0.0186446570
-0.0081676878
-0.0064220689
-0.0008882824
0.0000560812
-0.0068509998
0.0007514438
-0.0000001627
0.0268709268
-0.0000001222
0.0029724573
0.0223399792
0.0195763372
0.0018882747
0.0304085966
0.0083337957
0.0000001326
0.0036889312
0.0000140284
-0.0004758334
0.0310142208
0.0000016015
-0.0030027532
-0.0875438526
-0.0641248003
-0.0000593644
-0.0038348751
0.0000000010
-0.0558001697
-0.0103884870
0.0275447089
-0.0487485267
-0.0209682751
-0.0764481053
-0.0365287997
-0.0624854974
0.0219054855
-0.0108189015
-0.0529606231
-0.0168808028
-0.0526153557
0.0214144252
-0.0375405326
0.0103965364
-0.0790652558
0.0001672616
0.0000008004
-0.0334981009
-0.0563198179
-0.0537007824
-0.0382624082
-0.0475979596
0.0001359243
-0.0384050012
-0.0493214466
-0.0452968031
0.0248787086
-0.0368209034
0.0000000159
-0.0056550927
0.0027655477
-0.0000000033
0.0404793583
-0.0286895148
0.0065728952
0.0067445473
0.0000004339
0.0000001460
-0.0084384950
-0.0103447391
0.0000873109
-0.0084321452
-0.0000035001
0.0314830430
0.0138971563
-0.0080194464
0.0005980352
-0.0000000024
0.0000000965
-0.0305009056
0.0192000214
-0.0000004036
0.0416907556
-0.0081401030
-0.0018483712
-0.0042777848
0.0000000992
-0.0000012721
-0.0000936409
0.0056842989
-0.0034904587
-0.0155460611
0.0026054820
-0.0640939400
-0.0005635445
-0.0234606024
0.0000004635
-0.0656595975
-0.0611183159
0.0073990040
-0.0185706355
-0.0009903976
0.0069694570
-0.0000000006
-0.0000000119
-0.0531921797
0.0599064343
0.0000002891
0.0046440433
-0.0624171980
-0.0058983010
-0.0052510295
-0.0274543911
0.0000002513
0.0000000084
0.0177622214
-0.0448487662
0.0161029454
-0.0455998667
0.0022550428
-0.0516898967
0.0000005601
-0.0561974011
0.0000006319
-0.0000000027
0.0229123924
0.0149203818
-0.0003270001
-0.0060150069
-0.0464817211
-0.0167011265
-0.0000002946
0.0094056679
-0.0236909278
0.0000586062
0.0400326997
0.0000009583
-0.0000020876
0.0000022471
0.0080206823
0.0280843265
0.0128060691
-0.0070853410
-0.0231407955
0.0224306919
-0.0839275420
0.0021926810
0.0292783305
-0.0020419743
-0.0901543871
-0.0723631084
-0.0000018242
0.0057941717
-0.0277167521
-0.0005275354
-0.0448384285
-0.0000033153
0.0017196812
-0.0178946368
-0.0607699752
-0.0539334677
-0.0609193482
-0.0975996852
-0.0592535771
-0.0640865266
-0.0311516356
-0.0556904674
-0.0558168180
-0.0334852114
-0.0000030078
-0.0809510276
0.0000220802
0.0542725436
0.0000000022
0.0000024691
-0.0041543199
-0.0000002143
-0.0636192039
-0.0296540055
-0.0556018688
-0.0308756530
-0.0501664616
0.0316926613
-0.0033782877
-0.0171196759
-0.0111800870
0.0242112279
-0.0799521729
0.0064147720
-0.0123616112
-0.0252437890
-0.0164190885
0.0000000683
-0.0000154294
-0.0000001438
0.0028602001
0.0000383242
-0.0000000395
-0.0012015314
0.0000017588
-0.0112105822
0.0000041558
0.0514683500
-0.0118886176
-0.0000000070
-0.0000075725
-0.0190427266
0.0017477418
-0.0000369106
0.0018318421
-0.0976471379
0.0348530822
0.0200556703
0.0000109763
0.0000013206
0.0151566574
-0.0019569816
-0.0036178033
-0.0345474221
0.0002713473
-0.0002845035
-0.0000014894
0.0000012600
-0.0316693485
-0.0493636727
-0.0000010346
-0.0107363407
-0.0165938977
-0.0000002414
0.0055547515
-0.0678851381
-0.0000000633
-0.0125580886
0.0226563234
-0.0369796343
-0.0109048393
-0.0448588692
-0.0536775067
-0.0502044745
-0.0644343197
-0.0576138906
-0.0605060458
0.0382025354
-0.0521067008
-0.0406473577
-0.0200694744
-0.0617295057
-0.0018477812
-0.0498169586
-0.0271659940
-0.0000002413
-0.0302456897
0.0116879353
-0.0122471247
-0.0540419072
0.0062307515
0.0000000190
-0.0331428200
-0.0040615043
-0.0000000833
0.0000005008
-0.0033731256
0.0211496204
0.0000054486
0.0079090875
0.0287905298
-0.0000000035
-0.0001052882
0.0419809110
0.0297842789
-0.0129490020
-0.0159939174
0.0085626971
0.0000050300
0.0357071795
-0.0000000152
-0.0080710594
-0.0000002679
-0.0203674510
-0.0420531221
-0.0065212515
-0.0000002420
0.0014956917
-0.0400035717
-0.0432216264
-0.0128995543
-0.0057597929
-0.0553456284
-0.0332930349
-0.0536181368
0.0559857674
-0.0378003269
-0.0092731742
-0.0006954161
-0.0601774678
-0.0387446880
-0.0206480846
-0.0189286303
-0.0583116636
-0.0317053050
0.0000001055
-0.0000000038
-0.0000003427
0.0002838964
0.0000805238
-0.0614608191
-0.0372626707
-0.0197307840
-0.0162237547
-0.0322055556
-0.0464996584
0.0284386277
-0.0782176107
-0.0528036021
0.0322824195
-0.0290250666
0.0153043550
-0.0220124442
-0.0527379066
-0.0000000215
-0.0354471020
-0.0123525951
-0.0478147939
0.0172122624
-0.0195411574
-0.0000009879
-0.0209619068
-0.0010066016
0.0109319901
0.0028938085
0.0414004438
-0.0000023026
0.0227643754
0.0000090804
0.0000002893
-0.0000017301
-0.0237976816
0.0082001686
0.0174464006
-0.0250859261
0.0000000016
-0.0124940677
0.0004247754
0.0261094980
0.0024639121
-0.0324033499
-0.0080646016
0.0000000336
0.0000000093
-0.0747730657
-0.0008233543
-0.0487496257
-0.0918406919
-0.0406854153
-0.0525774658
-0.0655862540
-0.0797485709
-0.0243751965
-0.0337167084
0.0000000018
-0.0500057079
0.0000188717
0.0002047254
-0.0000000833
0.0013409270
0.0089372480
0.0198129006
-0.0374003723
0.0008110922
0.0036748711
-0.0004046956
-0.0489463806
-0.0022142115
-0.0182461776
-0.0331231058
-0.0634333938
0.0136007490
0.0000009822
0.0072450074
0.0266599469
-0.0605733171
-0.0622101240
-0.0001884828
-0.0030689517
-0.0083961096
-0.0194558427
0.0208869558
0.0000117291
0.0000416599
-0.0004070465
-0.0342714526
0.0045637693
0.0368764326
-0.0000000052
0.0158862192
0.0100836288
-0.0063159084
-0.0009253508
-0.0042882655
0.0022468241
-0.0026269886
-0.0368461907
-0.0001637990
-0.0664526671
-0.0000691957
-0.0851396695
-0.0061754500
-0.0358797051
-0.0473176725
-0.0369880907
-0.0295549054
0.0117275240
-0.0634902865
-0.0472155660
-0.0598263256
-0.0433660485
-0.0556715652
-0.0257311370
-0.0364333838
0.0001601778
-0.0699549988
0.0002020479
-0.0259360969
-0.0000000579
-0.0530607551
-0.0053511052
0.0000020828
-0.0282579679
-0.0014715866
-0.0067490083
-0.0198431909
-0.0000000532
-0.0021175134
0.0256020129
-0.0480305441
-0.0467345789
-0.0223747212
0.0000087687
-0.0000035735
-0.0024369787
-0.0058649788
-0.0006828703
-0.0919426084
0.0000000301
-0.0857724398
-0.0477793179
-0.0401753671
-0.0520551167
0.0000009822
-0.0533063486
0.0320774876
-0.0065122154
0.0000001133
-0.0070846439
-0.0269697011
-0.0038942453
-0.0107753705
0.0226813257
0.0000000315
0.0008916338
0.0014124924
0.0016230048
0.0155382063
0.0072429851
-0.0266354494
0.0007742775
-0.0041808952
-0.0064870263
0.0000020206
0.0463027693
-0.0002357852
-0.0058538578
-0.0040705372
-0.0037245769
-0.0017813119
-0.0579105802
-0.0102076223
-0.0413469300
-0.0000000342
-0.0537442937
-0.0525995828
-0.0674383640
-0.0659289286
-0.0000008413
-0.0206597578
-0.0000003389
-0.0000031323
-0.0000025140
-0.0000275834
-0.0715722740
-0.0435356945
-0.0144433146
-0.0009984297
-0.0309630241
0.0100601753
0.0128512345
0.0020494182
-0.0183113087
-0.0217881538
-0.0547583960
0.0011044070
0.0408490859
0.0134509057
0.0004007072
-0.0089832721
-0.0246452820
-0.0599563122
-0.0001359723
0.0000298759
-0.0446020104
-0.0326940715
-0.0456624515
-0.0241375789
-0.0007011355
0.0393746831
0.0000001348
0.0065192757
-0.0508681871
0.0000452327
-0.0300785806
0.0000113223
-0.0000002117
0.0061520305
0.0000228045
0.0046167616
0.0278327856
0.0000373733
-0.0010334316
-0.0000001009
-0.0044761831
0.0000003879
0.0003897720
0.0004479985
-0.0620899424
0.0000027894
-0.0320731699
-0.0258100871
0.0000451435
0.0000000180
-0.0117533980
-0.0212311000
-0.0441350341
-0.0326890685
0.0007191734
-0.0469516218
0.0374848768
0.0012988102
-0.0619979687
0.0000001438
0.0000003830
-0.0360964760
-0.0000000522
-0.0125872148
-0.0134171406
-0.0484427474
-0.0262283906
0.0015415072
-0.0005612717
-0.0554153733
-0.0533016287
-0.0001791466
0.0240261853
0.0372179039
-0.0263976976
0.0000000007
-0.0215453934
-0.0499390848
0.0076331762
0.0000084295
0.0000509572
-0.0450731404
-0.0260897819
-0.0595595129
-0.0569835231
-0.0303916335
-0.0507521965
-0.0087851305
-0.0186155308
-0.0182206146
0.0213758182
0.0000000041
-0.0078822067
0.0008371665
0.0003210914
0.0023818261
0.0074942419
0.0264277011
0.0399457179
0.0267615579
0.0033386466
-0.0438020937
-0.0061201048
0.0000309193
0.0000000567
0.0278880838
-0.0000627777
-0.0409617946
0.0101971887
-0.0019711237
0.0453776345
-0.0074974010
-0.0151762292
0.0026315928
-0.0000022981
-0.0483451746
-0.0246140137
0.0001422361
-0.1047833413
-0.0651517361
0.0000001116
-0.0499254540
-0.0182659142
-0.0081233643
-0.0592321232
-0.0054222755
-0.0216546636
-0.0523518436
-0.0749218985
-0.0268471967
-0.0665522665
-0.0611381568
0.0007784118
-0.0009769087
-0.0061814790
0.0456993133
-0.0000039125
-0.0253910441
0.0000000498
-0.0199817829
0.0000017198
-0.0248434842
-0.0073881266
0.0143780429
-0.0696990043
-0.0497512221
-0.0012204318
-0.0020433739
-0.0754085556
-0.0016894591
0.0472671688
0.0000000453
-0.0514876246
0.0086869793
-0.0215400960
-0.0198798832
-0.0005132939
0.0006241166
-0.0076159374
-0.0078720944
0.0063106869
0.0037426734
-0.0176099129
0.0005912394
-0.0005217983
-0.0158602837
-0.0000062059
-0.0341053978
-0.0000008051
0.0385493226
0.0457854606
0.0052894228
-0.0485006198
0.0363562144
-0.0331879370
-0.0384428874
0.0000092667
-0.0542773306
-0.0351995118
-0.0209368765
-0.0495430492
-0.0579374731
-0.0000170033
-0.0647903308
-0.0505181514
-0.0521334708
-0.0480771959
-0.0230112150
-0.0150031140
-0.0002021985
-0.0486531369
-0.0427954569
-0.0312884636
-0.0473380797
-0.0000004188
-0.0219652597
-0.0363840982
-0.0634897277
0.0025677232
-0.0183821656
-0.0441692173
-0.0012558691
-0.0409879833
0.0126485722
0.0000000315
-0.0006246293
-0.0294651873
-0.0196180716
0.0300571024
-0.0446402244
0.0014834537
-0.0705063045
0.0199144799
-0.0068108444
-0.0480612554
-0.0186997056
-0.0519203246
-0.0032791581
-0.0610782802
-0.0389761701
-0.0048717204
-0.0066667399
-0.0399601981
-0.0465908721
0.0062408713
-0.0019624489
0.0294857398
-0.0058612679
0.0332641602
-0.0000238767
-0.0377013721
-0.0026970543
-0.0438511409
-0.0000000013
-0.0021793153
-0.0003106907
-0.0280093458
0.0097566983
-0.0000009647
-0.0000045761
-0.0315330960
-0.0246378053
-0.0506456159
0.0019423069
-0.0700994357
-0.0439966395
0.0000001296
-0.0577698983
0.0000000030
-0.0334759131
-0.0636122227
0.0000000169
0.0000000133
-0.0013487904
0.0001092884
-0.0578829683
-0.0000290254
-0.0006070753
-0.0436173193
-0.0049775266
0.0197668243
-0.0216314532
-0.0465306193
-0.0534136333
0.0076366919
-0.0330963694
-0.0619883388
0.0197030250
-0.0001024245
-0.0114754466
-0.0683015063
0.0000006927
0.0000011554
-0.0477479994
0.0000295545
-0.1283620447
-0.0468686968
-0.0432907790
-0.0430188067
-0.0317783467
-0.0135525269
-0.0343443453
-0.0383898653
-0.0076148729
0.0145000592
-0.0156282336
-0.0513245314
-0.0322030410
-0.0000000065
-0.0078783296
-0.0277553666
-0.0000000785
0.0019697857
-0.0249490719
0.0298698582
0.0021063962
-0.0211774372
-0.0000902901
-0.0246845149
-0.0179494768
-0.0000000000
-0.0077349236
0.0131393867
-0.0486367010
0.0000326244
-0.0036681429
0.0000000508
-0.0000001449
-0.0740877688
-0.0784623623
-0.0017157585
-0.0512401164
-0.0670130551
-0.0008254301
-0.0199317411
-0.0516022816
-0.0001301243
0.0000000269
0.0000001803
-0.0000017110
-0.0025121227
-0.0001493685
0.0083478559
-0.0652177855
0.0001455123
-0.0007960604
-0.0282854941
-0.0407351367
-0.0275214314
-0.0149324266
-0.0388727337
-0.0748422071
-0.0255742483
-0.0648716688
0.0000000967
-0.0236500893
-0.0164537840
-0.0290848892
-0.0496484376
-0.0000723391
-0.0293019209
-0.0395694077
-0.0702979267
0.0190717541
0.0271058120
0.0000000922
-0.0002418333
-0.0251053646
-0.0165695604
-0.0621833429
0.0000052829
-0.0000000834
-0.0158252828
-0.0112820175
-0.0000010157
0.0067999209
0.0074127978
0.0310507417
0.0358024687
0.0018171332
-0.0006921191
0.0053809062
-0.0491474345
-0.0000001988
-0.0000000702
-0.0397883467
0.0217473898
0.0148495343
0.0002773895
-0.0569420457
-0.0247027222
-0.0180796869
-0.0746405870
0.0105805118
0.0000000231
0.0000000181
-0.0426645391
-0.0007495321
-0.0269938204
0.0000001317
-0.0633214638
-0.0000385215
-0.0231523421
0.0205675326
-0.0353570692
0.0220347196
-0.0595034920
0.0246081762
-0.0000020586
0.0091783553
-0.0438777767
-0.0101294667
-0.0394928902
-0.0085692322
0.0281969979
-0.0025774720
-0.0024937454
0.0000052640
-0.0598000139
-0.0354701243
0.0000001576
-0.0276431106
-0.0000000866
-0.0546776988
0.0487661324
-0.0561925769
-0.0000001448
0.0075040455
0.0011708144
0.0000000333
-0.0178350918
-0.0233152714
0.0000431997
-0.0073718252
-0.0528478287
0.0000171038
-0.0000000072
-0.0004370629
0.0296969023
0.0038794463
0.0004550556
-0.0310049281
-0.0549965017
0.0000030645
-0.0000001423
0.0000000047
0.0274741333
-0.0391002856
0.0001774755
-0.0005706624
-0.0080744857
0.0097310683
-0.0000010055
0.0079107797
-0.0007520767
0.0000000440
-0.0000121871
-0.0184444617
-0.0681317300
-0.0299511701
-0.0588958524
-0.0612761900
-0.0225749090
-0.0668419078
-0.0657489002
-0.0372825414
-0.0000048902
-0.0482533649
0.0158865321
-0.0465263948
-0.0001679697
-0.0387882926
0.0031431240
-0.0129361637
-0.0249739550
0.0000000037
-0.0769701377
-0.0159747526
0.0002490050
-0.0179862920
0.0100326445
-0.0068603409
-0.0283285435
-0.0212331153
-0.0608287118
-0.1016086265
0.0000003244
-0.0886517167
-0.0078127459
0.0000000977
0.0524776913
-0.0263540708
-0.0047700116
0.0412363820
-0.0601384677
-0.0263403375
-0.0433884263
-0.0489945747
-0.0000000391
-0.0163147599
-0.0481930897
-0.0236870684
0.0002773165
0.0004209405
-0.0000272924
0.0002087103
0.0166482683
0.0093282508
-0.0562887825
-0.0333783105
-0.0276629739
0.0111640021
-0.0001768983
0.0011314132
-0.0309019759
-0.0250826161
-0.0156069100
-0.0383824632
-0.0556951500
-0.0035073459
-0.0132953301
-0.0573472790
-0.0491822772
0.0022815035
-0.0262161661
-0.0516964979
-0.0009046226
-0.0410083085
-0.0536822937
-0.0000009125
0.0276871808
-0.0402657464
-0.0180382878
-0.0016198739
-0.0015380202
-0.0155257788
-0.0513731092
-0.0087821670
-0.0875137448
-0.0004342937
-0.0000021611
-0.0626863465
-0.0446449593
0.0001465208
-0.0291616488
-0.0215075035
-0.0146777108
-0.0200352762
0.0218988564
-0.0525580682
0.0000000685
-0.0378750563
-0.0280915070
-0.0478683300
0.0463099033
-0.0421552993
-0.0006965612
0.0048170886
-0.0397531874
-0.0001105401
0.0000000891
-0.0354803652
0.0000000001
0.0038591481
0.0308104008
-0.0000000579
0.0153988600
0.0145855201
-0.0000170534
-0.0235547703
0.0436306298
0.0000001992
-0.0169054456
0.0533200689
-0.0204121713
-0.0179121625
-0.0335551202
0.0175147653
-0.0026042135
-0.0380168930
-0.0160521418
-0.0295980349
-0.0094683832
-0.0476494767
-0.0000000030
-0.0349060670
0.0029513638
-0.0814562067
-0.0566414408
-0.0317797922
-0.0163553935
-0.0100836214
-0.0331800766
-0.0000000208
0.0024695310
0.0004094919
0.0000022276
-0.0183998756
-0.0063894480
-0.0000000802
-0.0451527014
-0.0561455265
-0.0042969650
-0.0000028386
-0.0623541847
-0.0664566457
-0.0423509665
-0.0175433848
-0.0055843745
0.0000000453
-0.0439959392
0.0090719583
0.0000014431
-0.0348816030
-0.0468365736
0.0000067585
-0.1018537283
-0.0604443625
-0.0148052350
-0.0206084680
-0.0173949040
-0.0223686472
0.0266749971
-0.0005690531
-0.0000000002
-0.0000003206
0.0093857283
-0.0197577588
-0.0003684650
0.0325221047
-0.0000005538
-0.0105205318
0.0004777763
0.0000056177
0.0000524944
-0.0265084840
0.0176179390
-0.0082482956
0.0004069762
0.0005472989
-0.0713245273
-0.0137921870
0.0000000452
-0.0000594055
-0.0201491620
0.0242283233
-0.0157942455
-0.0531840175
0.0404922329
-0.0554235764
0.0557042100
-0.0610378422
0.0121468371
-0.0450726561
-0.0122574707
0.0203985069
-0.0250123031
-0.0362008624
-0.0438558161
-0.0134590194
0.0185673963
0.0000002640
-0.0554714836
-0.0488261767
-0.0408630781
-0.0449497402
-0.0000546029
-0.0567892902
-0.0198714808
-0.0000002579
-0.0057289847
0.0024189421
-0.0520022139
-0.0000052659
-0.0349567682
-0.0219812375
-0.0461246520
-0.0425435975
0.0001435218
-0.0904210806
-0.0081087695
-0.0769504756
-0.0441379026
0.0098093525
0.0011481980
-0.0219736472
-0.0174672063
0.0318292044
0.0000000749
-0.0621523075
0.0106939180
0.0000003668
0.0659784675
0.0000022413
0.0504605174
-0.0000002914
-0.0064173732
0.0468540676
0.0371650234
0.0126335323
0.0309001449
-0.0000612857
0.0000292798
-0.0229100827
-0.0304699000
-0.0171923265
-0.0021548732
-0.0064283148
0.0059271008
0.0044502518
-0.0008305373
0.0000039332
-0.0000017520
-0.0324750096
-0.0000027050
0.0000000475
0.0534670241
-0.0286429469
-0.0673480332
-0.0379099548
-0.0000106590
-0.0392989255
-0.0471896529
-0.0300432462
0.0200304296
-0.0397509001
-0.0471059754
-0.0401414558
0.0006964302
0.0444252975
-0.0088772234
0.0000005632
0.0111324554
0.0000004235
0.0206327587
0.0145604089
-0.0339706577
-0.0000061211
0.0462860949
-0.0366324149
-0.0809019729
-0.0507400520
-0.0001239713
-0.0000913061
-0.0355761200
-0.0742831528
-0.0269855894
-0.0299820676
-0.0421172716
-0.0280078966
-0.0350222364
0.0089375516
0.0000460802
0.0000000008
0.0086841518
0.0000000031
-0.0097496957
-0.0000002164
0.0000252395
-0.0312990621
0.0000003919
0.0011573875
-0.0009382362
0.0058305757
-0.0031660411
-0.0293800011
-0.0380671620
0.0033014852
-0.0622680485
-0.0249392968
0.0000000517
0.0030478598
-0.0304651279
0.0188089833
0.0068651568
-0.0401660427
0.0000001496
0.0239022132
-0.0168192051
-0.0204348415
-0.0008322506
-0.0341218337
-0.0277875587
-0.0629760772
-0.0000000737
0.0353606567
-0.0010738398
-0.0278877076
-0.0393677615
-0.0000000321
-0.0212314669
-0.0558465607
-0.0000182265
-0.0517861731
-0.0477777869
0.0294873733
-0.0483620614
-0.0336094573
-0.0142900366
-0.0278180502
-0.0285441447
-0.0630265772
-0.0635984391
-0.0576586723
-0.0179694593
-0.0376120321
-0.0375015512
-0.0349269845
-0.0527542718
-0.0392409638
-0.0460482426
-0.0409368835
-0.0488159470
-0.0484151281
0.0040284414
0.0005268995
-0.0598455705
0.0024411748
-0.0233448967
-0.0042768945
0.0071963873
-0.0000000043
0.0033529252
0.0062067043
-0.0000000559
0.0235552937
0.0193507709
0.0057232613
0.0257132463
0.0005347552
-0.0092598619
-0.0304969717
-0.0155481072
0.0000000204
-0.0280975178
-0.0000011493
-0.0493201874
-0.0010427051
-0.0030752528
0.0237481706
0.0108842095
-0.0630949214
-0.0259641092
-0.0690309405
-0.0832128748
-0.0000030540
0.0008413318
0.0211001132
-0.0442107916
-0.0100073321
-0.0253125299
-0.0180317108
-0.0659270883
-0.0464311652
-0.0639882088
-0.0512369275
-0.0002430282
-0.0603344142
0.0406711400
-0.0595842451
-0.0658123717
-0.0537585616
-0.0429793112
-0.0308266003
0.0168027729
-0.0220427979
-0.0464234315
0.0000000666
-0.0307700504
0.0345963985
-0.0627755821
0.0000000699
-0.0180004574
-0.0762286559
-0.0320974104
-0.0197002459
-0.0528109781
-0.0554596372
-0.0351384841
-0.0507756621
-0.0282289702
-0.0328065827
0.0004698500
0.0112848980
0.0016587942
0.0063246898
-0.0204752944
-0.0000001026
0.0001469042
0.0115176952
0.0054838378
-0.0047897049
0.0023957528
-0.0001801218
-0.0000072970
-0.0264001787
0.0000009588
-0.0328845307
-0.0000041877
-0.0139181633
0.0038875346
-0.0205840301
-0.0000006473
0.0484265238
0.0074348003
-0.0276015587
-0.0454927646
-0.0114483526
-0.0298800580
-0.0131208207
-0.0766950920
-0.0668689087
0.0000978157
0.0000214491
-0.0197949056
-0.0523705855
0.0000004113
-0.0010281847
-0.0683159828
-0.0519074723
-0.0689885914
-0.0002285407
0.0000015314
-0.0323051736
-0.0483830422
-0.0159464628
0.0000044434
0.0031215632
-0.0807385594
-0.0750929639
-0.0664537475
-0.0530171022
-0.0454675294
0.0035580834
-0.0468667559
-0.0000020559
0.0058384305
0.0344811492
-0.0420753360
-0.0515971109
-0.0542964600
-0.0217866395
-0.0000000104
-0.0357142165
-0.0208430886
0.0305933487
-0.0169136766
-0.0214882642
0.0124180475
-0.0412850715
0.0024468794
0.0035212974
-0.0346798077
-0.0267976113
0.0282422379
0.0033272572
0.0463622212
0.0131067717
-0.0508594066
-0.0004877315
-0.0096156262
0.0000000144
-0.0225744098
-0.0033883967
-0.0000000580
0.0001378229
-0.0398286507
0.0000000201
0.0087242313
-0.0019521703
-0.0855606198
-0.0782429576
-0.0472203493
-0.0225183982
-0.1091193482
-0.0716653690
-0.0309830606
-0.0711124986
-0.0232709106
-0.0000112889
0.0000025299
-0.0190355834
-0.0001064649
-0.0538472682
0.0409351401
0.0164760370
0.0240537170
0.0140210669
0.0023450069
-0.0105166156
-0.0901566818
-0.0338835157
0.0012170956
-0.0123202037
0.0005134775
-0.0484179221
-0.0698237568
-0.0555812642
-0.0022687274
-0.0552524514
-0.0473437607
-0.0033522241
-0.0228794087
0.0381160937
-0.0000000022
-0.0325458422
-0.0000865902
-0.0345321670
0.0416426584
-0.0078523997
-0.0136825461
-0.0000011806
0.0084685665
0.0066775070
0.0082959495
-0.0115440981
-0.0602972321
-0.0404808782
-0.0520682037
0.0155299380
0.0000005652
0.0000000096
-0.0191371664
0.0209298003
0.0195192285
-0.0108580664
0.0010997996
-0.0494172126
-0.0002684609
0.0000000079
-0.0171820819
0.0066446220
-0.0006738530
-0.0225486159
-0.0060799974
-0.0398816913
-0.0487480052
0.0045200363
-0.0470331423
0.0006526905
-0.0779248327
-0.0209876858
-0.0228716545
-0.0000193360
-0.0495478548
0.0295973457
-0.0401388593
-0.0706665739
-0.0134816477
-0.0480857007
0.0000000033
-0.0848997831
0.0000000304
-0.1081071049
-0.0282035954
-0.0570130758
-0.0268863812
-0.0630660877
-0.0527742393
-0.0039720000
-0.0723682866
-0.0394679904
-0.0705911815
-0.0570368841
-0.0162764303
0.0000008203
-0.0659404621
-0.0031569134
-0.0085726231
0.0019894410
-0.0266927611
-0.0055953930
-0.0226315781
-0.0000001056
-0.0334098749
0.0182507876
-0.0031515986
0.0163022466
-0.0000361938
-0.0000001050
-0.0051924149
0.0000784597
0.0000000004
0.0042836466
0.0066394773
-0.0003990417
0.0252163317
0.0073934495
-0.0480460711
-0.0251656007
-0.0000000294
-0.0259007979
-0.0085180150
0.0000000014
0.0237867720
0.0000507163
0.0267604738
0.0141213285
-0.0093744639
-0.0590430424
-0.0733158961
-0.0566635765
-0.0948304906
-0.0010577077
-0.0000007629
-0.0494648553
-0.0489636213
-0.0610121526
-0.0800326541
-0.0289248582
-0.0866720527
-0.0822832733
-0.0697911158
0.0000015132
0.0183597859
-0.0339122526
0.0000000018
-0.0805781633
-0.0318269953
0.0000008229
0.0042733666
-0.0429808572
0.0000001122
-0.0649568290
-0.0002497082
-0.0389371105
-0.0000464417
0.0000000121
-0.0632644519
-0.0285670161
-0.0260350034
0.0000023287
0.0019514695
0.0000000000
-0.0000604868
0.0002134873
-0.0090337507
0.0008456461
-0.0078320699
-0.0019955495
0.0216556862
-0.0000000012
0.0041259727
0.0243371651
0.0057722302
0.0502872244
0.0048169317
0.0000271523
0.0001788375
0.0583562888
-0.0000000667
-0.0200491995
-0.0241224151
0.0000000035
0.0008528713
-0.0346996486
0.0350755900
0.0118056778
0.0024244727
-0.0258728713
0.0000000164
0.0338303298
-0.0295649040
-0.0029857652
-0.0216661673
-0.0663005710
-0.0712064207
0.0000000062
-0.0563266128
-0.0364381373
-0.0000002905
-0.0605745539
-0.1133783311
-0.0000009148
-0.0000000455
-0.0219914075
-0.0261117090
-0.0780807212
-0.0349665917
-0.0554691665
-0.0862106383
-0.0512146205
-0.0649841279
-0.0148040736
-0.0751440078
-0.0505849086
-0.0731415972
0.0040746490
-0.0332361013
0.0280508790
0.0194307975
0.0000000640
-0.0719749853
-0.0614875033
-0.0694530457
-0.0442819633
-0.0174650736
-0.0522769317
-0.0391327962
-0.0230614543
0.0000000173
-0.0412783176
-0.0099287657
-0.0110899201
0.0498167239
0.0048606838
0.0211584363
0.0038836075
0.0017018404
0.0322885029
-0.0117646437
-0.0000004064
0.0043174750
-0.0066751172
-0.0000126875
-0.0041185133
0.0000000233
0.0000019700
-0.0374846868
-0.0560117289
-0.0560395606
-0.0371440090
-0.0447016358
-0.0387610197
-0.0000481958
0.0037349248
-0.0125646191
-0.0431054756
0.0123963114
-0.0164335091
-0.0514208078
-0.0431794897
0.0000000204
-0.0000285159
0.0000000147
0.0227748826
-0.0643546581
0.0000000024
-0.0348871499
-0.0245342739
-0.0656644180
-0.0098187709
-0.0721944124
-0.0705226660
-0.0353322141
-0.0785070136
-0.0389378667
-0.0480992533
-0.0417007469
-0.0936976075
0.0071772686
-0.0212013721
0.0000002458
-0.0272969995
-0.0338443629
0.0104478942
-0.0324727409
0.0000000891
-0.0013428236
-0.0253665149
0.0213402882
-0.0372882225
-0.0358242802
0.0001496780
-0.0323499553
0.0006317335
0.0046864334
0.0209194701
0.0448964611
0.0003804225
0.0000158958
0.0067456136
0.0000002175
0.0275867693
-0.0180324484
0.0205640849
-0.0400218591
0.0000002064
0.0393526182
-0.0017666365
-0.0975741223
-0.0399485677
-0.0453082137
-0.0284698270
0.0000000598
-0.0000285641
0.0432832502
-0.0281355958
0.0000895062
-0.0000000604
0.0348934717
-0.0144045772
0.0096575581
-0.0275736339
0.0270314068
-0.0000868748
0.0571295097
-0.0682694465
-0.0759301335
-0.0632136315
-0.0000003611
-0.0527323112
-0.0000429959
-0.0795166567
-0.0559860617
0.0282231513
-0.0473185405
-0.0680099279
-0.0309279300
-0.0210445002
-0.0637579784
-0.0108875725
0.0327553265
-0.0650062412
-0.0807520524
-0.0615685917
0.0069597894
0.0000000001
-0.0128636407
0.0000003141
0.0388954617
0.0000000339
-0.0000176737
-0.0000252916
-0.0604832694
0.0000000102
-0.0498021729
-0.0021930032
-0.0000001423
-0.0123898638
-0.0065091085
0.0024491348
-0.0000007493
0.0109875817
-0.0102785518
-0.0000000048
-0.0516973063
-0.0277593005
-0.0000070983
-0.0253068041
0.0137245702
-0.0111194244
-0.0000000125
0.0112101864
0.0109398812
-0.0305384882
0.0306796990
-0.0376628861
0.0013467327
-0.0066241561
-0.0218685456
0.0005245353
-0.0300460178
-0.0000001281
0.0091302674
-0.0000000300
0.0002046443
0.0132987462
-0.0040011196
-0.0231667031
-0.0226986594
-0.0089858565
-0.0127141559
-0.0745080560
-0.0578408241
-0.0479024090
-0.0400360413
-0.0529833920
-0.0783226639
-0.0633423477
-0.0747817382
-0.0761998445
-0.0678878278
-0.0496652350
-0.0222908240
-0.0241044406
-0.0598329157
-0.0537512191
-0.0333970860
-0.0737110823
0.0079857018
-0.0361739807
-0.0617225245
-0.0552318692
-0.0717371106
-0.0003412482
-0.0512536168
-0.0520782061
-0.0103081884
0.0000685889
0.0004083909
0.0006377755
-0.0183582902
0.0096998969
0.0000260681
-0.0178549644
0.0118149025
0.0001852119
0.0374079198
-0.0094953468
-0.0007135431
0.0002328618
0.0000122618
-0.0000000030
0.0112435054
-0.0264449269
0.0019136807
-0.0065938388
-0.0000000110
0.0078696087
-0.0834130943
-0.0371263362
-0.0085463822
-0.0115360487
0.0067471219
-0.0408431888
-0.0345858186
-0.0020605244
0.0001286612
0.0093405778
-0.0252968054
-0.0264799111
0.0172068756
-0.0255546607
-0.0000029362
-0.0719868168
0.0027206468
0.0372547060
-0.0663006231
-0.0662982091
-0.0499839596
-0.0000000082
-0.0682549477
-0.0435526036
-0.0485599041
-0.0566954650
-0.0695854053
-0.0578813031
0.0037283192
-0.0578325726
0.0058976323
-0.0351406895
-0.0027744656
-0.0521556176
-0.0000000048
-0.0000002048
-0.0821109712
-0.0439220555
-0.0007850578
-0.0370283388
-0.0063534467
-0.0357382856
0.0289116818
0.0178157128
-0.0305610467
-0.0003811122
-0.0000000206
0.0000000001
0.0073226299
0.0018346299
-0.0060112481
-0.0037219895
-0.0010942082
0.0056766942
-0.0000000176
-0.0000263838
0.0012294421
0.0048330654
-0.0000001360
-0.0009607436
0.0014679659
0.0128527582
0.0008110976
-0.0326107815
0.0207055230
-0.0000004345
0.0063509485
0.0018193723
-0.0000009186
-0.0223787725
-0.0000000744
-0.0333445109
-0.0008213743
0.0237338357
-0.0275725760
0.0005462324
-0.0214897394
-0.0504582897
0.0000033900
-0.0546467118
-0.0000001002
0.0000005326
-0.0725286976
-0.0408252552
0.0316918641
-0.0481388904
-0.0686038435
-0.0654508024
-0.0006826677
-0.0639093369
-0.0361409448
-0.0459825210
-0.0393371396
-0.0031713187
-0.0013094315
-0.0761900842
-0.0612260699
-0.0361641049
-0.0545041785
-0.0341470614
-0.0263586771
0.0094566410
-0.0258417353
-0.0613877364
-0.0511086285
-0.0299313199
0.0081572281
0.0207526665
-0.0253574587
-0.0920538157
-0.0265971869
0.0237689130
-0.0157704148
-0.0261559784
0.0158591699
-0.0000026347
0.0195446555
-0.0297977105
-0.0390083157
-0.0037116737
-0.0181250330
-0.0093534123
-0.0097459033
0.0000000039
0.0127026169
0.0421319753
0.0172430575
-0.0054865540
0.0000113593
0.0298334677
-0.0242840648
-0.0017250932
0.0003046592
-0.0066101397
-0.0074126800
-0.0403625965
0.0003470316
-0.0338888876
-0.0455094203
-0.0018816964
-0.0217570830
-0.0554649420
-0.0256483573
-0.0550825521
-0.0634882599
-0.0769114420
0.0122538423
-0.0389341004
-0.0968720019
-0.0475584976
-0.0430190787
-0.0337296650
-0.0002879960
-0.0449672677
-0.0497490130
0.0000224553
-0.0092892312
0.0001831238
-0.0000251302
-0.0397876129
-0.0442697816
-0.0073656724
-0.0501591004
-0.0370199420
-0.0604668669
0.0001941043
-0.0253616069
-0.0035148780
-0.0116815902
0.0000086868
-0.0625681654
-0.0320571102
-0.0306312870
-0.0257927813
0.0006280252
-0.0004508155
-0.0504629388
-0.0000000673
0.0454973765
0.0000000260
-0.0176884867
-0.0000014020
0.0225505419
0.0180400796
-0.0351066254
0.0000134524
0.0000000600
-0.0001616980
0.0441457182
-0.0000002927
0.0183515884
-0.0000000028
0.0034120395
-0.0000009540
-0.0038286198
-0.0008716321
0.0000028220
0.0131911384
0.0190978777
0.0000010094
-0.0257144943
-0.0321237408
-0.0345387049
-0.0033750071
0.0011867005
0.0006050465
-0.0332326703
-0.0003270114
-0.0459042564
-0.0000691692
0.0347341336
-0.0500418954
-0.0559820198
-0.0002965115
-0.0130693512
-0.0000002923
-0.0281381235
-0.0211113002
-0.0274618957
-0.0441256501
-0.0766382664
-0.0417542346
-0.0211070906
-0.0222685542
-0.0001101095
-0.0001458630
0.0004232626
-0.0000233099
0.0000001075
-0.0242539160
0.0003663262
0.0000000093
-0.0042955745
0.0000133138
-0.0008872097
0.0004731677
-0.0538360998
-0.0357169621
0.0000513139
-0.0289525799
0.0296585262
-0.0000006516
0.0000000004
0.0000000100
0.0000071232
-0.0543698259
-0.0267101005
-0.0000006632
-0.0026060119
-0.0204338748
-0.0000003642
0.0192254130
0.0479751416
0.0162583515
0.0446834490
0.0079934588
-0.0000001871
0.0195479691
-0.0000005681
0.0036562092
-0.0077150092
-0.0291810539
-0.0204595365
-0.0003354496
-0.0401437767
0.0000000008
-0.0716835409
-0.0024409851
-0.0089250235
-0.0146093117
-0.0002454904
-0.0376765542
0.0000009777
0.0033506406
-0.0057920148
-0.0099313147
0.0153424321
0.0255753100
0.0093509378
-0.0001801767
-0.0530083552
-0.0265725683
-0.0086294618
-0.0404323786
0.0000008056
-0.0632205382
-0.0030839755
0.0000168765
0.0001049677
-0.0256409906
-0.0343161970
0.0008390545
-0.0295059122
-0.0321715586
0.0000000137
0.0002746322
-0.0004372071
-0.0836237371
-0.0000019432
0.0000545625
0.0001091973
0.0047269026
-0.0061399150
-0.0000000228
0.0080859419
0.0129359569
-0.0272671673
-0.0000162634
-0.0007811051
-0.0203613173
0.0004020058
0.0000306641
0.0145009421
0.0009890978
-0.0140920673
-0.0158177614
0.0001104989
0.0017270162
0.0241976827
0.0080977893
-0.0284487735
-0.0016712906
0.0004914227
-0.0059714098
-0.0000015180
-0.0114552202
0.0056945505
0.0194787607
0.0207202192
-0.0197045226
0.0007894316
-0.0483460426
-0.0281916764
-0.0140199577
-0.0040505715
-0.0484696887
-0.0219085813
0.0227487888
0.0053346879
-0.0001476223
0.0040435363
-0.0002054441
-0.0000000116
-0.0033331185
-0.0000100540
0.0248578489
0.0000660899
0.0011041570
-0.0472099259
0.0000000162
-0.0162580330
-0.0513533726
0.0000000278
0.0091956677
-0.0002550622
-0.0071716262
0.0021598854
0.0423647091
0.0000016648
0.0000002086
0.0000000128
-0.0125897806
-0.0063981642
0.0080175633
-0.0014683389
-0.0000000124
0.0003828122
-0.0549918935
-0.0000000147
0.0000121810
0.0026722357
0.0002647747
0.0000170430
-0.0415033475
0.0132913450
-0.0154740093
-0.1140524372
-0.0254578553
0.0014592364
0.0185261425
-0.0077841976
0.0135308830
-0.0002989504
0.0356099643
0.0049678688
-0.0129850348
-0.0000013356
-0.0325719304
0.0000001975
0.0383304395
-0.0000005526
-0.0000061658
0.0452059768
-0.0509860180
-0.0000002554
-0.0209247246
-0.0170940179
-0.0000004851
0.0000000487
-0.0458229817
-0.0062631057
0.0017997316
0.0407366678
-0.0317606330
-0.0104666455
-0.0435508117
0.0000000005
-0.0160603728
0.0152970208
-0.0061383089
0.0000000001
-0.0655987710
0.0077447835
-0.0528111234
-0.0000012183
0.0002008239
-0.0010073612
-0.0052127563
-0.0400109664
0.0033857990
0.0059999777
-0.0175410248
-0.0489064269
-0.0128023559
-0.0339148045
-0.0004282170
0.0014484609
0.0000000238
-0.0000050998
-0.0010737663
-0.0017156438
0.0188622065
0.0017094391
0.0263428800
-0.0001823325
0.0001212638
-0.0005583959
-0.0000001435
-0.0036029262
-0.0191790890
-0.0219097007
0.0013359173
0.0031568187
0.0396986306
-0.0320527703
-0.0000033013
0.0189210940
-0.0000002119
-0.0027613959
0.0000065692
-0.0009375151
-0.0014502410
0.0000003154
0.0000008503
-0.0166718401
-0.0457619652
-0.0080762208
-0.0000003194
-0.0120714614
0.0000078472
-0.0027474053
-0.0096874870
-0.0000000376
0.0000035597
-0.0005681178
0.0004733867
-0.0299680457
-0.0141093526
-0.0190062039
0.0000009644
0.0196474269
-0.0243665613
0.0189201701
-0.0456312150
-0.0607030727
-0.0037711393
0.0004309085
-0.0130660729
-0.0284853652
-0.0087479260
-0.0064180563
0.0000000433
0.0008574911
-0.0013487277
0.0037574868
0.0098311212
-0.0134818805
-0.0163070131
0.0012924130
0.0256363899
-0.0212274287
-0.0342276730
0.0510376543
-0.0000003570
-0.0289282277
-0.0012645052
0.0000000281
0.0594854206
-0.0034047791
0.0158776157
-0.0021749851
-0.0435920209
-0.0063713277
-0.0000401474
0.0340120979
0.0000001641
0.0226631761
0.0023143964
0.0158847980
0.0033225848
0.0180744752
0.0000056434
0.0121866213
-0.0000044545
0.0193788446
-0.0372690819
-0.0000000009
-0.0028082724
-0.0103187226
-0.0388937220
-0.0101055829
0.0000000207
-0.0010395483
-0.0012826843
0.0000091492
-0.0017174502
-0.0000007654
-0.0384964682
0.0026467149
-0.0287217107
-0.0191922951
-0.0242577363
-0.0001741941
-0.0445469432
0.0037582028
-0.0008914325
-0.0525511838
0.0001360637
-0.0163014047
0.0007596187
-0.0000000726
-0.0005744727
-0.0257909615
-0.0000151718
-0.0008336533
-0.0227774363
0.0055006268
0.0000000133
0.0067608422
-0.0005132034
-0.0127667170
-0.0008763819
0.0057952977
-0.0018013550
-0.0091486061
0.0005847451
0.0003018218
-0.0005176564
-0.0001768947
0.0046325927
0.0084850807
0.0314190201
-0.0000000240
0.0152069516
0.0000000128
-0.0000000114
0.0048397062
-0.0362379812
0.0254973583
0.0432323962
-0.0028788017
-0.0000000053
0.0184117649
0.0105866333
-0.0428083614
-0.0125564337
0.0056567923
-0.0030093594
0.0000002830
0.0000001160
-0.0021184126
0.0000036131
-0.0341902263
-0.0346141569
-0.0000001548
-0.0001511775
-0.0000001227
-0.0296356566
-0.0002114078
-0.0005553387
0.0002091932
-0.0000004379
0.0241692290
-0.0003707850
-0.0316897482
0.0007166640
-0.0114268390
-0.0124192294
0.0021941601
-0.0179668348
-0.0594371483
-0.0405679867
-0.0313990973
-0.0425030515
-0.0052491599
-0.0369763598
-0.0217390712
-0.0082368013
-0.0001041123
-0.0479610711
-0.0339054056
0.0000001999
-0.0397179723
0.0117693357
0.0155625604
0.0000000174
-0.0008402945
-0.0430660583
0.0000856486
-0.0000002418
0.0330839157
0.0063207988
0.0000011996
0.0000244400
0.0324907526
-0.0160569716
-0.0000000174
0.0253669284
0.0329337418
0.0009032688
0.0000122365
0.0000969896
0.0047461442
0.0000016309
0.0000003207
-0.0097341789
0.0132740773
-0.0064680995
-0.0219112113
0.0375687703
0.0288741738
-0.0003106088
0.0097469464
0.0043934910
-0.0289683081
0.0202024169
-0.0000544409
-0.0693761706
-0.0135535542
0.0000000088
0.0001851470
-0.0000000011
-0.0258216504
-0.0000165743
-0.0381215923
-0.0238211174
0.0079204990
-0.0248450134
-0.0331222601
0.0229890775
0.0275194086
-0.0357326530
-0.0093015190
-0.0077561494
0.0000208946
0.0002962586
-0.0403251685
0.0006319247
-0.0405220278
-0.0000000435
-0.0000032011
0.0014009345
0.0000007586
-0.0213260856
-0.0385642461
-0.0263077579
0.0006974597
0.0348049514
0.0134997815
0.0142260771
0.0023764931
0.0018236972
0.0108938450
-0.0361966118
0.0415669531
-0.0225948803
0.0217868425
0.0000006122
-0.0087511512
0.0060523376
-0.0145376930
-0.0000000815
0.0004345131
-0.0000454359
0.0033449917
-0.0249184445
-0.0007528250
-0.0024747152
-0.0025916521
-0.0226450134
0.0436624847
0.0042420649
0.0034840186
-0.0073594619
0.0015018570
0.0000000243
-0.0001561596
0.0146058137
-0.0036958696
0.0000338980
-0.0000001016
0.0051745046
0.0037253564
0.0070319618
-0.0000000255
-0.0000000202
-0.0252812207
-0.0000020751
0.0410746969
-0.0259779170
-0.0460413583
-0.0106066773
-0.0202876870
-0.0427751504
0.0183446147
-0.0245524775
-0.0534042381
-0.0481744744
-0.0000056749
-0.0273494273
0.0011258242
-0.0436062738
0.0000000188
-0.0105327880
-0.0009387909
-0.0023472686
-0.0133063328
-0.0002019255
0.0008329926
0.0014811010
0.0038540501
-0.0000005236
-0.0136731621
-0.0151860090
0.0000000064
0.0225535762
-0.0000356383
0.0222139601
-0.0097891157
-0.0000455680
-0.0000003751
0.0302533880
-0.0189226586
-0.0046632788
-0.0024752303
0.0000000223
0.0097828479
-0.0158680808
0.0000000121
-0.0026528717
-0.0107438322
0.0180656500
0.0117029827
0.0039773886
0.0052055735
-0.0000522988
0.0099378470
-0.0002322207
-0.0240201391
0.0000000227
-0.0038664378
0.0064431531
0.0108579937
0.0000010244
0.0122440979
-0.0097886408
-0.0122554507
-0.0017651650
-0.0395747051
-0.0295735728
-0.0104146032
-0.0000001529
-0.0098885112
-0.0096550947
-0.0164232980
0.0011947395
-0.0150354700
-0.0294477921
-0.0287892502
-0.0071274191
0.0002658026
-0.0000229672
-0.0041996501
-0.0114612021
-0.0001037978
-0.0464756452
-0.0132154776
0.0053680926
0.0038587644
-0.0000431108
-0.0081914524
0.0001179043
-0.0000126497
-0.0017618119
0.0145829869
-0.0134726642
0.0045504477
0.0238539539
0.0092860078
0.0301652793
-0.0269851126
-0.0000002652
-0.0525934547
0.0199295785
0.0021013182
0.0208118707
0.0141115664
0.0161072966
-0.0024977778
-0.0019514532
-0.0086725652
-0.0266118255
-0.0000001552
-0.0252219830
0.0011396357
0.0000000946
0.0266192481
0.0459147617
-0.0093289642
0.0316837430
0.0255793259
0.0087159630
0.0020620418
-0.0000023984
0.0260650627
-0.0000202899
-0.0409186855
0.0000005758
0.0044922694
-0.0044475482
0.0273338240
0.0000004581
0.0157669876
-0.0000007247
-0.0000004347
-0.0003053323
-0.0023959919
-0.0267668478
0.0020755716
-0.0000044564
0.0210808702
0.0091001960
0.0004301844
-0.0260127895
-0.0011788877
-0.0062662736
-0.0268220734
-0.0365876257
0.0083984826
-0.0065199328
-0.0438502692
-0.0000043864
-0.0293662958
-0.0000003260
-0.0012017041
-0.0260073580
0.0048783077
0.0166988671
0.0000029266
0.0010084896
0.0036951744
0.0336247794
0.0001060793
0.0126062520
-0.0002273122
-0.0094081732
0.0212134328
0.0161712449
0.0121155661
0.0136936614
-0.0031627712
-0.0000681168
-0.0000824802
0.0215629209
0.0128998058
-0.0317487754
0.0000139552
-0.0000251495
0.0000023732
-0.0038481189
0.0176967420
0.0000002126
-0.0002632285
-0.0000012925
0.0034269004
-0.0003855708
-0.0238791369
0.0145520605
0.0456669964
-0.0001722292
-0.0000005665
-0.0000018094
-0.0084523465
-0.0023712632
-0.0000000111
0.0185935553
-0.0115858531
0.0022327313
0.0126328683
-0.0178300794
-0.0000099375
0.0000002502
0.0000017496
0.0000184272
0.0000716102
0.0158402137
0.0131679373
-0.0000001450
-0.0178724322
-0.0000170235
0.0000000381
0.0000041766
0.0209530629
-0.0240402613
0.0000007610
-0.0339760408
-0.0016269422
0.0001382692
-0.0073898113
0.0036125144
-0.0339870527
0.0000021696
0.0213891417
0.0001723198
0.0166814737
0.0022481796
0.0140534071
-0.0000402774
-0.0108959973
0.0052139354
0.0370511487
0.0093254736
-0.0235957894
0.0030888100
0.0092125330
0.0453512296
0.0012191695
-0.0097637298
-0.0153796403
-0.0016414414
-0.0000000084
-0.0064726081
-0.0001719861
-0.0166445114
-0.0001902897
0.0000021654
0.0091644926
0.0000000693
0.0000000169
0.0000017210
0.0003900102
-0.0406756029
-0.0000314311
0.0000025095
-0.0343679003
-0.0245646778
0.0273631215
-0.0450016558
-0.0048056035
-0.0497542024
-0.0375418328
0.0000053881
0.0000000017
0.0170215145
-0.0190441087
-0.0010441081
0.0142483944
-0.0000001275
0.0225449763
0.0016743820
-0.0001939290
-0.0008744240
0.0141680511
0.0497595072
-0.0000000821
0.0005703093
-0.0000014691
0.0361670591
-0.0012015438
-0.0004531323
-0.0035904264
0.0120299244
0.0385082811
0.0326089375
0.0131831504
0.0243080035
-0.0032278276
0.0016053329
0.0000000272
-0.0371562690
0.0043106680
-0.0348154269
-0.0000028928
0.0241327509
0.0013810209
0.0000139258
0.0000486734
0.0073620854
-0.0036466492
0.0131509323
0.0072758920
-0.0000000088
-0.0000888121
0.0129295895
-0.0001494768
-0.0003080962
0.0311192106
-0.0578126758
0.0000050797
0.0065754573
0.0230777990
0.0000202017
0.0012425964
-0.0514417216
0.0007970586
-0.0405368768
0.0000001815
0.0000091104
-0.0093682390
0.0000005598
0.0004579076
0.0472984277
0.0009426160
0.0000022971
-0.0000001881
0.0000002190
0.0132233072
0.0312468428
0.0335324742
0.0241467692
-0.0039220960
-0.0073689329
-0.0000006758
-0.0006198761
-0.0000031938
-0.0000000200
-0.0042236638
0.0040733423
0.0064064795
0.0356877483
-0.0025358645
-0.0317065604
0.0000000162
0.0374460295
0.0000004452
0.0080898311
0.0167477019
0.0236152150
0.0001004001
0.0188431349
0.0098347180
0.0227411203
0.0289420746
-0.0051974449
-0.0004160106
-0.0052839974
-0.0320618115
-0.0060325819
0.0053536305
-0.0000004237
-0.0486396365
0.0053649610
-0.0192724653
-0.0062657935
-0.0001488672
-0.0002327820
0.0366119035
0.0048110532
0.0064311260
0.0002427651
-0.0127887614
0.0017970124
-0.0349300541
0.0304831695
0.0000296250
0.0171325207
-0.0000007408
-0.0214409009
0.0118708042
0.0275815018
-0.0000000146
0.0034185729
0.0000365307
0.0067970986
-0.0000000470
0.0154612372
0.0000378176
-0.0029343427
0.0000001064
0.0000000753
-0.0314549059
-0.0410539471
-0.0000008080
0.0047534555
-0.0000000490
-0.0082930289
0.0000000003
-0.0002488034
-0.0000000038
0.0086141964
-0.0064235898
0.0000000671
-0.0000000891
0.0000035324
-0.0024763299
0.0137927448
0.0206984580
0.0001009311
0.0261288583
-0.0000173067
-0.0000000046
-0.0252902340
-0.0000413565
0.0000000052
0.0129151791
0.0525876991
-0.0009795297
0.0472967140
-0.0000022814
0.0000001510
-0.0396235436
0.0409648158
0.0000000007
0.0001705003
0.0028012930
-0.0118320743
0.0016364204
0.0357591771
-0.0421499312
-0.0462585986
0.0031844617
-0.0000001774
0.0000201348
0.0092061209
-0.0085442672
0.0029708687
-0.0000000033
0.0202242546
0.0432083420
-0.0000192198
-0.0164784398
0.0006424708
-0.0407691263
-0.0280375946
0.0000170905
-0.0113095371
-0.0005351389
0.0123439310
0.0201111082
0.0035367303
-0.0000000293
0.0191275720
-0.0132646328
0.0037092008
-0.0002463949
-0.0167346969
-0.0101316758
0.0000360982
-0.0302202534
-0.0000008504
-0.0095937792
0.0250445213
-0.0002256240
0.0054604188
-0.0000096965
-0.0585238189
0.0000000057
-0.0326814316
-0.0007402695
-0.0165438838
-0.0000000665
0.0178094264
-0.0000000288
0.0132863596
0.0001763904
-0.0000001970
-0.0000002807
0.0000000031
0.0000000678
0.0000039539
0.0187295452
-0.0000000375
0.0447419770
-0.0071213562
-0.0317461006
0.0027451564
-0.0090837255
-0.0096875448
0.0168951973
-0.0000000006
-0.0152519932
0.0400240608
0.0435456224
0.0000040295
-0.0000000338
-0.0586717874
0.0326383933
0.0000002295
-0.0485902466
-0.0144986277
0.0000004801
0.0000000043
-0.0325510018
0.0000006106
0.0124959983
0.0000000227
0.0003242210
-0.0000002749
-0.0238187779
0.0000000583
-0.0002973948
0.0000247279
0.0028004565
-0.0252936743
-0.0178432781
0.0093047768
-0.0461491980
0.0366018042
-0.0270293914
-0.0206860416
-0.0000000035
-0.0151390927
0.0179664865
0.0247258805
-0.0170588046
0.0003018547
0.0414402857
-0.0482031070
0.0010207292
0.0001107807
-0.0000000434
0.0000037566
0.0145422723
0.0000015711
0.0401117206
0.0030542687
0.0113137364
-0.0000361923
-0.0001532027
0.0011351199
0.0173279736
0.0058910507
-0.0000295195
-0.0154293124
-0.0104058571
-0.0194873083
-0.0260516070
0.0000000808
0.0049830759
0.0000000365
-0.0307206102
-0.0044308943
-0.0300728492
0.0221655443
-0.0314877033
-0.0254215505
-0.0450264476
-0.0442606993
-0.0292887520
0.0311996080
0.0002152293
-0.0127296001
-0.0000000266
-0.0056318892
0.0257086810
-0.0197852850
-0.0288420375
-0.0000000381
0.0225231778
0.0031603267
-0.0308630243
0.0530284569
0.0063776104
0.0283902083
-0.0000029674
0.0000072327
-0.0278785955
0.0001535763
-0.0426950045
0.0123792142
-0.0016304892
0.0292633642
0.0000146990
0.0000000008
0.0385813750
-0.0176145360
-0.0058562644
-0.0099685909
-0.0000000019
-0.0650392473
-0.0000001278
-0.0468104482
0.0086329170
0.0458063446
-0.0391188115
-0.0493558496
0.0000000164
-0.0378334895
-0.0000010235
0.0000110241
0.0000004783
-0.0027434852
0.0451638736
-0.0041785026
0.0597805269
0.0367644653
-0.0010071803
0.0002156341
-0.0000000399
-0.0000231667
0.0004914326
0.0078921290
0.0000024843
-0.0044698450
0.0026214633
-0.0000127878
-0.0196903497
0.0000003607
-0.0043097194
0.0000000051
-0.0286866650
-0.0208853837
0.0427025557
-0.0465345085
0.0000000841
-0.0000001246
-0.0000530774
0.0000000644
0.0015823308
0.0000075509
0.0000032629
-0.0008954215
0.0008657238
-0.0134165594
-0.0485989712
-0.0000044228
-0.0001584949
-0.0000002124
-0.0000053346
-0.0000012104
-0.0167082008
0.0244003925
0.0120326132
-0.0269819126
-0.0000008032
-0.0292255878
0.0159139670
-0.0000698550
0.0361766145
-0.0191267114
0.0339713953
0.0000000384
-0.0168554336
0.0054665711
0.0012067410
0.0321440808
0.0000001739
0.0070461091
-0.0455329567
-0.0315188281
0.0128374817
-0.0103463633
0.0000620986
0.0260494966
-0.0071715484
-0.0056825508
-0.0006556537
-0.0530421063
-0.0179540645
-0.0020681680
-0.0308899116
-0.0015178134
-0.0000377686
-0.0000000051
0.0000004911
-0.0162236989
-0.0217507817
-0.0149903893
0.0028774920
-0.0382356308
-0.0476722047
0.0013558024
0.0436145030
-0.0004627013
0.0538442545
0.0020655897
-0.0422161371
-0.0013430995
0.0438779369
0.0030738239
-0.0000076029
-0.0352738909
-0.0203622766
0.0103304712
0.0000158630
0.0104680620
0.0184689518
0.0258072875
0.0000001142
-0.0000000061
-0.0037112106
0.0028648018
0.0000443352
-0.0273520947
-0.0177744459
0.0339703560
0.0000002201
0.0138685796
-0.0420794785
0.0090372311
-0.0396001339
0.0069218595
-0.0066477945
-0.0251623616
0.0307869129
0.0000008664
-0.0625528619
0.0457286201
-0.0617977716
0.0000000969
0.0155961541
-0.0226346776
0.0257935785
-0.0000387385
-0.0000014229
-0.0193325635
-0.0135390218
0.0000461938
-0.0135670109
0.0366302095
0.0000000736
0.0079155136
0.0013745092
-0.0361956470
0.0006559977
0.0416123755
-0.0288149677
-0.0000005884
0.0123020485
0.0520194657
-0.0000004332
0.0028359657
0.0178268105
-0.0197459180
-0.0002549841
0.0000026974
-0.0255777817
0.0027400998
0.0000000276
-0.0018695488
0.0029412040
0.0005002249
0.0000041145
-0.0000250632
-0.0334687084
-0.0051122173
0.0210578702
0.0062421318
0.0043809628
0.0007029980
0.0015470637
-0.0174409281
-0.0091114314
0.0000000152
-0.0000708451
-0.0000000019
-0.0011399928
-0.0023098560
-0.0243062638
-0.0216943901
0.0024246611
0.0002903980
-0.0020201690
-0.0000000178
0.0284551028
0.0347319730
-0.0317120329
-0.0317739248
-0.0196626186
0.0121883294
-0.0000003060
0.0000191183
-0.0000039137
-0.0000066604
0.0000000039
-0.0039722584
0.0006389825
-0.0322747082
0.0030976057
0.0008911042
0.0139521528
0.0127507150
0.0001244731
-0.0000175530
0.0010954641
-0.0000004902
-0.0000023333
-0.0005455803
-0.0517072901
-0.0095982468
0.0014267967
-0.0036259971
-0.0139070991
0.0002953675
0.0100277252
-0.0000160944
-0.0111474050
0.0255615078
0.0001505655
-0.0003497576
-0.0224246159
-0.0000000043
0.0045909947
0.0175347757
0.0339433923
0.0128892027
-0.0003142431
0.0003011212
-0.0000263910
-0.0002155713
0.0400773063
0.0239901170
-0.0445816331
-0.0408241823
-0.0089618275
0.0027080136
0.0173194762
-0.0003349671
0.0004112601
-0.0033060990
0.0004517302
0.0470113382
0.0005921609
0.0000000022
0.0132914027
-0.0000006149
-0.0598481484
-0.0078286985
-0.0000001010
-0.0001285381
-0.0137464562
0.0000109774
0.0398393013
-0.0079495581
0.0145901963
-0.0109376600
0.0249255784
-0.0403170250
-0.0001138503
0.0000156214
0.0000970621
-0.0000001894
0.0092539471
-0.0083373887
0.0031567498
-0.0000000414
-0.0000007264
-0.0405171104
-0.0229660254
0.0257267654
-0.0363132246
-0.1013987809
-0.0065304916
0.0051964484
-0.0000021234
-0.0000008245
0.0105465939
0.0136205573
-0.0000249588
-0.0072969859
-0.0000000405
0.0001031918
0.0022739999
0.0004364002
0.0000002832
0.0000000725
0.0054806159
0.0343095288
0.0000005492
0.0025658049
0.0000011265
0.0006146593
0.0002593804
-0.0000344229
-0.0001939648
-0.0398114026
0.0034081000
-0.0000000160
0.0000000991
0.0000000032
0.0015255529
0.0052457703
-0.0000000502
-0.0045971740
-0.0000320596
0.0129896151
-0.0033715828
-0.0745822862
-0.0164511241
-0.0037770697
-0.0000003222
0.0041036606
0.0010468420
0.0000101274
0.0009299248
0.0232757349
-0.0016099260
0.0033522272
0.0364190787
0.0280392896
0.0002286382
0.0000316093
0.0032241994
-0.0357922576
-0.0003449280
-0.0005229787
-0.0250472631
0.0084153796
0.0000004234
0.0083644018
0.0000008586
-0.0000004523
0.0074261944
-0.0166242961
-0.0010932249
-0.0010035330
0.0000048930
0.0006792562
0.0000000584
-0.0239372738
0.0003694149
0.0000003074
-0.0051313522
0.0171053596
-0.0012391093
0.0000006400
0.0000000901
-0.0000016214
0.0000263118
-0.0083777681
0.0000460049
0.0075964243
-0.0000100665
0.0018162321
0.0109687047
0.0030121394
0.0061171008
0.0013011073
0.0263226088
-0.0259214342
0.0140638063
0.0000200697
0.0357381478
-0.0020070591
0.0030020655
0.0000030533
-0.0008704675
-0.0043883421
0.0076727173
-0.0017438740
-0.0315640308
-0.0000000527
0.0000000029
-0.0252882373
0.0000804126
-0.0000000006
-0.0005208534
0.0036797554
-0.0000000029
0.0448842868
-0.0305679776
0.0248013586
0.0144678643
-0.0005898260
0.0001311515
-0.0148002068
0.0178297851
0.0094320746
-0.0000131158
0.0241874848
0.0000355548
0.0001546687
0.0000158175
0.0152746225
0.0000271764
-0.0000447757
-0.0123804547
-0.0000197197
0.0079703573
-0.0226649269
0.0004304844
0.0000356466
0.0000000219
0.0000000752
-0.0000015670
-0.0450857542
0.0012961838
0.0003058599
0.0000000240
-0.0010962668
-0.0000001651
-0.0000000126
0.0034401203
-0.0082784854
0.0223259721
-0.0000003940
-0.0041901176
0.0000000206
0.0025579107
0.0000880595
0.0171755720
0.0427546613
0.0022621076
0.0008608771
0.0011540091
0.0292161815
0.0000000033
0.0357173979
-0.0063394830
0.0311519559
0.0000636530
-0.0162158534
0.0001451285
-0.0000000771
-0.0121594183
-0.0023441971
-0.0000033491
-0.0000004359
-0.0104255993
0.0184420906
-0.0275697187
0.0000006890
-0.0242443681
0.0017433662
0.0096372934
-0.0003258181
-0.0283909049
0.0000002000
-0.0202904623
-0.0070608566
-0.0491540693
-0.0000001638
-0.0259366408
0.0108956276
0.0332479738
-0.0005603518
0.0247406401
-0.0000001603
-0.0133945988
0.0001954681
0.0001873002
-0.0124519058
0.0090983799
-0.0000346862
-0.0310654324
0.0000000118
0.0078745019
0.0000000000
0.0000000145
0.0000000434
-0.0257831234
0.0504292324
-0.0063749645
-0.0303933565
0.0000002044
0.0180623103
0.0114369364
0.0087996507
0.0150966281
-0.0369573981
0.0204284098
-0.0219395012
0.0373715684
0.0010787277
-0.0392473787
0.0125355460
-0.0000000130
-0.0064048111
-0.0008481286
0.0000316448
0.0070134480
0.0003922900
-0.0000000874
0.0001852939
-0.0231266767
-0.0018065859
0.0000005626
-0.0000962432
-0.0000000007
-0.0113327671
0.0119776679
-0.0109654656
0.0022597224
-0.0000000157
-0.0018592369
-0.0049232980
0.0175745338
-0.0000001153
-0.0015402921
-0.0470005684
0.0245380271
-0.0000667684
-0.0001677414
0.0000000505
-0.0016927687
0.0000005824
-0.0350813828
0.0000223134
-0.0002881180
0.0009698492
-0.0265588816
-0.0000744698
-0.0051731705
-0.0145078432
0.0419986248
-0.0612466559
-0.0000008590
-0.0230679326
0.0336508118
-0.0010940677
-0.0000045848
-0.0254618041
0.0000000525
0.0085941143
-0.0000523378
-0.0000028132
-0.0335150622
0.0050755986
0.0218697395
-0.0223224312
0.0000000454
-0.0000745496
-0.0045126062
0.0426618680
-0.0000006415
-0.0111134527
0.0000000149
-0.0017730857
-0.0000000300
-0.0552766025
-0.0225612298
0.0000004761
-0.0242184848
0.0391569138
0.0000010228
0.0090655908
0.0182106178
-0.0363256186
-0.0221561324
-0.0160846096
-0.0000025346
-0.0180562790
0.0068919500
-0.0000001105
-0.0263508875
0.0000000349
-0.0406724326
0.0262479633
0.0299530160
-0.0108610000
0.0000000358
-0.0000001038
-0.0278939195
0.0000028841
0.0000919195
-0.0287026130
0.0000003024
0.0000037447
0.0196433254
-0.0445811711
0.0000000090
0.0000000339
0.0063629234
-0.0275434814
-0.0418884605
-0.0061138901
-0.0000004252
-0.0096786330
0.0000000306
-0.0000000413
0.0001535182
-0.0057590217
0.0256950781
0.0000001861
-0.0003345638
-0.0041329544
-0.0327957794
0.0000000175
0.0066947835
0.0184385795
-0.0252058823
-0.0169637501
0.0437969156
0.0297023319
0.0000000059
0.0078802714
0.0020714744
-0.0342342593
0.0000001129
0.0048803543
0.0000008168
-0.0049686972
0.0080340682
-0.0000000798
0.0116594676
0.0000003597
0.0140051441
-0.0057018204
0.0009267963
-0.0341548100
0.0107416939
-0.0060335030
0.0263067540
-0.0005987033
0.0008614015
0.0122585446
-0.0181874316
0.0058082258
-0.0421668403
0.0002287108
0.0000000084
-0.0000000251
-0.0053834142
0.0171950292
0.0412568562
0.0051760599
-0.0063498751
-0.0000004754
0.0016560160
-0.0238973442
0.0002809048
0.0406769589
-0.0453219078
0.0000055055
-0.0005217958
-0.0000016849
-0.0305218827
0.0026879476
-0.0002767639
0.0000637390
-0.0153595386
0.0065194331
0.0103412084
0.0000166892
0.0040286565
-0.0438441299
-0.0000802586
0.0190113075
0.0076535521
0.0000145512
-0.0305978786
-0.0259432700
0.0000000305
0.0000146100
-0.0000475817
-0.0428517014
-0.0000000396
0.0404922254
-0.0000092217
0.0075429087
0.0000120351
0.0006861654
0.0014582613
0.0000213704
0.0348386392
-0.0134344362
0.0008161874
0.0099442154
0.0008569038
-0.0036686275
0.0005572538
0.0077562481
-0.0061144088
0.0114664966
-0.0264436081
0.0000011857
-0.0000008617
-0.0428288393
0.0155867040
-0.0162507500
-0.0309557263
-0.0000015997
0.0062588407
-0.0062140310
-0.0320763551
0.0395092107
0.0241494328
-0.0310830530
-0.0356012769
0.0062444340
-0.0000003350
0.0525405966
-0.0044157393
-0.0213891678
-0.0222497191
-0.0554973856
-0.0086772554
-0.0504529513
0.0264772996
0.0000009989
-0.0568970814
-0.0235908013
-0.0450428426
-0.0000008713
0.0264387205
-0.0076368419
0.0165807325
0.0038060048
-0.0089266757
0.0195840206
0.0000002292
-0.0363821089
0.0001655468
-0.0067210919
-0.0000000755
-0.0259330589
-0.0000000194
0.0006766276
0.0182089098
0.0076217200
0.0460898802
0.0223771688
0.0000001396
0.0000418005
-0.0106443102
0.0050728424
0.0000000246
0.0003514659
0.0132481586
-0.0515566766
0.0006683858
0.0119573036
-0.0305712093
0.0005222450
0.0000001939
-0.0049073254
0.0072104768
-0.0244512409
-0.0000000473
0.0063292403
0.0067316960
-0.0000088906
0.0342928655
-0.0000001756
-0.0033153165
-0.0000002744
0.0063634366
0.0000461983
0.0061338912
-0.0426397100
0.0000201018
-0.0313482955
0.0000066189
-0.0399288461
-0.0203126371
-0.0009601255
-0.0000000047
-0.0435676686
-0.0141295111
0.0208622776
0.0191951357
0.0000325752
0.0041091731
-0.0039729583
-0.0650503114
-0.0316088945
-0.0020000066
0.0170567241
0.0000009087
0.0315780379
-0.0000003300
0.0044507319
-0.0000000112
0.0401133932
-0.0219473708
0.0000283499
0.0077479067
-0.0294966549
-0.0000000145
0.0007185410
-0.0374753401
0.0175002627
-0.0358057804
-0.0304529294
-0.0089489324
0.0000000027
0.0002440106
-0.0000022876
-0.0064896094
0.0004875856
-0.0000017603
0.0249514747
0.0050501316
0.0000000263
0.0000000401
-0.0378208943
0.0042600823
0.0032191528
-0.0000000148
0.0162523035
-0.0011182255
-0.0000001310
-0.0068222843
-0.0066521112
-0.0000000308
-0.0000000748
-0.0180113465
-0.0339734852
-0.0000576406
0.0023128858
0.0198433250
-0.0257339254
0.0286636837
0.0028721509
0.0080427863
-0.0491552129
-0.0202387795
0.0044235825
-0.0025201901
0.0004406834
0.0274710190
0.0000002440
-0.0000000012
-0.0000002133
0.0071449503
0.0346980728
0.0016534681
-0.0518271513
0.0000014556
-0.0019454345
-0.0301474649
-0.0212893877
0.0000498196
-0.0214366764
-0.0255581643
-0.0108064041
-0.0035836860
0.0005103983
-0.0000041905
0.0232492462
0.0008223069
0.0066957995
-0.0159747358
0.0000000048
-0.0000072550
-0.0363735259
-0.0326708928
0.0146038663
-0.0140126590
-0.0006912181
0.0022519892
0.0000000061
-0.0000004240
0.0000064286
0.0022302903
0.0383457094
-0.0000000450
0.0074537420
0.0138767259
-0.0000143537
-0.0002873673
0.0204270333
0.0001465263
-0.0186595786
-0.0000444912
0.0428587385
0.0170151126
-0.0000013610
0.0031544471
0.0215068217
0.0148800584
-0.0000061429
-0.0000001371
-0.0000000214
0.0000000662
-0.0113256117
0.0103884535
0.0000001293
0.0011963045
0.0407906137
-0.0322798416
0.0032874132
-0.0000000058
-0.0321170427
-0.0130750109
-0.0000003945
-0.0359165482
-0.0385229737
-0.0576174110
0.0000503282
0.0000000139
0.0078607854
-0.0585034192
0.0000008704
0.0453583375
0.0166808963
-0.0000071009
-0.0063174479
-0.0241659265
0.0000006316
0.0000184802
-0.0158322584
-0.0088801607
-0.0000000244
-0.0000000024
-0.0185981020
-0.0163433030
-0.0305993166
0.0011630544
0.0039068200
0.0242882110
-0.0219980832
0.0050828159
-0.0002899100
-0.0000091953
0.0316414572
0.0000008784
0.0056359023
0.0054876287
0.0168869589
0.0000000018
-0.0114781279
-0.0259274915
0.0000068916
0.0361150131
0.0051192483
-0.0121212564
0.0068392055
-0.0223508496
-0.0000000677
0.0255268179
-0.0227778796
-0.0146179320
0.0608843714
-0.0127156051
-0.0135939503
0.0415700860
0.0000000061
-0.0056118476
-0.0000414099
-0.0000034346
-0.0563655458
-0.0336856022
0.0000122728
0.0012109000
-0.0648129880
-0.0383430980
-0.0149988476
0.0316371433
-0.0060081566
-0.0002128763
0.0451405533
-0.0000026203
0.0112746842
0.0000000056
0.0000001985
-0.0454814620
0.0048934636
-0.0421092957
0.0000000323
0.0000000001
-0.0155919222
0.0019939065
-0.0482569262
-0.0505402647
-0.0009027545
0.0000328684
-0.0077036540
-0.0432515070
0.0001177488
0.0081494916
-0.0003930167
0.0000542103
0.0000000692
0.0028791747
-0.0002277803
-0.0074954699
0.0086666131
0.0380504094
0.0027121776
0.0000548412
-0.0412334427
-0.0000000010
0.0055267960
-0.0002823063
-0.0170150250
0.0159631521
-0.0000031261
0.0018942159
0.0000000393
-0.0000156183
0.0260025766
-0.0448225141
-0.0000000511
0.0000337719
-0.0000000104
-0.0186539404
0.0020811027
0.0077315597
0.0402055345
-0.0003431158
-0.0473251715
-0.0165840369
0.0039168401
-0.0359526984
-0.0600437112
-0.0401812866
-0.0595960431
0.0003250658
-0.0508522093
0.0013950255
0.0001309332
-0.0489147604
-0.0024595554
0.0521372929
-0.0134876464
-0.0339019485
0.0000000833
-0.0016821235
-0.0095279180
0.0742694885
0.0041540316
-0.0001158266
0.0000295016
0.0132160857
0.0000000153
-0.0000010671
-0.0436609238
0.0021382472
-0.0055334605
-0.0470365956
-0.0100223413
-0.0000400201
-0.0201846007
-0.0020506452
-0.0000000113
-0.0000120035
0.0482514016
0.0163688269
0.0127130002
0.0000116604
-0.0004893161
0.0508681498
0.0162696782
0.0329433866
-0.0058803600
-0.0002771504
0.0558978170
0.0006761467
0.0037970075
-0.0007162954
0.0000378611
-0.0426349863
-0.0000000013
0.0000031446
-0.0056419396
0.0184692051
-0.0137242265
-0.0226350687
-0.0094852895
-0.0347845182
-0.0000000502
-0.0021867792
0.0363223143
0.0029383758
0.0003268122
-0.0075612809
0.0145543087
-0.0432065800
-0.0510165803
-0.0034149634
-0.0578394458
-0.0209704936
0.0389854610
-0.0498178527
-0.0506962985
-0.0004701989
-0.0104544889
0.0000000008
-0.0060349558
-0.0004829466
-0.0000068525
-0.0187718850
0.0041387742
0.0000005567
0.0042745541
0.0015176315
-0.0362439752
0.0059610093
-0.0483175255
-0.0180475246
-0.0372456945
-0.0125868944
-0.0207324214
-0.0051528253
0.0001455002
-0.0000000729
-0.0420040227
-0.0198415946
-0.0004330053
0.0038524519
0.0000004508
0.0016045737
0.0249126293
-0.0048594801
0.0315166712
-0.0000000137
-0.0000001652
-0.0117367916
0.0277597569
0.0001532142
-0.0000072663
0.0035678819
0.0284305345
0.0011175651
0.0000179439
0.0076458948
0.0003698421
0.0000053723
-0.0119587304
-0.0108844480
0.0000001896
0.0143564316
0.0003115739
0.0346800685
0.0129858116
0.0000015019
0.0020467788
-0.0457161404
0.0489421934
0.0000000147
-0.0207728241
-0.0455289967
0.0000000436
-0.0000066716
0.0406068079
-0.0000001306
-0.0439445376
-0.0018700709
-0.0478038900
0.0000207740
-0.0014917678
0.0005645173
0.0077639404
-0.0321422853
-0.0361666493
-0.0103094848
-0.0379303433
-0.0423842929
0.0675512031
0.0279454403
0.0219869670
-0.0000759766
-0.0000000828
0.0008480894
-0.0267817229
0.0008984570
-0.0049219369
-0.0186499916
-0.0451723561
0.0006204207
-0.0455517136
-0.0482070446
-0.0115051288
-0.0393711552
-0.0194055177
-0.0023816654
-0.0072895288
-0.0000000002
-0.0004222636
0.0015654529
-0.0000000398
-0.0269892979
-0.0283242408
0.0000000033
0.0010262118
0.0349750929
-0.0000089816
0.0152940080
0.0004223822
-0.0000003056
-0.0286817104
-0.0000820308
-0.0000003964
0.0000013823
0.0000000837
-0.0010014935
0.0086687086
0.0015882965
-0.0357941166
-0.0003244212
-0.0251079369
-0.0515631102
0.0356859937
0.0000000160
-0.0229443368
-0.0111252982
-0.0637040064
-0.0000000313
0.0000039337
-0.0085925944
0.0000000060
0.0138563178
-0.0416834094
0.0022322647
-0.0000000228
-0.0026627169
0.0004725165
-0.0001793552
0.0000000033
-0.0108599933
0.0000207212
0.0333885737
-0.0100410637
0.0013158412
0.0283332188
-0.0295052044
-0.0000013823
0.0080776718
-0.0052097086
0.0062232390
0.0071116020
-0.0584066771
0.0000539123
0.0004594903
0.0288700908
-0.0405166857
-0.0000001662
-0.0298430733
0.0024257044
-0.0000144560
-0.0198259838
-0.0524068400
-0.0192436948
0.0047758901
-0.0055501373
-0.0362717174
-0.0078104385
0.0200745706
0.0492152795
0.0000850667
-0.0124430461
-0.0000013395
0.0021390156
-0.0407799520
-0.0001293993
-0.0347151309
-0.0264739804
0.0000434095
-0.0000000772
-0.0077243275
-0.0330488309
-0.0435777977
-0.0129451267
-0.0155837918
-0.0171358436
-0.0292414762
-0.0429872498
-0.0149264373
-0.0679401457
0.0128003322
0.0000007238
-0.0000001707
-0.0331800394
-0.0132913189
-0.0000000462
0.0000014911
-0.0032036132
0.0000067373
0.0060430947
-0.0000000081
0.0000019449
-0.0013497149
-0.0000002909
0.0000000842
0.0124542825
-0.0005185876
0.0000520326
0.0000000155
0.0000039848
-0.0403107330
0.0000000079
0.0178558398
0.0593319573
0.0582789294
-0.0240453184
-0.0224512219
-0.0215397775
-0.0161098149
0.0009690780
0.0167299304
-0.0474899411
-0.0000008339
0.0021568972
0.0000000066
-0.0079673762
-0.0321628749
-0.0299761035
-0.0008729059
-0.0000000810
0.0191004872
-0.0083820624
0.0208298862
0.0000001480
0.0000000073
-0.0448126532
0.0000003707
-0.0152638052
-0.0000001631
0.0000046079
0.0000000831
-0.0419018939
0.0137006389
-0.0013727141
-0.0000000005
0.0003403111
-0.0000001512
-0.0166063458
-0.0000022511
-0.0000000110
0.0068597160
-0.0469012037
-0.0582953356
0.0000015941
-0.0196584016
0.0098211654
-0.0217491724
-0.0491778068
-0.0349200740
0.0097050667
0.0035432596
-0.0121507384
-0.0063801203
-0.0034455857
0.0000000382
-0.0411903225
0.0310275629
0.0023821061
0.0000008854
-0.0350908600
-0.0251760017
-0.0000000233
0.0000028859
-0.0380502343
-0.0219709929
-0.0222746618
-0.0378647447
-0.0390016623
0.0537895858
0.0000000499
0.0113585722
-0.0263326094
0.0036074696
0.0120474845
0.0154364454
-0.0000008398
-0.0510842726
0.0000854096
-0.0334714577
0.0000002066
-0.0126177678
-0.0096860984
0.0323737189
0.0055426192
0.0157463811
0.0000001523
-0.0072451336
0.0362006053
-0.0000000043
-0.0018655569
-0.0247602724
0.0021072191
-0.0035218266
-0.0000052999
0.0000463869
0.0210054927
-0.0082824817
-0.0000000086
-0.0422651954
-0.0000001691
-0.0000001169
-0.0000655107
-0.0000001632
0.0000000192
-0.0542343110
-0.0000003077
-0.0202359669
-0.0139378458
-0.0000000775
0.0000000054
-0.0307141747
-0.0000000013
-0.0073623061
-0.0185454674
0.0037222565
-0.0002900335
0.0330032185
-0.0344061777
-0.0089908736
-0.0002451975
-0.0222545490
-0.0000003095
-0.0190840419
-0.0008531108
0.0000005240
-0.0194947943
-0.0355104581
0.0000872767
0.0000008493
-0.0000000106
-0.0141178165
-0.0011741440
-0.0000000038
-0.0006938812
-0.0516654029
0.0000008380
-0.0011619922
0.0511678308
-0.0372173563
-0.0093667451
0.0090835486
0.0385477953
-0.0362341404
-0.0052427407
-0.0308349617
0.0190714691
-0.0116234347
0.0459467061
-0.0024980048
0.0000199997
-0.0375596583
-0.0045148474
0.0160966795
-0.0450341217
-0.0553524196
0.0000000941
0.0129151307
-0.0162731260
-0.0000000111
0.0000000625
-0.0071051368
0.0102565242
0.0288554262
-0.0015553117
-0.0001064020
0.0345413610
-0.0001649056
-0.0321396515
-0.0434287675
-0.0556216836
-0.0190136693
-0.0608174801
-0.0139852036
-0.0509974211
0.0064746002
0.0051625259
0.0000012125
0.0020508454
-0.0000035362
-0.0168523770
-0.0034022701
0.0167498123
-0.0000004028
-0.0036529580
-0.0000091895
0.0006222739
-0.0000000360
-0.0000000318
0.0000008011
0.0000010654
-0.0000000119
-0.0098410351
0.0091653625
-0.0000000646
0.0000000081
0.0258477721
0.0201950576
-0.0195620339
-0.0289668683
0.0000000565
0.0349835157
-0.0001071202
-0.0482418202
-0.0150673203
0.0000002780
-0.0154669443
0.0371538699
-0.0057831262
0.0000001693
-0.0462531112
-0.0099707702
-0.0310511030
0.0000000783
0.0000138299
-0.0357107669
-0.0359331816
0.0149764093
-0.0000000850
0.0035156417
0.0000000190
-0.0000000322
0.0439433791
-0.0062877480
0.0000660278
-0.0331065208
-0.0014566269
-0.0176813602
-0.0155418143
0.0055574058
0.0463159457
-0.0240631215
0.0066858381
0.0155379279
-0.0346729718
-0.0259879455
-0.0443464816
-0.0490891710
0.0379939191
-0.0555672422
-0.0000000318
0.0100634843
0.0000067814
0.0000273914
0.0000008342
0.0021970673
0.0000022545
-0.0451552048
-0.0229767989
-0.0000290784
0.0329646841
-0.0000000036
-0.0073407413
0.0031984560
-0.0000000867
-0.0020443746
-0.0000019919
0.0000000169
0.0368471369
0.0445255116
0.0307112373
-0.0045068343
-0.0024486487
-0.0473284051
-0.0137194879
-0.0164080393
-0.0204687007
-0.0391384549
0.0036497866
-0.0474586710
0.0000005919
0.0000004412
0.0000000115
-0.0408305861
0.0500943176
0.0215082467
-0.0000010595
-0.0000005944
0.0047746045
-0.0312253907
0.0201834179
-0.0000000189
0.0280104224
0.0342408121
0.0061823451
0.0027398616
-0.0000505931
0.0010506347
0.0038437729
-0.0120629780
0.0000407595
-0.0252022594
-0.0000000233
-0.0083120195
0.0007723822
-0.0183181521
-0.0348195583
-0.0460095368
-0.0602653138
-0.0350657552
-0.0304844510
-0.0110082645
-0.0338484384
-0.0000114675
0.0028053259
0.0112964474
-0.0235583894
0.0000000518
-0.0052331295
0.0170082990
-0.0071441368
-0.0000036695
-0.0000001883
0.0000013364
-0.0275582038
-0.0000000292
-0.0500135534
-0.0021438478
0.0008091126
0.0422147885
-0.0000000017
-0.0106734131
-0.0382728428
0.0000002301
0.0000001782
0.0569578893
-0.0209381599
-0.0000001684
-0.0673625320
-0.0009141387
-0.0070969998
0.0142199174
-0.0356568173
-0.0001138529
0.0000152230
0.0000000284
0.0000984893
0.0020049501
0.0001817106
-0.0036234506
0.0195898172
0.0000000488
0.0168197099
0.0000000174
0.0449631847
-0.0529284440
-0.0276155826
0.0000006227
0.0327675417
-0.0170658119
-0.0000001107
0.0000079712
-0.0001464417
0.0032639969
-0.0292573515
-0.0000023627
0.0000003283
0.0061310097
-0.0000200263
-0.0213512406
-0.0366448499
-0.0057120170
-0.0144946650
-0.0000487560
-0.0389383100
-0.0000000169
-0.0003528219
-0.0000000679
-0.0205182843
-0.0232840348
-0.0210450608
-0.0583223365
-0.0000000844
-0.0135821272
-0.0252422970
0.0231322106
0.0000003110
0.0000014725
-0.0327432454
-0.0000000259
-0.0000256553
-0.0131570604
-0.0000984976
0.0000022056
-0.0000756616
0.0087734209
-0.0184962340
0.0000686561
-0.0000051150
-0.0000000057
0.0367412157
-0.0318162926
-0.0000654690
-0.0625159517
0.0000005218
-0.0317422226
-0.0309472643
-0.0241549797
-0.0000225871
0.0212110095
0.0218935199
-0.0022311229
-0.0116658425
0.0001563760
0.0145284254
0.0037920983
0.0000109834
0.0130691314
-0.0114754289
-0.0000000076
0.0000586530
0.0011447248
0.0030988348
-0.0575064756
-0.0088106869
0.0000079375
-0.0242395326
0.0000514607
-0.0338197201
-0.0421435945
0.0096275005
-0.0424305648
0.0000000085
0.0517198332
-0.0247497447
-0.0350066088
-0.0098463604
-0.0000000548
-0.0403645411
-0.0000000014
-0.0488524102
-0.0409050249
-0.0596073307
-0.0389896929
-0.0288650375
0.0314949863
-0.0000000682
-0.0000000709
0.0000000390
-0.0282210577
0.0473101921
0.0400187448
0.0019815431
-0.0206452180
0.0000043466
-0.0141065354
-0.0037822300
-0.0000001042
-0.0330644064
-0.0000071208
-0.0567833558
-0.0028445069
0.0000222823
-0.0016825460
-0.0041044564
0.0048154448
0.0000083023
-0.0014914526
-0.0451082252
-0.0421902947
0.0000447521
-0.0307289101
-0.0000000531
-0.0236884095
0.0185741372
-0.0000000056
-0.0566736348
0.0221797861
0.0028408121
-0.0041899388
-0.0379888788
-0.0000000009
0.0331863426
0.0000000052
-0.0244577583
-0.0112399785
-0.0004790597
-0.0033998531
-0.0000000463
-0.0000000696
-0.0015480620
-0.0341151096
0.0001463706
0.0024240375
0.0234931316
-0.0073357131
-0.0404994115
-0.0000727958
0.0000001531
-0.0372875482
0.0000016990
-0.0421277508
-0.0094214948
0.0080757746
0.0415406190
-0.0156240528
-0.0217913371
-0.0000000488
-0.0419359133
-0.0539865606
0.0000000090
-0.0000000311
0.0187575705
0.0001535587
-0.0083661806
-0.0302654747
-0.0000000025
-0.0000016882
-0.0138571085
0.0513599142
0.0000024247
0.0000000026
0.0000000481
-0.0000000437
0.0033655735
0.0000000127
0.0012137117
-0.0147524616
-0.0024627552
0.0559506677
-0.0215949044
0.0069065597
-0.0001012923
0.0007270523
0.0359076113
-0.0371309109
0.0061931685
-0.0453310907
-0.0000140695
0.0401946530
0.0005846206
0.0137518579
-0.0014067598
-0.0379336178
-0.0153836766
0.0000000000
0.0077915830
-0.0000003744
0.0294116195
0.0217907205
0.0028705890
-0.0000119935
-0.0224220306
-0.0000000530
0.0310675353
-0.0605785735
-0.0091265626
0.0303449910
0.0000007152
0.0501009971
-0.0011814747
-0.0006676645
-0.0210121088
-0.0361962467
-0.0234585200
0.0343621373
-0.0000795956
0.0006966891
0.0254552346
-0.0000033731
0.0199687369
-0.0001682293
-0.0310476627
0.0007753429
-0.0000073103
-0.0005531833
-0.0083800359
-0.0306036212
0.0193281025
0.0149702840
0.0141795343
-0.0000000018
0.0000247767
-0.0072599109
0.0563838929
-0.0247473959
0.0423680320
0.0000000016
0.0177663714
-0.0377243795
0.0222787950
-0.0000317020
-0.0344584323
0.0455642827
-0.0077309660
-0.0463918261
-0.0219090786
0.0054466906
-0.0000623398
0.0000005981
0.0605996177
0.0043690703
-0.0422650054
-0.0000003624
-0.0353010185
0.0420743786
-0.0332987383
-0.0637807474
0.0287162550
0.0000000129
-0.0069249175
-0.0254100766
0.0000199998
-0.0001438775
0.0000058406
-0.0004281117
0.0000000613
-0.0000000004
-0.0093735969
0.0000104893
-0.0275420304
0.0000350817
-0.0000009980
0.0003279853
-0.0309556928
-0.0088527678
0.0170419645
0.0411358699
-0.0000000199
0.0000000375
-0.0000000462
-0.0000000226
0.0000009079
-0.0446940213
-0.0000996521
-0.0477672815
-0.0000000843
0.0061719008
-0.0001541617
-0.0001876593
-0.0290639382
-0.0000000045
-0.0285305344
-0.0315031968
0.0006150620
-0.0573732927
0.0000001355
-0.0000000262
0.0027785387
-0.0000000560
0.0003531861
0.0000004573
-0.0147733167
-0.0347118415
-0.0168253332
-0.0522519127
-0.0170976892
-0.0000051251
-0.0004937901
-0.0000004484
-0.0236622375
-0.0063160933
0.0188071206
-0.0000951221
-0.0493328199
-0.0405960605
0.0000012525
-0.0073802597
-0.0000000514
-0.0001084785
-0.0036248988
-0.0041430434
0.0000000230
0.0000862673
-0.0103702238
0.0239630342
-0.0000001327
-0.0115607763
-0.0034333249
-0.0000028274
0.0014760315
0.0099065602
0.0442273319
-0.0319627561
-0.0384054035
0.0050848280
-0.0442336947
-0.0000000201
-0.0134343226
-0.0505396686
-0.0429321676
-0.0000924359
-0.0037919697
-0.0104850810
0.0006821873
0.0274806824
-0.0000001942
0.0704177171
-0.0071247080
-0.0482636094
-0.0000004874
0.0106424754
0.0000004201
-0.0217998922
0.0000170824
0.0000000360
-0.0347449891
0.0000023579
-0.0485069081
0.0000000212
-0.0149352774
-0.0015911092
0.0129692657
0.0000015564
-0.0078952555
0.0507253259
0.0000000116
-0.0305135120
-0.0553817488
0.0319113657
0.0000002099
-0.0343266726
-0.0420080572
-0.0664524361
-0.0000000693
-0.0021040973
0.0000175242
0.0000433598
-0.0007640785
-0.0004371876
0.0228715036
-0.0054337662
-0.0667767376
-0.0000371181
-0.0000000281
-0.0002172666
-0.0164376795
0.0000000662
0.0074983425
0.0444335938
-0.0000004143
0.0030525369
-0.0004852007
0.0000007254
-0.0041695838
0.0172716882
0.0111879269
0.0000764310
0.0110979984
-0.0000000003
-0.0253383685
0.0022360387
0.0154157579
-0.0058373674
-0.0497656688
-0.0498752967
0.0079605533
0.0006509814
-0.0037838169
0.0000051822
-0.0002773305
-0.0000000262
-0.0000050964
0.0000000068
-0.0528955832
-0.0586828589
0.0001846073
0.0007423597
-0.0467937551
-0.0000000067
0.0000715359
-0.0000009337
-0.0000039804
-0.0524415635
0.0162712596
-0.0250146650
-0.0370526388
-0.0002959475
-0.0032881000
-0.0000000232
-0.0004891913
0.0099699683
0.0000004011
0.0481364429
-0.0098473756
-0.0033001089
0.0000000478
-0.0312247984
0.0250492189
0.0000205405
0.0026520845
-0.0144809652
0.0287432540
-0.0043385127
0.0231215525
-0.0177799780
-0.0559745505
-0.0000021329
0.0016492867
-0.0046278322
-0.0127026029
-0.0371983461
0.0005120189
0.0241928082
-0.0002410795
-0.0424337685
-0.0000000907
0.0300434623
-0.0000003426
0.0340058692
0.0138030704
-0.0002456523
-0.0115880026
0.0000000602
0.0035031212
0.0318243504
-0.0106081599
-0.0000681689
-0.0449101664
0.0192739014
-0.0219784882
-0.0256754402
0.0130570484
0.0184438694
-0.0000001750
0.0046962365
-0.0549528711
-0.0000756072
-0.0054320330
0.0005710201
0.0019940070
-0.0407491960
0.0000035576
0.0307144243
0.0081256004
-0.0000005126
-0.0002651225
0.0275767073
-0.0000169558
-0.0286574252
-0.0000004105
0.0355576202
-0.0401829593
-0.0384773612
-0.0266013294
-0.0417405143
-0.0113548255
-0.0533498414
0.0324566364
-0.0000000093
0.0428441763
-0.0003729982
-0.0005839796
0.0266182609
-0.0041280934
-0.0154396845
0.0000011719
-0.0245322119
-0.0000009301
-0.0133175859
-0.0318277404
0.0331491269
0.0475674607
-0.0380800478
-0.0000000745
0.0135096824
0.0188065991
-0.0000468036
-0.0142333526
-0.0121473633
0.0074807839
0.0257401504
-0.0130321728
0.0000099185
-0.0000506309
-0.0268545840
0.0339424759
-0.0241041519
-0.0046871291
0.0102602374
-0.0201523099
0.0000029550
0.0000000872
-0.0000000019
-0.0175253488
-0.0610418543
0.0000002105
-0.0324309580
-0.0000000121
-0.0198283661
-0.0000000373
-0.0001495817
0.0062827128
-0.0539859906
0.0003539708
-0.0061501856
-0.0000000444
-0.0020626534
-0.0000000357
-0.0048438851
-0.0000000078
0.0014077231
0.0000000377
-0.0000000105
0.0000001486
-0.0054421965
-0.0213062912
-0.0000363543
-0.0479946211
-0.0187716130
-0.0151403667
-0.0000001762
-0.0003354290
-0.0688281730
0.0000014235
0.0285961851
-0.0323957801
-0.0167150591
-0.0312101040
-0.0135744726
0.0031449418
-0.0481443629
-0.0438661128
-0.0273127574
0.0011329703
-0.0000000906
-0.0310187861
0.0440137051
-0.0430928692
-0.0102816541
-0.0000007786
0.0120164156
0.0199850220
0.0000200488
0.0044821333
-0.0000151429
0.0006647307
0.0375457183
-0.0014249553
0.0000000252
0.0424144939
0.0000000750
0.0008542230
0.0034240861
0.0018263937
-0.0000000371
-0.0560819805
0.0207057428
0.0180423129
-0.0119882682
-0.0002436418
-0.0572306626
-0.0381532647
0.0000131612
-0.0013709133
-0.0577715263
0.0102668134
-0.0018338962
-0.0227346327
0.0005991453
-0.0010305695
0.0247146729
-0.0136488676
-0.0000010451
-0.0149793923
0.0000169015
-0.0000011920
-0.0000000736
0.0000002675
0.0345920548
0.0214661565
0.0000016767
-0.0083309980
-0.0042610322
0.0145653905
-0.0000359070
-0.0355381109
-0.0428533070
-0.0335987695
-0.0000007174
-0.0162292179
-0.0243535638
-0.0064006434
-0.0066359267
-0.0262262784
-0.0660341159
0.0000002221
-0.0000000689
0.0000047559
-0.0417580940
0.0003208823
-0.0144231645
0.0388052538
-0.0000004651
0.0007784727
-0.0309980735
-0.0050911163
0.0000000015
0.0000001070
-0.0386787727
-0.0126959104
-0.0219376050
-0.0000149591
-0.0186052993
0.0002471950
-0.0266329404
-0.0398250930
-0.0123927407
0.0000000437
0.0162669756
0.0431784242
-0.0413127095
0.0246807970
-0.0033590249
0.0000000270
-0.0048806532
-0.0505025461
-0.0421346240
0.0001051345
0.0217936989
-0.0275532249
-0.0263617411
-0.0000127357
0.0230014473
-0.0680507123
-0.0648522824
-0.0039956337
0.0434185714
0.0003426007
-0.0001614843
0.0312890783
-0.0169939455
-0.0358675942
-0.0006335368
0.0000030371
-0.0242006369
-0.0298631657
-0.0083255609
-0.0023669642
-0.0313862674
0.0000000171
0.0395316146
-0.0515616536
0.0128670735
-0.0487137474
-0.0311997980
-0.0190650187
-0.0018047532
-0.0001502421
-0.0000040790
-0.0354827605
0.0014191304
-0.0426262096
-0.0346269086
-0.0001260960
0.0004436087
0.0133218756
-0.0252738092
0.0015067066
0.0002925743
0.0000317753
0.0000014272
0.0000125972
0.0001045956
0.0098890355
0.0001126316
-0.0078325979
0.0342017896
-0.0284412131
0.0000000780
-0.0000002296
-0.0320697650
-0.0004169333
-0.0000001915
-0.0000586057
0.0000607492
-0.0623529032
-0.0017615451
-0.0021723029
0.0000001305
0.0223239437
-0.0390911251
-0.0005518730
0.0000086683
-0.0010559972
0.0000000218
-0.0391779132
0.0204878934
0.0060594683
-0.0349278525
0.0061493022
-0.0180709008
-0.0000648565
-0.0228434596
-0.0000000256
0.0000000003
-0.0478992984
-0.0048085572
-0.0589541793
-0.0000000172
-0.0000000498
0.0000000076
0.0329302661
-0.0027747282
-0.0390973091
-0.0488041192
-0.0441814810
0.0000000063
0.0000224752
0.0000000234
0.0168873500
0.0048467219
0.0000017443
-0.0068276022
-0.0000003239
-0.0292778444
-0.0000000008
-0.0067561301
-0.0000000100
-0.0000000873
0.0012476895
-0.0033167603
-0.0071791536
-0.0003742918
0.0073784092
0.0000065036
-0.0206205454
0.0000000134
0.0074694320
-0.0000028623
0.0015832923
0.0000243254
-0.0502133854
0.0128958104
-0.0178514533
0.0012135505
0.0016635389
-0.0312452856
0.0286265370
0.0424705148
-0.0001838028
-0.0000006057
0.0308353286
-0.0200104471
-0.0483705178
0.0026258661
0.0233242363
0.0000001258
-0.0000000523
0.0000002149
-0.0043414989
-0.0338245630
-0.0000016114
0.0003006731
0.0388712250
-0.0079610348
-0.0101406500
-0.0002748336
-0.0000000275
-0.0346524417
0.0299868900
-0.0648434684
0.0039247316
-0.0432707891
0.0000000315
-0.0065460070
-0.0000629751
-0.0012587253
-0.0050564241
-0.0050777528
-0.0048503107
0.0198879074
0.0000000845
0.0100225611
0.0265434980
0.0000206045
0.0075782971
-0.0155701693
0.0180868041
-0.0221429430
0.0053489879
-0.0006195340
0.0368325636
-0.0005317571
0.0041187331
-0.0323671438
0.0477898754
-0.0017062987
-0.0000294422
0.0286704097
0.0299993232
-0.0240301471
-0.0334735923
-0.0540863425
-0.0012570483
-0.0193157345
-0.0116072856
-0.0532306582
0.0000132224
-0.0000001012
-0.0008656440
-0.0310249366
0.0016655540
0.0060332217
-0.0000138459
0.0080898348
0.0218500141
0.0170681383
-0.0183236338
-0.0000005134
-0.0000003088
0.0001132888
0.0247147568
-0.0071071638
-0.0500139780
-0.0032492632
-0.0000000550
0.0130211022
0.0438173003
-0.0003168193
-0.0015069683
-0.0404203609
-0.0000198137
-0.0258808397
-0.0387381166
0.0070450371
-0.0507436246
-0.0563302860
0.0148199480
-0.0190684404
0.0035053140
-0.0428540446
-0.0324845649
-0.0489883497
0.0000014951
-0.0302456301
-0.0000001483
-0.0294256024
-0.0455634929
-0.0135415243
0.0000019314
-0.0001542660
-0.0000415486
-0.0179517902
-0.0492370985
-0.0168663412
-0.0282139983
0.0430343598
-0.0006853067
0.0376159959
-0.0000001611
-0.0000336061
-0.0144420024
0.0000033926
-0.0257815495
-0.0000000074
-0.0000000585
0.0000000759
0.0000811555
0.0018455678
-0.0160460230
0.0000000022
-0.0000000897
0.0366391167
-0.0496774875
-0.0288306419
-0.0530129448
0.0140680242
-0.0045866738
0.0242147669
-0.0327844284
-0.0381905399
-0.0304072071
0.0006111651
-0.0386309102
-0.0134229036
-0.0000000294
-0.0220464189
0.0003094118
-0.0489937514
0.0050059748
-0.0441997796
-0.0027267353
-0.0050817872
0.0002383174
0.0252793618
-0.0087340241
0.0313673504
-0.0133549124
-0.0222547948
0.0079255588
-0.0062803146
-0.0365415439
-0.0348653495
0.0000000049
-0.0085060820
0.0220013913
-0.0093907891
-0.0000000495
0.0382577851
-0.0000001272
-0.0521953478
0.0001356741
0.0000355808
-0.0229722634
0.0102236737
0.0055053188
0.0246787015
0.0378957652
0.0020812058
0.0001955779
-0.0225887913
0.0000029159
-0.0030133813
0.0056401673
0.0003444248
-0.0161413494
-0.0442546085
0.0365925878
-0.0000000102
0.0527084842
0.0030959486
-0.0142564001
-0.0003649039
-0.0000000697
-0.0134222340
-0.0000081902
-0.0224456862
-0.0069725579
0.0142753934
0.0034410316
-0.0380786695
-0.0338902287
-0.0162188392
0.0010130489
-0.0302238911
-0.0409031920
-0.0000001000
0.0000254520
-0.0051141270
0.0017153705
-0.0303789973
-0.0468592979
0.0000000194
-0.0182681587
-0.0000875366
-0.0031269367
0.0031748174
-0.0075697941
-0.0336397849
0.0265172161
0.0000000115
0.0287472177
0.0000000179
0.0016996656
-0.0132246725
-0.0006681052
-0.0500058047
0.0220323838
-0.0187353529
-0.0000000552
-0.0000005470
0.0019108381
0.0295700133
0.0003251091
-0.0014910221
0.0206830669
0.0000019266
-0.0632595569
0.0046441029
-0.0006503215
-0.0001649600
-0.0197328888
0.0012681824
0.0072881933
0.0029785221
-0.0000022595
0.0104490574
-0.0000021673
0.0177913811
-0.0358499847
0.0078769391
0.0059684487
0.0001486038
0.0030671731
0.0000205113
-0.0000001874
0.0002975504
-0.0100491364
-0.0362968519
0.0177959222
0.0000067798
-0.0008682848
-0.0031245537
-0.0465764478
0.0457216166
-0.0005163652
-0.0000006096
0.0015383121
0.0164814331
-0.0385461003
-0.0383491740
-0.0109184459
-0.0588366240
0.0500754379
-0.0504835136
-0.0000012641
-0.0000000091
-0.0000006663
-0.0303227156
-0.0451941863
0.0000417794
-0.0205881130
-0.0491103902
-0.0191822536
-0.0468612611
0.0015230877
-0.0057428153
-0.0437868498
0.0218413901
0.0470546894
-0.0000051225
0.0111206500
-0.0103119267
0.0066587604
0.0313590094
-0.0118470667
-0.0000204147
-0.0019768055
-0.0000007192
-0.0180694312
0.0023474263
0.0000017376
-0.0303019546
-0.0000004045
-0.0000227503
-0.0000022112
-0.0583713651
0.0333893485
-0.0002152278
-0.0000000030
0.0002028564
0.0367942527
0.0360117666
-0.0000014378
-0.0003223741
-0.0066200369
0.0174555816
-0.0304367002
0.0299708955
-0.0000352901
-0.0320618488
-0.0000110264
-0.0000136637
-0.1018331498
-0.0000036546
0.0028157914
-0.0178047977
-0.0000155821
-0.0423185416
0.0169763863
-0.0169457011
-0.0381196588
0.0145441005
0.0426491499
-0.0343997926
-0.0013538146
0.0104659488
-0.0026494053
-0.0428766795
0.0003362153
0.0532479025
-0.0354736261
-0.0477483571
-0.0021483263
-0.0523532070
-0.0373147391
-0.0546879098
-0.0000000775
0.0086436234
-0.0412807129
-0.0437153429
-0.0087796506
-0.0427335277
-0.0474513732
0.0207696632
0.0448964015
-0.0217302199
-0.0000162170
0.0002439066
-0.0132719120
-0.0235011261
0.0195109844
-0.0000038168
0.0089854067
0.0000251006
-0.0091932099
-0.0163070615
-0.0133752245
-0.0459930152
0.0294272006
0.0296081249
0.0000072210
0.0141608622
0.0276260208
0.0269807912
-0.0001856278
-0.0038214768
-0.0000000876
-0.0282640662
0.0000126607
-0.0048252265
-0.0286350697
-0.0000680872
-0.0013616895
-0.0202856995
-0.0000000174
-0.0000000172
-0.0652943254
-0.0251802336
0.0002068080
-0.0299468786
-0.0459547900
-0.0000006369
-0.0423262231
-0.0018733360
0.0023865323
0.0000007284
-0.0304952152
-0.0195596758
-0.0252332389
0.0326057784
0.0419840962
0.0008974163
0.0001768142
-0.0196410362
-0.0349112414
-0.0328408927
-0.0382599160
-0.0000455388
-0.0602183342
0.0208710488
0.0000005146
0.0000000330
-0.0045205527
0.0000171854
-0.0006217617
-0.0000000096
-0.0019325118
0.0416355506
0.0282728691
-0.0486878119
-0.0636967346
0.0074394001
0.0007907640
0.0018929846
0.0146355089
-0.0000000047
-0.0002581570
0.0000135304
0.0016328425
0.0012998590
0.0111514665
-0.0150872814
0.0002638905
0.0000000333
0.0229717530
-0.0000000727
-0.0000053045
0.0000000093
0.0191414002
0.0000006486
-0.0091578653
0.0468901061
-0.0189548749
-0.0373216011
-0.0000000093
0.0529357791
0.0000000152
0.0000112451
-0.0428765081
-0.0000000959
0.0290481746
0.0026521911
-0.0476911403
-0.0426270179
0.0000005813
-0.0081661223
-0.0296706185
-0.0462783501
0.0328597501
-0.0371347331
-0.0000574608
-0.0337494314
-0.0249021389
0.0013971385
-0.0222910196
-0.0503874123
-0.0214204788
-0.0259846766
-0.0000045989
-0.0136668961
-0.0233366489
-0.0000000171
-0.0354079306
-0.0142631996
-0.0378479660
-0.0000161108
-0.0220539737
-0.0338855870
0.0047201719
0.0167482402
0.0000072881
-0.0343284681
-0.0456137881
0.0013813634
0.0272229128
-0.0551762804
-0.0000002118
-0.0045646331
0.0412600674
-0.0160826836
0.0000000009
0.0126197012
0.0191207081
0.0227068979
-0.0260091815
0.0002766406
0.0001774748
-0.0000001491
-0.0023186801
-0.0254921205
0.0000000290
0.0315717459
-0.0004479850
0.0327894576
-0.0000002410
0.0050857174
0.0218997337
0.0000005141
-0.0300342105
-0.0000191981
-0.0259982497
-0.0000001303
0.0264586508
0.0178607255
0.0087705934
-0.0585435741
-0.0377010964
0.0002417864
0.0000830017
0.0069969078
-0.0235804617
0.0182466321
0.0000000290
-0.0029306998
-0.0236203037
0.0000000540
0.0000022225
0.0000317106
-0.0587256402
-0.0287491139
-0.0004526647
-0.0359456800
0.0001544409
-0.0000022350
0.0116787115
0.0033585923
0.0143338013
-0.0007837793
-0.0171910673
0.0000001627
-0.0000004180
-0.0024711573
0.0000000062
-0.0000001135
-0.0355159976
-0.0109550422
0.0149149261
-0.0285652746
-0.0141941784
0.0000031994
0.0043390109
0.0000835580
-0.0282431860
-0.0015713200
0.0001778764
-0.0300078522
-0.0121873692
-0.0005381269
-0.0025583715
-0.0287681166
0.0458694436
-0.0000002989
-0.0000000292
-0.0429397114
-0.0743504390
0.0347359143
-0.0002757532
0.0000020690
0.0478529818
0.0002511496
0.0316332765
0.0000000195
0.0199220274
-0.0383598395
0.0000001018
-0.0233268980
-0.0000194085
-0.0362244584
0.0010896801
0.0275230501
-0.0008026959
-0.0000000724
0.0000001704
-0.0000015318
-0.0135214301
-0.0180546567
-0.0494912751
-0.0266039148
-0.0000149322
-0.0000000255
-0.0000007297
-0.0000216646
0.0006522762
-0.0040134299
-0.0321734510
0.0225244500
-0.0296480041
0.0000001870
-0.0000213266
0.0099649122
-0.0266381372
-0.0132524883
-0.0158372372
-0.0017096824
0.0000000006
0.0121843209
0.0076091737
-0.0000000647
-0.0119377961
-0.0436250716
-0.0000000440
-0.0053937510
0.0183306299
-0.0000735189
-0.0461041778
-0.0000000021
0.0000001142
-0.0317168906
-0.0754242614
-0.0504520051
0.0003493080
0.0302090924
-0.0133161191
-0.0068220152
0.0000378550
-0.0056416597
-0.0540555380
0.0003706575
-0.0570635572
0.0145886093
0.0000012051
0.0001146432
0.0099716997
0.0000000003
-0.0370857567
-0.0000000664
-0.0000000047
0.0255998075
0.0123543311
-0.0004852386
0.0000908275
0.0000000057
0.0031980926
-0.0000000782
0.0050480072
-0.0014176647
-0.0105356462
-0.0015637679
-0.0025314949
-0.0000003761
-0.0485479385
-0.0000493539
0.0000460946
-0.0321024135
0.0149627896
-0.0224278234
0.0009711165
-0.0172437597
-0.0000005265
-0.0000014790
-0.0000003787
0.0134751396
-0.0382250957
-0.0000661911
0.0639965534
0.0001250977
-0.0162862223
-0.0104759149
-0.0348985642
-0.0061259535
-0.0000059035
-0.0697246045
0.0012330961
0.0074664326
-0.0379707962
-0.0336232558
-0.0362071395
-0.0954754651
0.0198136643
0.0001135762
-0.0809186772
0.0077112359
-0.0003014354
-0.0000013610
-0.1151963100
-0.0278934930
-0.0486313477
-0.0000000285
-0.0006252917
0.0250940286
-0.0091550555
-0.0000605576
0.0243066680
0.0123415310
-0.0014485740
0.0003488940
-0.0000137760
0.0099175228
-0.0000017557
0.0000000567
-0.0001570329
0.0014065594
0.0281176530
0.0228709579
-0.0332815945
-0.0080278525
-0.0182497986
-0.0283746477
-0.0021314772
0.0429157056
-0.0000221647
-0.0000189486
0.0000000013
-0.0414554998
0.0010172558
0.0000050087
0.0245991647
-0.0014116572
-0.0321955122
-0.0310956873
-0.0000019595
0.0000008312
0.0010026600
-0.0018803128
0.0094043287
0.0006122077
0.0000000263
-0.0184695888
0.0220213272
-0.0560063533
-0.0185983200
-0.0461572856
0.0064628972
-0.0172649901
-0.0552651025
-0.0400665142
-0.0014124309
-0.0357755385
-0.0375650674
-0.0500518009
0.0005945821
0.0138020618
-0.0317806676
-0.0698551238
0.0000000004
0.0000108493
-0.0000014106
-0.0504384972
-0.0421549231
-0.0449505001
-0.0283057205
-0.0465002917
-0.0008745233
0.0273545012
0.0014621728
0.0091369003
-0.0334581248
0.0113835381
-0.0381303541
0.0000000000
-0.0000600138
-0.0021876795
-0.0382630527
-0.0280690975
0.0340991281
-0.0119617237
-0.0017704564
0.0273451284
-0.0042727119
0.0121810585
0.0286173094
-0.0006712482
0.0367096178
-0.0079487534
-0.0026541348
-0.0023186768
0.0003342720
-0.1035259292
-0.0474902764
-0.0297571011
-0.0000028300
0.0000001121
0.0001158871
0.0000011841
0.0000003700
-0.0319967978
-0.0293203481
0.0197337233
-0.0005027059
-0.0403652303
-0.0296511948
-0.0000000003
0.0192076284
-0.0325526707
-0.0167848784
0.0000000088
-0.0491956361
-0.0332130492
-0.0274620429
0.0000000645
-0.0194073040
-0.0000000899
0.0000004129
-0.0450956747
-0.0350915827
-0.0338601582
-0.0058479724
0.0249628704
-0.0019713689
-0.0000001113
0.0000000384
-0.0443239696
-0.0334021561
-0.0004670047
-0.0065837470
-0.0362321846
-0.0154240392
-0.0279759597
-0.0020868566
0.0000000993
0.0079338672
-0.0000015051
-0.0000030620
0.0000733111
-0.0263798237
-0.0109791085
-0.0000004911
-0.0014001320
-0.0065682549
0.0038534601
0.0070638247
-0.0003783128
-0.0009002806
0.0000000082
0.0447436012
-0.0355858281
-0.0042576827
-0.0000028759
0.0000175639
0.0214830376
-0.0000142309
0.0517748035
-0.0249165334
-0.0441179127
-0.0013327538
-0.0074384608
-0.0199979171
0.0368028879
0.0299717803
0.0000591550
-0.0004406356
0.0224365741
-0.0000000391
0.0030807413
0.0092980238
-0.0370143652
-0.0190751199
-0.0533361621
0.0002437252
0.0062344125
-0.0000002362
-0.0174031872
0.0043538557
-0.0018520303
-0.0000000601
-0.0000002422
0.0000000001
0.0095949313
0.0327328667
-0.0482406430
0.0000356255
0.0059626554
-0.0000000010
0.0110879252
-0.0129663507
0.0028775774
0.0497743003
-0.0348192304
-0.0559293628
0.0000000153
-0.0001510569
0.0000000346
0.0212152880
0.0132715013
-0.0000001103
0.0095990300
-0.0006639599
0.0166595671
-0.0000000159
-0.0000000254
0.0435427167
0.0035135625
-0.0024926055
0.0457590558
-0.0077821100
0.0011737881
-0.0238369890
0.0028703751
0.0101053668
0.0292921141
0.0060121669
-0.0000011651
-0.0130451974
0.0019217607
-0.0442091525
0.0075842915
0.0001012340
-0.0438786857
0.0000000686
-0.0000000014
0.0276342668
-0.0661917329
-0.0395484641
0.0087092044
-0.0000149643
-0.0000754489
0.0411905311
0.0234726481
0.0000000848
0.0000657559
0.0000076197
0.0099152727
-0.0043581645
-0.0369135775
-0.0284592006
-0.0841294304
-0.0273539498
-0.0253580809
-0.0000002340
0.0030380131
-0.0113199949
-0.0000083688
-0.0395742469
-0.0032528713
-0.0000002387
-0.0000000024
-0.0024481022
0.0000018275
-0.0000000014
-0.0000000111
0.0083142789
-0.0000000780
0.0034541192
-0.0000000113
-0.0425663888
0.0011734245
-0.0000000061
-0.0004261597
-0.0237336587
-0.0310938507
0.0213490445
0.0077952333
0.0296227429
-0.0018873818
0.0000000149
-0.0419053361
-0.0394547582
0.0202807914
0.0421498828
0.0000356135
-0.0000000274
0.0009469703
-0.0000370098
-0.0120420754
0.0246483218
0.0361372046
-0.0102877412
-0.0009849006
-0.0000001003
0.0000968657
0.0438198037
-0.0000001436
0.0027263621
-0.0492601953
-0.0316471979
0.0000001000
0.0423151180
0.0302226488
0.0041193999
-0.0317676999
-0.0150625193
-0.0390023589
0.0074788462
-0.0006279536
0.0529824086
0.0292676538
-0.0000000000
0.0000000174
0.0088833980
-0.0419435389
-0.0473390594
0.0030330773
-0.0386709869
0.0159307960
-0.0000006406
0.0299835876
-0.0331640057
-0.0000029182
-0.0000000689
0.0321193449
-0.0000007065
-0.0302431490
-0.0000000887
0.0111144949
-0.0008495063
0.0000717299
-0.0000258433
-0.0000000535
0.0180255659
0.0003704517
-0.0001398365
0.0007444700
0.0291971695
0.0141335931
-0.0052517182
0.0023432202
-0.0014653238
0.0009468354
-0.0296394844
0.0302038211
-0.0014627068
0.0001630644
0.0011070733
-0.0000000834
-0.0046268376
0.0000522215
-0.0203820392
0.0000000009
0.0001722588
0.0008001475
0.0000055661
-0.0387790799
-0.0392737910
-0.0342086963
0.0005533721
-0.0231904928
0.0000000438
-0.0522454791
0.0111806151
0.0000458408
-0.0542092472
0.0000000976
0.0102172941
-0.0000000001
-0.0871348009
-0.0329145975
-0.0050715874
0.0218495559
0.0000301095
0.0409866013
-0.0055778790
-0.0306149684
-0.0000007330
0.0065342034
0.0000567969
-0.0000004249
-0.0547054075
-0.0046854271
0.0032679955
0.0127197616
-0.0000000729
-0.0194855221
-0.0191299953
-0.0000000486
-0.0000713164
0.0100394078
0.0260963254
-0.0102849901
0.0000016486
0.0000001144
0.0052988944
0.0004580629
0.0086558871
0.0012647479
-0.0310418140
0.0000000407
0.0005376118
-0.0625333264
0.0235481933
0.0085851075
-0.0000019089
-0.0298296548
-0.0000777954
-0.0152764209
-0.0233108383
0.0336544886
-0.0030697454
-0.0291175488
-0.0030068653
0.0000000010
0.0007469384
0.0225315411
-0.0011493802
-0.0192316882
0.0000000397
0.0044551743
-0.0226410199
-0.0050293999
0.0000001289
0.0000000264
-0.0479330458
-0.0000000505
-0.0175116602
-0.0188401882
-0.0379977562
-0.0081506977
-0.0000090449
-0.0092108538
-0.0517824329
-0.0466765836
-0.0612694770
-0.0388013609
-0.0101244319
0.0078838719
-0.0199549049
-0.0361496210
-0.0007667073
-0.0321676768
0.0428660400
-0.0628664121
-0.0461889021
0.0023867416
-0.0413346179
-0.0428233892
-0.0000252216
0.0016624436
-0.0183661617
-0.0179677717
-0.0072004921
-0.0005573489
-0.0001832322
-0.0184941366
0.0240976010
0.0270354990
0.0001265339
-0.0000000022
0.0471347496
0.0171652753
-0.0000000138
0.0348002911
-0.0003752930
0.0003853546
0.0002514708
0.0018578166
0.0293802377
-0.0188390054
0.0000000027
-0.0007748149
-0.0534680188
0.0268458929
-0.0000167676
0.0216738284
0.0130330259
0.0006024164
-0.0427585095
0.0008736940
0.0013186367
-0.0063553597
-0.0000002629
-0.0000639405
0.0465643629
-0.0000038519
-0.0000045638
0.0123433368
-0.0026475554
0.0262563713
-0.0000000425
-0.0401514545
-0.0576927252
-0.0504067652
-0.0000003787
-0.0577416234
0.0145037537
-0.0136545710
-0.0640211254
-0.0302369166
-0.0495106429
-0.0355959907
-0.0000138316
-0.0859831274
0.0006879651
0.0238819681
-0.0183349792
-0.0237379558
0.0235263649
-0.0119450465
-0.0000584365
0.0000238218
-0.0000004973
0.0101044867
-0.0170501024
0.0000009173
-0.0000002693
-0.0643737242
-0.0000013204
-0.0000001406
-0.0438110083
0.0003662986
-0.0000000004
-0.0460620299
-0.0190109815
-0.0381363146
0.0007131189
-0.0000402940
0.0014627253
0.0128026996
-0.0000000302
0.0014201989
0.0011312222
0.0068352609
0.0467853546
-0.0000000071
0.0373837464
0.0032195426
-0.0014569912
-0.0184691940
0.0267141685
-0.0004302333
0.0000479937
0.0235503986
0.0301611125
0.0000002304
0.0000002163
0.0043364000
-0.0528190099
0.0014242937
0.0516899750
-0.0690852106
0.0112236617
0.0003127578
-0.0019972059
0.0113582248
0.0000048545
-0.0261038616
-0.0486086421
0.0030579548
0.0000003100
0.0000676199
-0.0006799469
-0.0035903926
-0.0000001088
-0.0724301934
-0.0000000482
-0.0339498743
-0.0225403607
-0.0000000129
0.0033289634
0.0023307139
-0.0441497862
-0.0016945769
-0.0450145751
-0.0225881711
0.0000074939
-0.0000004894
-0.0255150888
-0.0375635363
0.0001140733
-0.0000000072
0.0020244014
0.0025303597
0.0440996960
0.0193567965
-0.0000127998
-0.0338928774
0.0350465439
-0.0408804417
0.0156345125
-0.0000000206
-0.0000000002
0.0032847524
0.0002921478
-0.0000002812
0.0000887387
0.0000008726
0.0000015750
0.0193616636
-0.0056533823
0.0246435888
-0.0004418857
0.0066456599
-0.0493299477
-0.0100402292
-0.0392972603
-0.0004866756
0.0025777172
0.0059826933
-0.0327259339
-0.0389673561
0.0252900627
-0.0294415094
-0.0397878662
0.0000003768
0.0448669828
-0.0000003003
0.0000000174
-0.0055759139
0.0002639709
0.0027126907
-0.0000000979
-0.0000000474
-0.0000590111
-0.0139323324
0.0417406969
-0.0106598623
0.0233160090
0.0000023099
-0.0391033925
-0.0236649942
0.0000298814
0.0400443673
-0.0000272118
0.0001968641
-0.0000000406
0.0000450096
0.0248042159
-0.0000634719
-0.0000619184
-0.0010856012
-0.0246454999
-0.0361126475
0.0004447853
0.0001645406
-0.0009405845
-0.0023977871
0.0413427651
-0.0815490559
0.0000000350
-0.0006596896
0.0007387419
-0.0055082217
-0.0081772404
-0.0000001615
0.0186982267
-0.0234604497
-0.0261380915
-0.0229236633
-0.0000000060
-0.0485337339
-0.0183932390
-0.0000000373
-0.0197351072
0.0481204912
-0.0114953686
-0.0000006086
0.0000016896
-0.0158755016
0.0000000914
-0.0000007372
-0.0000000509
-0.0008866973
-0.0000000031
-0.0006482935
-0.0000000770
0.0015061097
0.0283161327
-0.0000003921
0.0000003425
-0.0000000015
0.0003264511
0.0000000006
-0.0000338401
0.0142399697
0.0463579409
0.0000000182
0.0449156128
0.0002412668
0.0000000043
0.0000000091
-0.0010026922
-0.0382815264
-0.0340746529
0.0221977178
0.0285106581
-0.0135731865
0.0000000404
0.0041093798
0.0257692728
0.0000002967
0.0480702631
-0.0501640700
-0.0393898487
0.0187063012
0.0000009738
0.0000001347
-0.0148275970
-0.0287269484
-0.0020142540
-0.0316051506
-0.0000002187
-0.0618630536
-0.0000000020
-0.0397716723
0.0000569640
-0.0000847072
-0.0268939920
0.0053446488
0.0004600026
0.0000000035
-0.0342829265
-0.0273127425
-0.0293177683
-0.0351081602
0.0482142493
0.0290519688
0.0269020181
0.0303984042
0.0000001957
0.0027402334
0.0391206779
0.0000000023
0.0258940123
-0.0272203889
-0.0322552100
0.0287265312
0.0000016722
0.0006877322
0.0000000167
-0.0178212263
0.0059647760
0.0034386339
-0.0310261175
0.0000001554
0.0216158256
-0.0362358838
0.0000000009
-0.0000000020
-0.0000000122
0.0526866540
0.0147890998
0.0220279396
0.0695497617
0.0000000095
0.0172547698
0.0368397608
-0.0000000200
0.0176404901
-0.0006551397
0.0362358838
-0.0000770183
0.0009470797
-0.0318360403
-0.0040327152
-0.0007552429
0.0000018063
0.0039143921
0.0092250220
-0.0368861780
-0.0000030549
-0.0001953770
0.0000000130
0.0000001321
0.0000000206
0.0484891832
0.0010567333
0.0451696403
0.0154954502
-0.0000000197
-0.0000000102
0.0000430376
-0.0010413671
0.0000477333
-0.0021593911
-0.0381850414
-0.0000006665
-0.0000000277
-0.0001536296
0.0000252860
-0.0280201007
-0.0000000254
0.0000000147
-0.0001129019
0.0094774030
0.0175242033
0.0000001487
-0.0000136555
0.0270844288
0.0000000178
-0.0000083638
-0.0111813750
0.0000000835
-0.0023853648
-0.0061698123
-0.0556197241
0.0012118057
-0.0112650460
-0.0000002649
0.0026221299
0.0000001497
-0.0132851042
0.0048743580
0.0373339169
0.0438565388
0.0446862094
0.0097733131
-0.0325947516
-0.0000000186
0.0020300911
0.0000001271
0.0000091406
0.0000017972
0.0008595914
0.0000985256
-0.0344321132
-0.0389499664
0.0528085977
-0.0000120285
-0.0125438767
0.0148083540
-0.0484191068
0.0000001182
0.0093221096
-0.0000937027
0.0060761673
0.0202184897
0.0068819560
0.0013763395
0.0120326448
0.0149182258
-0.0298705343
0.0000223391
-0.0279101767
0.0424860865
-0.0033815103
-0.0013582809
-0.0012263586
0.0514610372
-0.0000001264
0.0000000237
0.0000031129
-0.0286830645
-0.0160262231
-0.0002333366
0.0700810626
0.0000000072
-0.0084680561
0.0148759773
0.0000000636
0.0320386030
0.0008733942
0.0000000241
-0.0000004351
-0.0401445404
0.0000001889
-0.0000001910
0.0146580646
0.0118364580
0.0001241677
0.0000000028
0.0093163038
-0.0271067508
-0.0000065332
0.0480573066
-0.0539169535
0.0256336872
0.0006853240
0.0023438113
-0.0239346102
-0.0433341488
0.0397408456
0.0000000415
-0.0013081450
0.0000566321
-0.0103986319
0.0032945392
0.0367693529
-0.0205261651
0.0005426240
-0.0185238775
0.0039911531
-0.0135986889
0.0000003781
0.0076622679
0.0043579238
0.0000000027
-0.0000010263
0.0207053907
0.0000016582
0.0000000903
0.0000000003
0.0140541401
0.0444021635
-0.0000000031
-0.0000000676
0.0000007251
-0.0000001379
0.0315506756
-0.0119461836
0.0000217834
0.0443740897
0.0447816364
-0.0000023224
0.0150735555
0.0232734568
0.0001276150
-0.0452736504
0.0265167840
0.0195181817
-0.0215210877
-0.0197484996
0.0577939153
0.0252079535
0.0126083726
0.0027384721
-0.0001635251
-0.0032001354
0.0119261993
-0.0263032410
-0.0238877274
-0.0000000046
0.0107308626
-0.0290567707
-0.0000001030
-0.0000000004
-0.0056365873
-0.0000103453
-0.0000000025
-0.0092570875
0.0252936855
-0.0287343692
0.0345048085
0.0015411020
-0.0000000000
0.0557305887
0.0031372153
-0.0000000338
0.0000646061
0.0414120518
-0.0257353969
0.0241170451
-0.0514833294
-0.0000001390
0.0001051623
0.0477822460
-0.0561513156
-0.0282720122
0.0372367948
-0.0000400148
-0.0198645536
-0.0078858370
-0.0000651287
0.0319306254
0.0347204506
0.0000307000
-0.0113034947
0.0418446697
-0.0000000928
-0.0364898704
0.0000000500
0.0457454212
-0.0148960669
-0.0000011681
0.0000002862
-0.0000226133
0.0051357215
0.0007266590
0.0000006175
0.0308000203
0.0229763482
-0.0048440793
-0.0000000000
0.0250718631
-0.0031870352
-0.0202008765
0.0006423756
0.0185083840
-0.0000000225
-0.0333526023
-0.0208894406
-0.0128947040
0.0000934406
-0.0350718759
-0.0059637022
-0.0361774787
-0.0000290075
0.0049945782
-0.0000000124
-0.0188937280
0.0243417658
-0.0000399732
-0.0000000025
0.0000000471
0.0182086155
0.0046059298
-0.0094710495
-0.0000000500
-0.0463274606
0.0303542018
0.0302786734
-0.0002345519
0.0494533367
-0.0000018466
0.0360650569
-0.0000002699
0.0014152136
0.0397870429
-0.0000000036
0.0000361632
-0.0056075193
0.0037512248
-0.0001482466
0.0457373001
0.0284485389
0.0088707572
0.0000025323
-0.0273310225
0.0041298936
-0.0009971847
-0.0459880047
-0.0389978290
0.0027297644
-0.0000179528
0.0272042342
-0.0117250597
-0.0141646406
0.0158050694
0.0310195461
0.0226646662
0.0103029218
-0.0000001057
-0.0001793413
-0.0000038927
-0.0615441166
-0.0000000016
-0.0337597094
-0.0000000429
0.0372981690
-0.0000034187
-0.0000011087
0.0393325388
0.0000096612
0.0000011205
-0.0261637773
-0.0000000989
-0.0000008764
0.0000037641
0.0303818192
0.0213320069
-0.0000000002
0.0310304407
0.0311345626
-0.0139534324
-0.0124732824
-0.0392638780
-0.0002211803
0.0084565924
-0.0000005581
0.0155477123
0.0279599428
0.0058861561
0.0000012332
0.0113275312
-0.0388654955
-0.0000000217
-0.0259751696
0.0021802478
-0.0000000283
-0.0084807994
0.0163265113
0.0003576877
0.0336814560
0.0009656522
-0.0134465443
0.0000002111
0.0000000030
-0.0080077210
-0.0000005788
0.0193410330
-0.0000000339
-0.0000000413
-0.0005819204
0.0190951694
0.0001473746
0.0102637270
-0.0125649022
-0.0440301299
-0.0356566906
-0.0000000312
-0.0005410799
-0.0000005631
0.0000000002
-0.0000113647
-0.0074801720
-0.0000081723
0.0000002191
0.0004319078
-0.0335246101
-0.0154352095
-0.0265735611
-0.0151116811
-0.0504877158
-0.0000001706
0.0000000524
0.0135255586
0.0000085055
-0.0001990914
0.0181058981
0.0012974967
0.0000000790
0.0103403348
-0.0119483136
-0.0053339102
0.0000000192
0.0355322659
0.0048495163
-0.0109214764
0.0245980080
-0.0421400890
0.0113371816
-0.0002546178
0.0413372554
0.0004338687
-0.0271188822
-0.0468737967
-0.0005070581
0.0196090769
0.0000453736
-0.0000002945
0.0124011189
0.0000564608
-0.0000119823
0.0000000279
0.0000000008
-0.0304490775
0.0000010670
0.0000000811
0.0000147675
0.0435026139
-0.0000215962
-0.0187296439
-0.0045409212
0.0008954194
-0.0423764326
0.0013144924
0.0012253020
0.0005081092
0.0000001788
0.0003354521
0.0029322845
0.0446724705
-0.0014983194
-0.0000000176
-0.0000000488
-0.0000507458
0.0368435271
-0.0110783624
-0.0000000981
-0.0002242949
-0.0193551891
-0.0000000000
0.0000220365
0.0033840602
0.0000116452
0.0002917775
0.0190198682
-0.0068236133
-0.0035773374
-0.0040641604
0.0288035665
-0.0000000124
0.0024146854
-0.0000004129
-0.0257933196
-0.0000021615
0.0008493047
-0.0000014688
0.0000000559
0.0000000198
-0.0128168333
-0.0104341749
-0.0442206152
0.0000003599
0.0001432457
-0.0000000448
0.0402419344
-0.0038317423
0.0005333994
-0.0000001698
-0.0000001369
0.0000039735
-0.0000992274
0.0002295924
0.0305518825
-0.0005057862
-0.0000520651
0.0047130841
-0.0324574374
-0.0198228844
-0.0078080883
0.0274778996
-0.0000000991
0.0097715566
0.0384975746
0.0045192684
0.0038491103
-0.0000011480
0.0204935018
0.0000000063
0.0000044027
0.0000000647
0.0000004285
0.0003888121
0.0000000159
0.0000098700
0.0103661399
-0.0014854177
-0.0001904310
-0.0000031903
-0.0000000220
0.0044162078
-0.0000013436
-0.0522863828
0.0000010180
0.0305885896
0.0090750307
-0.0286244731
-0.0368078537
-0.0000000001
0.0070789009
0.0372681394
0.0371148326
-0.0263972450
-0.0173946340
0.0067562186
-0.0000003896
-0.0000004520
0.0171432570
-0.0000108654
0.0000041696
-0.0000000040
0.0000180923
-0.0055772346
-0.0000000915
-0.0000033353
-0.0069302740
0.0037554123
0.0340029150
0.0000000348
0.0039417939
0.0243383273
-0.0329345055
-0.0016566669
-0.0007979358
-0.0248715226
0.0351973735
-0.0000002336
-0.0000000099
0.0425622053
-0.0419493355
-0.0054323645
-0.0000330222
0.0000000367
-0.0223032292
-0.0000000419
0.0428532064
-0.0194568690
-0.0000869881
0.0270022433
0.0065829302
0.0000009439
0.0195603538
-0.0006834447
0.0230911281
0.0006631502
0.0610973500
0.0000803640
0.0000046951
0.0038147031
0.0001983306
-0.0000000594
-0.0000002530
0.0103783598
0.0094107967
-0.0030871672
-0.0351298898
-0.0493402779
-0.0163077153
0.0000406621
-0.0115897795
0.0529843420
0.0362107903
0.0000000240
-0.0000422282
0.0400158577
0.0000550314
-0.0195453074
0.0391063914
0.0146757243
0.0224052891
-0.0026914473
0.0093959058
-0.0000000061
-0.0468766466
-0.0000000060
0.0000010822
-0.0010684729
-0.0116569987
0.0001050190
0.0235030334
0.0290300436
-0.0013273249
0.0168695096
-0.0000000428
0.0000000458
0.0004897967
0.0000666923
0.0326575078
-0.0000007809
-0.0050127497
-0.0233336948
0.0021552576
-0.0385696441
0.0125768520
-0.0277235936
0.0288188010
0.0063387537
-0.0309423450
0.0096416613
-0.0000893617
-0.0000000076
-0.0000000000
-0.0051047672
-0.0075542261
-0.0000000531
0.0028219642
-0.0342822522
-0.0291595273
0.0309051201
0.0330877490
0.0154717453
-0.0000000109
0.0000032631
0.0156677775
0.0418934114
-0.0000038266
-0.0081357453
0.0042587956
-0.0000058766
0.0274437722
0.0109935431
-0.0044775079
-0.0258121528
0.0388040282
0.0000000514
0.0538154766
-0.0195596311
0.0059339884
0.0000020863
0.0281103011
0.0000667177
-0.0137281818
0.0000000377
0.0318184681
-0.0000101262
-0.0000000437
-0.0360247828
0.0114098880
-0.0108666755
0.0050685569
-0.0000041071
0.0000000067
-0.0000000130
-0.0000005758
0.0221467130
-0.0229092147
-0.0212324746
0.0012781620
0.0088342270
0.0221561175
-0.0000021455
-0.0266557429
-0.0461292416
0.0508377366
0.0224073343
-0.0287828911
-0.0188849103
-0.0019939982
0.0146477884
-0.0000001830
-0.0000000263
-0.0318807922
0.0000000320
0.0000093363
-0.0203370266
-0.0000002444
-0.0023090853
0.0114728790
0.0017733134
-0.0045525935
0.0000008323
0.0008809615
-0.0000015897
0.0167778879
0.0161687378
-0.0193356648
-0.0019226170
-0.0000147806
0.0653306544
-0.0340130143
0.0044456152
-0.0025522891
-0.0246708654
0.0357302576
-0.0270899162
0.0497643314
-0.0060573197
-0.0000005545
-0.0309815854
0.0083743269
0.0000001441
0.0079768002
0.0000004021
0.0344739929
-0.0000015229
-0.0001093046
0.0000000081
0.0148266163
0.0002550359
-0.0141938347
-0.0073865643
-0.0034958795
0.0192635488
0.0000528676
0.0000082614
-0.0402032435
0.0006467333
0.0141338911
-0.0336614884
-0.0003496846
0.0026103838
-0.0000000010
-0.0339205079
-0.0571749583
-0.0503136888
-0.0341357738
-0.0350366160
0.0000000477
-0.0258335825
-0.0356051475
0.0105171455
0.0000013028
-0.0151006728
0.0314461626
-0.0000422744
0.0147593515
-0.0038350096
-0.0000000544
-0.0327744633
0.0066005778
0.0308036078
0.0326150879
0.0324089378
0.0011514162
-0.0000000008
0.0000000920
0.0087509053
0.0302457511
0.0304032918
0.0164561365
0.0414470807
0.0024965114
-0.0000001760
0.0000009759
0.0446036346
-0.0528099500
0.0390547551
-0.0000000254
0.0258655827
0.0408517905
0.0573240444
0.0000249958
-0.0187330339
0.0000000161
0.0001228789
0.0004193851
-0.0000568700
-0.0000000518
0.0469322354
0.0083267596
-0.0195903648
-0.0169442054
-0.0422184877
0.0000052032
-0.0418305136
-0.0000000229
-0.0000389634
0.0270621143
-0.0000000169
0.0000085397
-0.0007648410
0.0107536875
0.0101703294
-0.0002658005
-0.0050035003
0.0015130896
0.0222816151
-0.0545560420
-0.0065724230
-0.0007581119
-0.0222975798
-0.0070030889
-0.0000413011
-0.0308793802
-0.0000001704
-0.0010987307
-0.0230454169
0.0004342428
0.0036684461
-0.0059849168
-0.0183762088
-0.0438889638
-0.0288068745
0.0105211809
-0.0000000073
0.0284962226
0.0000000009
0.0000000013
0.0360691808
0.0392639711
0.0051738960
0.0216528662
0.0272289161
-0.0000004776
0.0140734287
0.0163739417
0.0391497388
0.0062406566
0.0361249335
0.0031334667
-0.0008805976
0.0000000649
0.0483593717
-0.0000036729
-0.0000385553
0.0182236340
0.0000001398
0.0003589677
0.0059924717
0.0237484332
-0.0000001447
-0.0000000432
0.0108643034
-0.0265657827
-0.0025252993
0.0000009208
-0.0000002107
0.0474722199
-0.0232828241
0.0012829747
-0.0030428129
-0.0000097243
-0.0063775890
-0.0305728707
-0.0008571801
-0.0004957888
-0.0209988859
-0.0351414680
-0.0408341810
0.0001257738
-0.0690477043
-0.0287572574
-0.0000000025
0.0000007491
-0.0011097031
0.0001827569
0.0027023163
-0.0039843181
-0.0173293967
-0.0295935888
-0.0411229469
0.0249513481
0.0380356573
-0.0379698873
0.0000029962
0.0251676850
0.0303562116
-0.0002410415
-0.0002954369
0.0000046428
0.0000000001
-0.0247916095
-0.0000000096
0.0271784943
0.0000532960
-0.0000162729
-0.0228363909
0.0000000001
0.0004579082
0.0145973070
-0.0000000356
0.0195315629
0.0328787416
-0.0000015878
-0.0110294586
0.0032328339
-0.0271426048
-0.0198206995
0.0236578528
0.0107322857
0.0001838341
0.0047279415
-0.0000000054
0.0000000226
-0.0000002897
-0.0000004741
0.0396479554
-0.0244347956
-0.0030856750
0.0000000253
-0.0304846577
-0.0000000509
-0.0000002219
0.0000300138
-0.0320539065
0.0059421235
-0.0062478082
0.0001032910
0.0531845354
-0.0534036346
-0.0000004443
-0.0345019698
-0.0353328101
0.0000042238
0.0328653678
0.0000000985
-0.0447186902
0.0205336157
-0.0018487760
0.0186741054
-0.0468052700
-0.0000017034
0.0000413358
-0.0341757126
0.0106929764
0.0166513417
-0.0308985431
0.0000083245
-0.0667902082
-0.0497293957
0.0588136129
0.0162794217
0.0024695629
-0.0039893975
-0.0000008314
0.0570989549
0.0126943029
-0.0001514910
-0.0049462481
-0.0002329261
-0.0065034046
-0.0000000135
0.0386957377
0.0240016766
0.0456106067
0.0086042965
-0.0119941700
0.0429270528
-0.0175486300
-0.0329400785
0.0198948681
0.0000001803
0.0757222772
0.0491696671
-0.0262722094
0.0009472199
-0.0000001365
-0.0012223556
0.0000000922
-0.0257017761
0.0291679837
0.0198640749
0.0281523746
-0.0222460292
0.0664484873
-0.0000071764
-0.0384328738
0.0371231697
0.0401909463
0.0000061139
-0.0000000176
0.0072034090
0.0001967010
0.0000006272
-0.0854801834
0.0453172177
-0.0551782548
-0.1056544557
0.0086412737
-0.0563886128
0.0002699043
0.0015800345
-0.0000186165
0.0190942623
0.0018792938
-0.0353140831
-0.0692033023
-0.0369248800
-0.0000004594
-0.0812958777
-0.0683070496
-0.0185215827
0.0089279963
0.0000000155
0.0090784440
-0.0018885210
-0.0180573072
-0.0000001861
-0.0084555699
0.0004308776
0.0002909684
0.0195706170
-0.0273055919
0.0201908052
-0.0000000254
0.0391114950
-0.0000000718
-0.0000000564
0.0047048875
-0.0013870199
0.0605334193
-0.0000000111
-0.0000010567
-0.0000002277
0.0159928408
-0.0000000047
0.0190164968
0.0229159929
0.0441041291
-0.0120630069
-0.0431109108
0.0407531373
0.0338468514
0.0203773882
-0.0054241326
0.0002612259
0.0004533349
0.0342311524
0.0016149720
-0.0375710949
0.0026527729
0.0006833051
0.0001201846
-0.0063843839
0.0000001182
0.0237743836
-0.0229947623
0.0000038412
0.0249298867
0.0300173983
-0.0452329069
0.0074678878
-0.0000000154
0.0000087888
0.0012375086
-0.0507255085
0.0355596766
-0.0000003421
-0.0382660739
-0.0371498466
-0.0266522113
0.0003353309
0.0009569218
-0.0429335907
-0.0199438483
-0.0351500399
-0.0415578373
-0.0327682942
-0.0525078624
0.0099612409
0.0518282577
0.0120605929
0.0010303555
0.0001340441
0.0317711160
0.0416389368
0.0000000653
0.0369806662
0.0101988744
0.0000504364
0.0000108785
0.0000000097
0.0000001424
0.0130802095
0.0071226591
0.0004272781
0.0217851289
0.0416689813
0.0434373766
-0.0050940812
-0.0098499898
0.0365502760
0.0236145947
-0.0262771286
-0.0000000081
0.0000000050
0.0006846762
0.0000152655
0.0264847782
-0.0135815013
0.0002309519
0.0002993369
0.0128982365
0.0313296989
-0.0011977841
0.0015036318
-0.0001451802
0.0000008713
0.0000951537
-0.0372791961
0.0033066745
0.0000000482
-0.0099916635
-0.0323414318
-0.0167633984
-0.0000001043
-0.0017933333
0.0000000447
-0.0000000482
-0.0086416351
-0.0048560258
-0.0000008248
-0.0000254429
0.0177677497
-0.0112002380
-0.0902418494
0.0179704651
0.0000000085
-0.0172433667
-0.0252134725
0.0181926060
-0.0808489546
-0.0013632912
0.0000000640
-0.0378554165
0.0026662129
-0.0000007267
-0.0408462994
0.0000004834
0.0000942746
0.0001739827
0.0174026862
-0.0091128014
0.0000227536
0.0000011456
0.0006689291
-0.0002271376
-0.0000000153
-0.0173328370
0.0019843760
-0.0408193059
-0.0209519602
-0.0232275818
-0.0000272807
-0.0403348953
0.0000071296
0.0413265452
0.0000049552
-0.0364931636
-0.0008076172
0.0014591730
-0.0009971187
0.0000146232
0.0003051159
0.0189492498
0.0498434827
-0.0581490695
-0.0077159754
-0.0335928164
-0.0334362686
-0.0233641490
-0.0216232259
-0.0002529235
-0.0000001397
-0.0085159950
0.0000016737
-0.0060103643
0.0000036654
-0.0049833967
-0.0540660024
-0.0000007714
-0.0000008342
0.0021923771
-0.0397799723
-0.0000422901
0.0000057077
0.0000007838
-0.1065364629
0.0002905309
-0.0539565235
-0.0466336235
0.0611326508
-0.0000249281
-0.0396782532
-0.0001105760
-0.0929815024
-0.0846003890
0.0091101089
0.0000001614
0.0000002341
-0.0532177724
-0.0415220819
-0.0446510836
-0.0003539109
0.0099982005
-0.0458389595
-0.0239162166
0.0229694266
-0.0082030622
-0.0131238373
0.0020772144
-0.0000000625
0.0000127543
-0.0144435409
0.0000000112
0.0164637901
0.0304054152
-0.0218800884
-0.0194676537
-0.0443722531
0.0430316888
0.0000000053
0.0063474355
0.0349870995
-0.0423197038
0.0142840939
-0.0023702970
0.0017504491
0.0000133320
-0.0000000987
-0.0092974221
-0.0379902869
0.0061005922
-0.0375724882
0.0314438902
0.0158881750
0.0000013850
-0.0000004644
-0.0535999350
-0.0128908064
-0.0827287138
-0.0000000027
-0.0448757708
-0.0893032849
-0.0000000309
0.0058871908
-0.0207025614
-0.0164783970
-0.0294650290
0.0252431352
-0.0132618500
-0.0446672104
0.0000192292
-0.0583036318
0.0000000305
0.0000000521
-0.0007074161
-0.0000000022
0.0005758595
-0.0816950798
0.0008564933
-0.0000000002
-0.0200558975
0.0000353365
0.0393063948
-0.0025444506
-0.0205443520
-0.0487289280
-0.0238070916
-0.0000611295
-0.0000071415
0.0387932546
0.0000018479
0.0082515972
-0.0026084366
0.0047737341
0.0247699656
0.0534252860
-0.0115697077
0.0422951058
0.0081789056
0.0355290212
0.0048884391
0.0436527468
0.0354555994
-0.0000101159
0.0266803373
0.0000333818
0.0000304220
-0.0025392948
-0.0349134915
-0.0000001097
-0.0000003143
0.0362926275
-0.0197779499
-0.0000004041
-0.0333350636
-0.0229903255
-0.0035780370
-0.0161635708
-0.0274038985
-0.0373124518
0.0167798568
0.0006329726
0.0016805338
-0.0000053362
-0.0484882668
-0.0147959385
-0.0000001042
-0.0239859316
-0.0296749566
-0.0259297416
-0.0127915787
0.0076430193
-0.0489195473
-0.0043250136
-0.0540108718
-0.0621753931
0.0207253378
0.0000000087
-0.0224599466
-0.0107985456
-0.0550356023
0.0001934106
0.0000022925
-0.0000273998
-0.0054376647
-0.0000008954
-0.0473525859
0.0398475863
-0.0406037159
0.0272459574
-0.0000027891
0.0010103822
0.0001194175
0.0306132007
-0.0039204522
-0.0334744006
0.0445775874
0.0000013254
-0.0281347334
-0.0054226117
-0.0000245259
0.0106983315
-0.0000227422
0.0614359863
0.0281026438
0.0195151679
0.0021930118
-0.0000004618
-0.0114536509
-0.0004979103
-0.0457444824
0.0200492982
-0.0000000245
0.0002660388
0.0000001391
0.0058998871
0.0420059972
-0.0000001559
0.0004394101
-0.0353212394
-0.0500052385
-0.0050761169
-0.0000017821
0.0001624837
-0.0641773492
-0.0000001103
-0.0140868705
-0.0460928306
-0.0852536634
-0.0005840579
0.0280396324
-0.0167403203
0.0188263059
-0.0000001343
-0.0198288821
-0.0023727752
0.0382440910
-0.0842435434
0.0000006001
-0.0215872098
-0.0251953844
-0.0256547593
0.0316698477
-0.0000000379
0.0000000028
-0.0361309461
-0.0287656598
0.0000000029
0.0018051902
-0.1076139435
-0.0415084139
-0.0085769203
-0.0159525927
0.0002378473
0.0073917909
-0.0106388573
0.0000001856
-0.0124660414
0.0550946556
0.0105555952
-0.0269912425
0.0000002889
-0.0216697436
0.0135665191
0.0227640960
0.0001503501
0.0303999688
-0.0000574138
-0.0272996575
-0.0465297401
-0.0259858482
-0.0249827225
0.0540550016
-0.0000001910
0.0000115930
0.0418728478
-0.0107109798
0.0013390374
0.0000001413
-0.0387442671
-0.0504085980
0.0045243222
0.0000000199
0.0000348907
-0.0428043902
-0.0420466699
-0.0076389154
0.0027542703
-0.0518034287
-0.0325461067
0.0346223824
-0.0331099033
-0.0277380981
-0.0594714470
0.0146897975
-0.0000000233
-0.0769063830
0.0086002899
-0.0092306109
-0.0934247449
-0.0243632160
0.0357333310
-0.0346280374
-0.0003257706
-0.0534328930
-0.0329471566
-0.0021839221
0.0231606215
-0.0172685683
0.0236804597
0.0108536389
0.0040861606
-0.0000001260
-0.0084201172
-0.0537340753
0.0000000088
0.0424520709
-0.0357924439
0.0342047475
0.0109072756
-0.0194496829
-0.0000000376
-0.0312966183
0.0015248276
-0.0002275979
-0.0000004814
0.0000280786
-0.0000000005
-0.0003030190
-0.0424126312
0.0322024561
-0.0040447661
-0.0198727734
0.0018598860
-0.0334406346
0.0047266558
-0.0005855411
0.0035617894
0.0000009814
0.0000065885
-0.0045873574
-0.0241883323
0.0000109122
0.0267276317
0.0030460514
-0.0000000423
-0.0489558987
-0.0000001787
-0.0074910144
-0.0779792145
0.0000000033
0.0000029901
-0.0000150534
-0.0010622685
0.0274111088
0.0000000479
-0.0301256627
-0.0412868746
-0.0075690416
0.0000000565
0.0220650770
-0.0000001892
0.0000000807
0.0070451810
-0.0000000374
-0.0658052713
-0.0115717407
0.0276491959
0.0401632823
0.0000000856
-0.0010131435
-0.0172796212
0.0019465669
-0.0000000028
-0.0000001251
-0.1241787374
-0.0315283164
0.0000017247
-0.0407357402
0.0027466009
0.0000819472
-0.0043407991
-0.0025135526
-0.0031190859
0.0005452895
-0.0000000284
0.0000095035
0.0089858714
0.0006121976
-0.0080888821
-0.0123252850
0.0052671037
0.0000000740
-0.0194446370
-0.0056246063
0.0000000117
-0.0576400831
0.0053742020
-0.0000000004
0.0173970163
0.0070512588
-0.0426732488
-0.0000000335
0.0000001636
0.0000001617
0.0355718508
-0.0339253172
0.0350278206
-0.0415405333
0.0304644872
-0.0621834248
-0.0707710981
-0.1154767200
0.0383104570
-0.0847434774
0.0000029251
-0.0000000053
-0.0000008449
0.0000000049
-0.0631173030
-0.0294641051
-0.0179396961
-0.0726379007
-0.0440510660
0.0139305228
-0.0000001037
0.0385265946
0.0000035805
-0.0000000772
-0.0145660518
-0.0446569286
-0.0518589914
0.0000000270
0.0000003569
-0.0009490881
0.0029510967
-0.0737009048
-0.0000000211
0.0000007188
0.0292005576
0.0000031115
0.0000001876
-0.0184916370
-0.0536741950
-0.0542660616
-0.0522217192
0.0012462338
-0.0207192395
0.0000074204
-0.0000000005
-0.0000000195
0.0254048221
0.0017087319
-0.0024636588
-0.0002806630
-0.0000000369
0.0002031781
0.0000000393
0.0000001523
0.0294898916
0.0411541499
-0.0000001223
-0.0521807857
0.0234752428
0.0000040336
-0.0000000242
0.0018493886
0.0006445025
0.0277556181
0.0005516949
-0.0000107034
-0.0359441526
-0.0467466637
0.0000619460
0.0000000001
-0.0077582709
-0.0000037806
0.0250496045
0.0346483663
-0.0932657048
-0.0000000524
0.0302953087
-0.0001033741
0.0000002377
0.0000000019
0.0000001039
-0.0469614565
-0.0192025378
-0.0266147368
-0.0323078297
-0.0041193576
-0.0009201324
0.0000001186
-0.0000000783
-0.0523505621
-0.0278242957
0.0143900244
-0.0376756899
0.0284209512
-0.0282646567
-0.0230367780
0.0030415370
-0.0000000339
0.0235276371
-0.0637671575
-0.0334402174
0.0223091654
0.0042293984
-0.0000093856
-0.0548088662
0.0000000002
0.0010418744
0.0000052991
0.0021300318
-0.0236319695
0.0011306774
0.0229907669
-0.0000073858
0.0269397516
-0.0000966240
-0.0234380197
-0.0017351361
0.0000005579
0.0380991027
0.0436892174
0.0027349258
-0.0331766829
0.0024689359
-0.0209481474
0.0498793237
0.0000000671
0.0000005615
-0.0145942485
0.0373497009
-0.0207445174
-0.0219688509
0.0127362572
-0.0000000135
-0.0626431555
0.0155216139
-0.0002919113
0.0283961035
-0.0049052802
0.0219447855
0.0000002325
-0.0071327058
0.0000117746
-0.0124631440
0.0000035346
0.0260984581
0.0315435901
0.0222200435
0.0139646325
-0.0105040390
0.0377320200
-0.0365228839
-0.0489724837
0.0088695278
-0.0225146804
-0.0165379439
-0.0001255757
0.0292697418
0.0505965650
0.0000035645
-0.0056020916
0.0346440785
0.0116916997
-0.0628526509
-0.0250109285
0.0171909165
0.0007343608
-0.0736309737
-0.0013977283
0.0000023855
0.0321753435
-0.0441366807
0.0077038030
0.0272043552
-0.0024015710
-0.0000036469
0.0503090695
0.0136106396
0.0425180309
0.0002272289
0.0112025021
-0.0000701716
-0.0001312495
-0.0002740222
0.0139105162
-0.0000095695
-0.0442797095
-0.0025046284
-0.0029567240
0.0020352311
-0.0006615149
0.0033066471
-0.0144266505
-0.0135207819
0.0219427589
0.0000000398
-0.0000000108
0.0023180307
-0.0364809297
0.0204469729
0.0000003693
0.0407019444
-0.0000327676
-0.0234652925
-0.0220802873
-0.0000004931
-0.0696849152
0.0000000184
-0.0158943236
-0.0000000023
-0.0000018403
-0.0538570434
0.0074435961
-0.0009271043
0.0000000174
-0.0215489101
-0.0000003718
0.0000001626
-0.0243820641
0.0043478380
-0.0008590649
0.0000000477
-0.0541755818
-0.0440102778
-0.0490450114
0.0011859353
0.0000119068
-0.0436442941
0.0000000845
-0.0746973529
0.0019259134
-0.0191319063
-0.0650867745
0.0000000001
0.0157778487
0.0007500696
-0.0002576208
-0.0027070979
-0.0219017640
-0.0212342218
0.0087570744
0.0000424358
0.0221982840
-0.0000684615
0.0062695872
-0.0000174676
0.0117351506
-0.0000041750
0.0086044222
-0.0137390140
-0.0373024233
0.0162930433
0.0000810397
0.0004233592
0.0569805205
-0.0000001589
0.0152856978
-0.0000000450
0.0049121049
0.0086737694
-0.0085081011
-0.0694860145
0.0050961031
0.0024802808
-0.0000012994
0.0007366475
-0.0270961151
0.0004840399
-0.0487203822
-0.0238775183
-0.0342887118
-0.0000430856
-0.0384575389
0.0000000212
0.0000000394
-0.0013218296
-0.0505409651
-0.0007664635
-0.0674298480
-0.0027843737
-0.0227050614
0.0000000079
0.0000000105
-0.0051295706
-0.0342485122
0.0374292694
0.0211658999
-0.0159353539
0.0000942984
-0.0001178935
-0.0000000031
-0.0358346887
0.0298802201
0.0026047421
0.0227007121
-0.0703321844
0.0181432180
0.0000296979
0.0021039420
-0.0423419736
0.0109073389
0.0000355485
-0.0003210185
0.0043042265
0.0000310969
-0.0077431547
0.0146155432
-0.0000867162
-0.0005221634
0.0000010577
0.0044621713
0.0000000019
0.0520776846
-0.0000000062
0.0464672782
-0.0004465993
0.0046159537
0.0001593361
-0.0402355418
-0.0488380194
-0.0000089723
-0.0019738430
-0.0000024526
-0.0446787961
0.0000009424
-0.0641791299
-0.0270743202
-0.0001428632
0.0057781623
-0.0186624210
-0.0122291418
-0.0941679329
0.0000473799
-0.0058488185
0.0003581085
0.0000000415
0.0000000036
0.0292390939
0.0227651820
0.0000086847
0.0030534794
0.0467488132
-0.0451731831
-0.0000000030
-0.0088589536
-0.0023363177
-0.0701313242
0.0000000466
-0.0003754763
0.0407507680
0.0000023469
-0.0129571706
-0.0382916667
-0.0960462689
0.0000010106
-0.0180329140
-0.0059712194
-0.0018537514
0.0169026144
-0.0000002342
0.0377335101
0.0000000090
-0.0062489635
0.0000361871
0.0000000334
-0.0008216707
0.0326586887
0.0260280035
0.0018248074
-0.0000000004
-0.0373916663
-0.0265552271
-0.0000007370
-0.0048251115
-0.0162528995
-0.0000581558
0.0000391510
-0.0074038426
-0.0067390837
0.0149911009
0.0291381422
0.0142055629
0.0000000248
0.0018054326
0.0111289816
-0.0000027943
0.0314089768
-0.0408923961
-0.0001784829
0.0004338652
-0.0289882515
-0.0000000549
0.0021205475
-0.0001407914
-0.0000001030
-0.0649706349
0.0000000095
-0.0000007298
-0.0326504335
-0.0000000058
0.0141991284
0.0051929955
-0.0017581324
-0.0000000567
0.0103663001
-0.0694952533
0.0127126146
0.0000001744
-0.0139381289
0.0000585949
-0.0008585805
0.0000000702
0.0000000074
-0.0541444868
-0.0303878672
0.0014753441
-0.0580543913
-0.0024381129
-0.0000000507
0.0000051561
-0.0458903648
-0.0035010092
-0.0803199708
-0.0000809266
0.0279433299
-0.0985094756
-0.0449147522
-0.0493997335
-0.0388250463
0.0003238968
0.0000101283
0.0010435177
-0.0110491309
-0.0240099560
-0.0112654865
0.0166807063
0.0173088312
-0.0000000081
0.0000013760
-0.0074782600
0.0167621672
-0.0000005876
0.0000000047
0.0163981374
-0.0000017361
0.0000004317
0.0000001315
0.0180831905
-0.0000000239
0.0240031052
0.0003128093
0.0000003684
0.0000002416
0.0000002107
-0.0804846585
-0.0002386645
-0.0462117046
0.0130355312
-0.0816389471
-0.0184019860
-0.0150542641
-0.0318130478
0.0002458315
0.0000002553
-0.0335781574
0.0000002680
-0.0277119838
-0.0000000283
0.0350833647
0.0000673366
0.0000000009
0.0004480902
-0.0361527242
0.0348162130
0.0521110035
0.0000001705
0.0069934456
-0.0000163937
0.0057717017
0.0000104162
-0.0000071027
-0.0334818847
-0.0636219680
-0.0000000907
0.0076346132
-0.0014149674
-0.0311150346
-0.0117644956
-0.0000000201
0.0326330289
-0.0000000038
-0.0358018726
-0.0438304879
-0.0321257226
-0.0565377362
0.0415765867
-0.0000000009
-0.0000000162
-0.0158164557
0.0329981148
-0.0007133500
-0.0122566149
0.0502200797
0.0189098194
-0.0378855541
0.0027500177
0.0554243885
0.0000121894
0.0036694244
0.0000015010
0.0094934031
0.0550351106
-0.0002331378
0.0140389549
-0.0450865291
0.0073879650
-0.0016097913
0.0501087569
-0.0000375968
0.0000000016
0.0297714695
-0.0003381892
-0.0058877291
-0.0000016360
-0.0203596428
-0.0092189228
-0.0294488538
-0.0168299824
-0.0000001404
-0.0538115352
-0.0452067740
0.0428914241
0.0070473058
0.0044972142
-0.0201516040
-0.0000001335
0.0007002128
0.0068469965
0.0208199415
-0.0000002023
-0.0000010977
-0.0306597538
-0.0000004247
-0.0460171811
-0.0542381480
0.0403436087
-0.0257870927
-0.0021132575
-0.0690925643
0.0366210639
0.0000000036
-0.0458276235
-0.0000000058
-0.0285604242
-0.0487656891
-0.0001723048
-0.0000000000
0.0056794123
0.0002274987
-0.0037532635
-0.0297998879
0.0000415580
-0.0000000005
0.0469302610
-0.0000157727
0.0012396524
0.0386327058
-0.0210909601
0.0000120468
0.0000000162
0.0204034001
-0.0000001274
0.0299889073
-0.0136283739
-0.0237425491
0.0052762991
-0.0047302367
0.0381337143
0.0000000068
0.0092565017
-0.0515878163
-0.0041019134
-0.0569658205
-0.0000019361
0.0022346999
-0.0000000268
-0.0000000892
0.0006538904
-0.0592919141
-0.0202371217
-0.0000000618
-0.0464191325
0.0082528498
-0.0003015956
0.0035050842
-0.0574463718
0.0075952318
-0.0563286394
0.0007608257
-0.0424456671
-0.0304963663
-0.0332695507
-0.0265033524
0.0000000302
-0.0353242792
-0.0463666953
0.0000000358
0.0000000047
0.0000041216
-0.0000007163
-0.0572312176
-0.0007075334
-0.0225214008
-0.0313677453
-0.0000011302
-0.0000000979
-0.0475198142
-0.0000000022
-0.0004178959
-0.0000011237
0.0262926463
-0.0000000251
0.0131849432
-0.0008860129
0.0425242931
0.0185174663
-0.0126848100
-0.0075948206
-0.0000072444
0.0000003300
0.0225080736
0.0000012758
0.0000001103
-0.0000000041
0.0000001600
-0.0200811587
-0.0000000106
0.0100668175
-0.0000002457
-0.0000007144
-0.0000003016
0.0000201937
-0.0000000000
0.0058054510
-0.0093702255
-0.0089770248
-0.0000025041
-0.0000001432
-0.0490025841
0.0351649038
-0.0734059736
-0.0842568204
0.0157286283
0.0169841442
0.0000000075
0.0000394447
0.0000022538
0.0000004873
-0.0014010926
0.0000000714
-0.0000043794
0.0002476939
0.0242430307
-0.0504087768
-0.0572715737
-0.0537797511
0.0096644899
0.0229522083
0.0000000190
-0.0366806351
-0.0562146492
0.0327795669
-0.0256358292
0.0164865758
-0.0118676461
0.0031787809
-0.0075723128
-0.0034654404
-0.0387063548
-0.0033734965
0.0009487987
-0.0412750877
0.0049787271
0.0037552235
-0.0484500788
0.0026561085
-0.0000000597
0.0007356414
0.0099441446
-0.0303772856
0.0104214614
0.0470260940
0.0324722677
0.0000045542
0.0000019178
0.0035783756
0.0193383954
0.0001567291
-0.0034301016
-0.0161645748
-0.0096112583
-0.0097974008
-0.0244793501
0.0120514752
0.0464548692
-0.0000341728
-0.0000119273
-0.0190634150
0.0000000060
0.0081796637
-0.0480975918
0.0000643393
-0.0393143743
-0.0000082522
0.0000001209
0.0000005073
0.0363617614
-0.0026033111
0.0247943811
0.0000000056
-0.0093166884
0.0003444024
0.0366798528
-0.0069754021
-0.0000010539
0.0378690697
0.0408718064
-0.0206335057
-0.0242208298
0.0037138087
-0.0032144550
0.0201698467
0.0000010552
0.0000052007
-0.0000003487
0.0295663849
-0.0109275011
0.0184266958
0.0361820720
0.0043220599
-0.0000000132
-0.0402888060
-0.0871346593
-0.0142128430
-0.0664095134
0.0101351812
-0.0555181988
-0.0014797106
0.0455390513
-0.0000019571
0.0031077063
0.0436539911
0.0020935193
-0.0242780149
-0.0000013280
-0.0393257067
0.0000216670
0.0375870429
0.0276614726
0.0032309631
-0.0000001127
0.0000000100
0.0002073746
0.0087020230
0.0085750185
0.0281641092
0.0079378653
0.0000048329
-0.0466650799
0.0042906939
-0.0017679097
-0.0443262979
0.0441803038
0.0318756402
-0.0166751612
-0.0048223510
0.0000015976
-0.0250868462
-0.0314175636
-0.0576048940
-0.0055995192
0.0268070009
0.0000000602
-0.0226801895
-0.0438194796
0.0351320431
-0.0000079056
-0.0045600105
0.0062436797
0.0000062754
0.0000006878
0.0000024268
0.0095882202
-0.0010477148
-0.0014536685
0.0005236548
-0.0008137002
0.0053004180
-0.0000551466
0.0313239135
-0.0000000042
-0.0668356195
0.0009483838
0.0423115157
-0.0009946766
-0.0485679321
-0.0729680881
-0.0160437599
-0.0025694226
0.0349938087
-0.0251583420
0.0000035275
0.0011785699
-0.0000000093
0.0000083527
-0.0004128348
-0.0009708691
-0.0000003328
-0.0104006091
0.0088414336
0.0269891489
0.0002738688
0.0010780067
-0.0001309228
0.0281805452
0.0023860999
-0.0012696332
-0.0292399824
0.0000080200
0.0035642248
-0.0077651832
0.0000000454
-0.0000000000
-0.0255465135
-0.0166808553
0.0003623540
-0.0185442921
0.0002875960
-0.0904581845
-0.0000127734
0.0198865160
0.0000009408
-0.0696682408
0.0000000189
-0.0557819642
0.0308655482
-0.0464001149
-0.0116588073
-0.0501996204
0.0303647779
-0.0143750301
0.0371653214
0.0000000010
-0.0338971987
-0.0000109039
-0.0289798919
0.0090808496
0.0403016806
0.0000003482
0.0002599403
-0.0189114809
0.0000000018
-0.0057664672
0.0116557078
0.0007449486
0.0000043337
-0.0203735363
-0.0001284077
-0.0006045679
-0.0629825890
0.0040691560
-0.0461151674
-0.0224755313
-0.0355101228
0.0000000131
-0.0000000488
0.0001799643
0.0035500103
-0.0000001591
0.0148172742
-0.0424271524
-0.0001815801
-0.0000000276
-0.0223841555
0.0000000058
-0.0001173104
-0.0347821638
-0.0002145563
0.0117368717
0.0441463888
0.0222397000
-0.0000006265
-0.0000000018
-0.0000000064
0.0179254618
-0.0000000206
-0.0000000252
0.0471835881
-0.0000001643
0.0063224328
-0.0001426998
-0.0470628887
-0.0000000073
-0.0684989542
-0.0496739261
-0.0003829040
-0.0000140965
-0.0020608036
-0.0022339120
-0.0000002690
-0.0369619951
-0.0620945804
0.0000000010
-0.0002410406
0.0506469272
0.0000570116
0.0023041167
-0.0679946169
0.0134375934
0.0482727997
-0.0000002212
-0.0185665656
0.0000000864
0.0000000018
-0.0107344631
-0.0461756811
0.0063893432
-0.0004190811
-0.0013175234
-0.0000016015
-0.0519079715
-0.0529930294
0.0301059484
0.0358812436
-0.0000000056
-0.0721704513
0.0253599491
-0.0633720532
-0.0398194306
-0.0000000562
0.0388392769
-0.0285491254
-0.0196093861
-0.0019392731
0.0000000104
-0.0033489054
0.0082304506
0.0000117483
-0.0000568729
0.0000006668
0.0000037923
0.0109156454
-0.0000000329
-0.0162058268
0.0150217125
0.0009122897
-0.0182806365
0.0000003886
-0.0122157345
0.0153578725
0.0000100658
-0.0431459472
-0.0120780142
-0.0000000206
-0.0216397736
-0.0508850366
-0.0324941128
-0.0002469499
0.0185602419
0.0001697075
-0.0001525219
-0.0000436105
-0.0004043386
0.0230251327
0.0000000767
0.0000001310
0.0059756152
-0.0232379679
0.0180433877
-0.0225530993
-0.0000451508
-0.0004143246
0.0167916100
0.0044290442
0.0121411318
-0.0043374477
-0.0000000328
-0.0053952634
0.0056201033
-0.0019399987
-0.0334882401
-0.0162916183
-0.0015701546
-0.0023189320
0.0004030764
0.0000002571
0.0241845082
0.0238002818
-0.0000000459
0.0092313644
0.0049382662
-0.0391942672
0.0005067256
0.0000000002
-0.0000000961
-0.0001615492
-0.0000000795
-0.0158151016
-0.0000005649
-0.0514010154
0.0211524386
0.0015026802
0.0036324172
-0.0404871851
0.0170614570
0.0097790444
-0.0080230562
0.0374251269
-0.0000963974
0.0000099630
0.0014439240
-0.0320572592
0.0000000035
0.0037907588
-0.0002653838
-0.0005721865
-0.0578960702
0.0259148777
0.0002026990
0.0314155109
0.0000182020
-0.0240806043
-0.1068860441
-0.0261007920
0.0000000050
-0.0610336885
-0.0000001381
-0.0101699121
0.0017160359
0.0000000142
-0.0038326716
-0.0002425501
-0.0025196776
0.0181283541
-0.0134520940
-0.0612624623
-0.0000000327
0.0000000272
0.0280900877
0.0048794933
0.0409202129
-0.0000194476
0.0230589733
-0.0023661342
-0.0211679861
-0.0929471925
0.0000004469
0.0085881921
-0.1049757674
-0.0012625061
-0.0398172066
-0.0307081100
0.0027090446
-0.0358689465
-0.0374966003
0.0000000314
0.0233275238
-0.0468196422
-0.0042570625
-0.0000000795
-0.0000000531
0.0000000495
0.0218429938
-0.0360607393
-0.0003273019
-0.0587737747
-0.0000000321
-0.0000000500
0.0042820722
0.0083217323
-0.0007425029
0.0000001440
0.0485535711
0.0005957574
-0.0046478650
-0.0474764146
0.0127813341
0.0019961114
-0.0009883466
-0.0029734313
-0.0009731335
-0.0001534036
0.0014156089
-0.0204464439
0.0000000094
-0.0264022555
-0.0128735080
-0.0000000252
0.0524372421
0.0000101977
0.0098676980
0.0188423265
0.0262004901
-0.0000012772
0.0264082868
-0.0437732041
0.0103751896
0.0019962483
-0.0026790758
0.0092332941
0.0001234103
-0.0000000094
-0.0310250856
-0.0000000120
0.0057332721
-0.0031195588
-0.0000009567
-0.0090934793
0.0000026703
-0.0712921619
-0.0433398336
-0.0097276140
-0.0609546863
0.0516890846
-0.0000000886
0.0146153374
-0.0109308325
-0.0401448682
-0.0007017698
0.0000000931
-0.0610804819
-0.0000000266
0.0000147619
-0.0012030620
-0.0000003512
0.0111892913
0.0211105905
0.0203058906
-0.0000001371
-0.0267045349
0.0000000430
0.0452793613
0.0388364159
0.0000000097
0.0464684367
-0.0000000863
-0.0002214585
0.0266632382
-0.0005776449
-0.0000000061
0.0268834755
-0.0170136783
0.0513805971
0.0000697893
-0.0384166092
0.0002697553
0.0007229214
0.0000001148
-0.0377817117
0.0364934653
0.0022904593
-0.0525566339
0.0577118471
-0.0991013348
0.0316571072
0.0003747872
-0.0001942672
-0.0403204635
0.0115359072
-0.0006862635
-0.0000002686
0.0000012355
-0.0357991755
0.0486932583
-0.0000357313
-0.0003739395
0.0000002603
-0.0301263612
0.0000563186
-0.0505638346
-0.0000346529
-0.0000025514
0.0276366901
-0.0426670946
0.0001487928
-0.0058460571
-0.0079884315
-0.0512803197
0.0212749988
-0.0000042623
-0.0124306194
0.0170331188
-0.0367702544
-0.0074531701
-0.0282628424
-0.0259601194
-0.0000017075
0.0021845815
0.0011834152
-0.0378654897
-0.0000004234
0.0000820293
0.0332141817
0.0176513009
0.0000000309
0.0000176445
-0.0458325855
0.0261654258
-0.0149541087
0.0125002572
0.0020991273
-0.0401558019
0.0000339053
0.0000020393
0.0502955280
-0.0264235865
0.0085566752
0.0272448417
-0.0457296595
-0.0191950705
0.0301054791
0.0012997241
-0.0000000491
-0.0216477681
-0.0623070300
-0.0518834665
-0.0831219330
0.0000000202
-0.0623810701
-0.0376205370
-0.0844176933
0.0208773930
-0.0149874995
0.0113901701
0.0011987999
-0.0000000571
-0.0000303306
0.0029385297
0.0171922315
0.0146071026
0.0000725853
0.0000000041
0.0004000028
0.0000000493
0.0000029166
0.0166800264
0.0000505321
-0.1010089070
0.0000000025
-0.0241220612
-0.0611565746
0.0288406275
-0.0426814556
-0.0681142658
-0.0437012725
0.0150025012
0.0372711271
-0.0000000552
-0.0067873942
-0.0156153897
-0.0029688950
-0.0000002970
-0.0318909027
0.0000002149
-0.0000014382
-0.0001477353
0.0207892340
0.0137634110
-0.0018093723
-0.0509765148
0.0377581269
-0.0184471924
-0.0001480663
-0.0000029830
-0.0308248363
-0.0000000108
-0.0127371484
0.0000006363
0.0000535821
-0.0000003046
-0.0007727736
-0.0080853691
-0.0585550070
0.0002712735
-0.0416386910
-0.0431900844
-0.0058571296
0.0000001162
-0.0595759079
0.0008536580
-0.0114434082
-0.0000000441
0.0164369624
-0.0000437812
-0.0003815233
0.0183591116
-0.0214299951
0.0000935742
0.0486764908
-0.0205960348
-0.0286250412
-0.0000719919
-0.1083320379
-0.0000000357
0.0487610921
-0.0454090871
-0.0607262477
-0.0000000482
0.0000032329
-0.0000138022
-0.0034367889
-0.0380011611
0.0214356612
0.0349910110
0.0000000513
-0.0000000558
0.0005865294
-0.0001476598
-0.0458800718
-0.0277380906
0.0002330316
-0.0167651810
-0.0085246535
0.0000024268
-0.0000879874
-0.0000000352
0.0084724659
-0.0000000285
-0.0000004393
0.0154777188
0.0000601156
-0.0395780578
0.0061104591
-0.0000001046
0.0000000441
-0.0000001455
0.0000005269
-0.0000000042
0.0258662328
0.0013076478
-0.0000000019
0.0169769432
0.0301854610
0.0000020292
0.0000003255
0.0186307896
0.0021425220
-0.0381810926
0.0271307621
-0.0210453495
-0.0440269746
-0.0029726147
0.0088329585
0.0499952845
-0.0013461678
-0.0465385020
0.0284487251
0.0014173656
-0.0000514453
-0.0228919499
-0.0935177729
-0.0605521575
0.0346594900
0.0000000144
-0.0927785635
-0.0254391823
-0.0475901105
-0.0002083285
0.0189812854
-0.0000000022
-0.0189969912
-0.0893944055
0.0000015281
-0.0450106263
-0.0000000347
-0.1088399962
-0.0000017418
-0.0268074069
-0.0678259805
-0.0057400861
-0.0558587052
0.0519982427
-0.0316553377
0.0000000409
-0.0039033864
0.0150462352
-0.0000527568
-0.0202920772
0.0212984588
0.0452099331
0.0253600907
-0.0174431652
0.0439647846
0.0301299542
0.0000173435
-0.0000001330
-0.0000072374
-0.0034201094
0.0311510600
-0.0036912865
0.0000000123
0.0279952250
-0.0000434436
-0.0035724449
0.0098384740
-0.0001720985
0.0001372140
-0.0053437212
-0.0000320566
-0.0145949442
0.0057198587
-0.0470201448
-0.0485806093
-0.0000000042
0.0000003452
0.0014249892
0.0000000325
0.0089639239
-0.0000000091
-0.0003756234
-0.0001449474
0.0045196167
0.0000009303
0.0158869661
-0.0001033548
-0.0433550104
-0.0189692192
0.0101987626
0.0000009058
-0.0000001285
-0.0828856304
-0.0000000127
-0.0461838171
0.0026856808
0.0321730301
0.0432785526
0.0000772284
-0.0000006464
0.0403364897
-0.0556227304
-0.0041888254
-0.0006541119
-0.0591681339
0.0000072863
-0.0000316884
0.0000000128
-0.0267209355
-0.0000131722
-0.0000063330
0.0160334073
-0.0003102871
-0.0049603903
0.0000382985
0.0515454449
-0.0000229849
0.0006956938
0.0000000004
0.0205322765
-0.0000003113
-0.0005987788
0.0098395804
0.0206923932
-0.0204656199
-0.0097201811
0.0008349224
0.0022073530
-0.0453790762
0.0000003341
-0.0000025142
-0.0000000001
-0.0005115077
-0.0241014175
0.0000000101
-0.0327340737
0.0213753190
-0.0008717116
0.0187264122
-0.0277384277
0.0000000660
0.0033304822
0.0098676700
-0.0424986295
-0.0000000553
0.0000000236
-0.0000052357
-0.0917348713
0.0092556765
-0.0294884052
0.0433878787
0.0014665704
0.0022179887
0.0156645905
-0.0698347241
-0.0000003344
-0.0715637207
-0.0725538507
-0.0165161844
-0.0774974450
-0.0000006041
-0.1081689447
-0.0652969107
0.0102365399
-0.0352913849
-0.0446352065
-0.0799558014
-0.0335874856
-0.0214267112
-0.0560043901
0.0001233846
0.0000001139
-0.0556588136
-0.0366298892
-0.0153537150
0.0000014831
-0.0000001103
0.0026011940
-0.0076425206
-0.0194720160
0.0000000178
-0.0029792399
-0.0096696448
0.0204763655
-0.0033502937
0.0000007883
-0.0356588922
-0.0000276675
0.0001115830
0.0267073438
-0.0413721688
0.0195968542
-0.0387780182
0.0338273421
0.0000000153
-0.0023079966
0.0234870128
0.0251549780
0.0007298275
-0.0201023370
0.0102850115
-0.0001738698
0.0000196815
0.0039931503
0.0071594920
-0.0007725187
-0.0505132973
-0.0001491473
-0.0107184807
0.0036379311
0.0000005513
-0.0267147105
-0.0549230613
-0.0553544052
0.0000000351
0.0549515262
0.0003958493
-0.0568049438
0.0120386034
-0.0000003207
-0.0000002783
0.0000000282
-0.0274106953
-0.0149365133
-0.0000000308
0.0383366235
-0.0075382320
0.0000000106
-0.0824859068
-0.0347560234
-0.0452197492
0.0000000222
0.0510621369
-0.0266892631
-0.0124146948
-0.0151580581
-0.0010281213
0.0000031314
-0.0024985268
0.0008521651
-0.0000960039
-0.0282402374
-0.0002085979
-0.0000000458
0.0002898118
-0.0006808519
-0.0003320405
0.0000796784
0.0000000013
0.0234517567
0.0041675703
0.0001579148
-0.0400177501
-0.0010411224
-0.0009142737
0.0000000068
0.0119479392
0.0260609481
0.0238160286
0.0144341430
0.0045903809
0.0141041754
0.0187465679
-0.0000002166
-0.0454360731
0.0000000258
-0.0000008325
0.0231181346
0.0334597640
0.0000108077
-0.0000000306
-0.0000180516
0.0066467295
0.0000005469
-0.0003210143
-0.0084070778
-0.0000000145
-0.0005026596
-0.0057335696
0.0000000024
0.0000078540
0.0000000629
0.0000004245
-0.0312605649
0.0000349131
-0.0727670714
-0.0030361377
0.0152632743
-0.0456940979
-0.0289926995
0.0178145375
-0.0000000056
-0.0000000240
-0.0017344683
0.0445213281
-0.0000270817
-0.0466446728
0.0073675625
-0.0239131972
0.0000000002
-0.0388211012
-0.0000553633
-0.0000124141
0.0000473797
0.0000009745
0.0010068918
-0.0322764888
-0.0580045991
-0.0074282433
0.0000011949
-0.0174039882
-0.0000000588
0.0801161304
0.0000000818
0.0477621406
0.0453173965
-0.0010742373
0.0001570311
-0.0149959838
0.0390960127
0.0093081584
0.0334775671
-0.0000347793
-0.0000404179
0.0300728586
-0.0000011964
0.0289395321
-0.0000001096
-0.0396268889
-0.0458784103
-0.0000008845
-0.0000000006
0.0000000180
0.0000000635
0.0010080729
0.0161562357
-0.0476021916
0.0071740304
0.0174556784
-0.0336725749
-0.0000011012
0.0095805936
-0.0007112785
-0.0187139865
0.0000000779
-0.0023501792
0.0007068819
0.0214763861
0.0011765870
-0.0750267208
0.0496459119
-0.0371357352
-0.0336626694
0.0058730030
0.0000000025
-0.0000001654
-0.0537103191
0.0000000001
-0.0547609702
-0.0474244505
0.0067932704
0.0010863367
0.0001621933
-0.0158303995
0.0000001034
0.0000033158
0.0000000694
0.0000000048
0.0012003800
-0.0203330610
-0.0209794808
-0.0469305478
-0.0000000885
0.0332993753
0.0000001612
-0.0210058596
0.0073011788
0.0000000025
0.0005195730
0.0000001644
0.0000000000
0.0000000914
0.0450653322
0.0000242117
0.0000000035
0.0115016932
-0.0281787012
-0.0463912003
0.0014517284
0.0000001681
-0.0378539525
-0.0000254441
0.0302811787
-0.0449928120
0.0000695366
0.0309166964
-0.0343799777
0.0618506297
-0.0000000092
-0.0001712037
0.0526270084
-0.0000000890
0.0139747849
0.0270394161
0.0024809204
0.0044753766
-0.0571446270
0.0407233238
0.0000000168
-0.0178576577
-0.0495184436
-0.0000000152
-0.0564986765
-0.0050377613
0.0000084357
-0.0000000515
-0.0117245857
0.0141548999
-0.0606391095
0.0000000125
0.0000000302
0.0012918800
-0.0344931744
-0.0000000061
-0.0052359118
-0.0014790448
0.0047098934
-0.0000043023
-0.0125228353
-0.0080795791
0.0135251647
-0.0000000537
0.0524041541
-0.0000196995
0.0000600646
-0.0344556272
0.0037290021
-0.0269664358
-0.0000000025
0.0399759449
0.0557248667
-0.0344411097
0.0001613998
0.0061556832
-0.0004560480
-0.0000000200
-0.0001085159
0.0000000213
-0.0000197758
0.0033073267
0.0347454362
0.0208329111
0.0401750840
-0.0000053451
-0.0239338633
0.0000000784
0.0132982638
0.0128005212
0.0283006579
0.0000075842
-0.0265653208
0.0557982437
0.0024233565
-0.0014979490
0.0000002016
-0.0335093141
-0.0000376343
-0.0070748487
-0.0093561783
-0.0485240445
-0.0282490496
0.0312240217
-0.0134619782
-0.0215325002
-0.0017462213
0.0010103537
-0.0000013300
-0.0478314385
-0.0336833335
-0.0533566065
-0.0019769059
-0.0000006364
-0.0000000266
0.0000002179
-0.0141643872
0.0114156408
-0.0010070401
-0.0000000181
-0.0316587277
0.0022925304
0.0000315555
-0.0000000012
-0.0047430717
0.0121962102
0.0000000505
-0.0315117612
-0.0230134819
-0.0000364508
0.0470154919
-0.0000001045
-0.0264005568
-0.0252819974
0.0000077734
0.0338335708
-0.0022378408
-0.0188248996
0.0000055010
0.0152982539
0.0234859623
-0.0000012034
0.0249630772
-0.0043444065
0.0022498411
0.0257682968
0.0071423692
-0.0486197174
-0.0000027831
-0.0005950769
-0.0005358743
-0.0391594693
-0.0000000003
0.0000000041
0.0146727590
-0.0320979804
0.0008308991
0.0256718788
0.0000000430
0.0100081423
0.0346841551
-0.0007376325
-0.0299801230
-0.0016469340
0.0000523098
0.0000006306
0.0000000128
0.0300754588
0.0000000840
0.0034313076
0.0236355253
0.0000002981
0.0439450555
-0.0166597050
-0.0095288185
-0.0000004038
0.0000503012
0.0096903164
0.0013329437
0.0236601066
0.0303882100
-0.0000182049
-0.0222966522
-0.0232795663
-0.0000044287
-0.0000005144
-0.0000002135
-0.0288498383
0.0293674581
0.0399407297
0.0012863844
0.0122887623
0.0000377619
0.0000009174
0.0064956308
0.0000000041
0.0000012459
-0.0005485117
0.0009930318
-0.0080537070
0.0333530456
0.0002310093
-0.0304741357
0.0004604910
0.0000036394
-0.0155182825
0.0012051716
0.0017256929
0.0000000321
0.0354208164
-0.0115455398
0.0276232511
-0.0000018896
0.0214922726
0.0364437401
0.0000000174
-0.0000443308
0.0013254243
0.0491501279
0.0012291457
-0.0014692469
0.0000001768
-0.0000000008
0.0151128452
0.0491851568
-0.0022077833
-0.0230205767
-0.0000000380
0.0015318808
0.0058231391
-0.0305616315
-0.0432955809
0.0000000526
0.0309461802
0.0109968120
-0.0243554991
-0.0008757986
0.0225183256
-0.0091806799
-0.0212038904
-0.0000154554
0.0041277334
0.0011717706
-0.0386123508
0.0033252859
-0.0001965313
0.0066373865
-0.0031850832
-0.0005676502
0.0016737737
0.0239231735
0.0018371358
0.0031360274
0.0487416275
0.0039663007
-0.0389138572
-0.0011198311
-0.0000000043
0.0000000002
0.0357008427
-0.0348029621
-0.0000000006
-0.0046760021
-0.0000000000
0.0349437222
0.0194018409
0.0000009409
-0.0372642465
-0.0383165553
0.0148079889
-0.0466962345
-0.0279797744
0.0271240324
-0.0027325617
0.0149786584
-0.0453243889
-0.0000001030
0.0124289133
0.0315448903
-0.0005149552
0.0000020133
0.0117398417
-0.0303065423
0.0494593978
-0.0347555690
-0.0000000000
0.0025615110
0.0230521895
-0.0000000055
0.0001781703
-0.0000809618
0.0216059219
-0.0329275914
-0.0000004047
-0.0487361886
-0.0329069272
0.0000783532
-0.0000308182
-0.0282978881
-0.0467732325
0.0000005582
-0.0000342346
0.0133303311
0.0035403683
0.0356935486
0.0000375524
-0.0219911076
0.0023102860
0.0013487891
0.0012585301
-0.0011973114
-0.0195593685
-0.0159389470
0.0172678120
0.0118364189
0.0000001420
-0.0019013751
-0.0000707247
-0.0202131048
-0.0344184265
0.0000001277
0.0000005316
-0.0462412201
0.0029536651
0.0383467302
-0.0000000463
0.0000002193
-0.0000781537
-0.0000001945
-0.0223305430
-0.0008128589
0.0000001085
-0.0084242523
-0.0000000011
0.0029784082
-0.0091415765
-0.0315579213
-0.0258979667
-0.0000001410
0.0182623547
-0.0026699165
-0.0163937416
-0.0459430404
0.0273217056
-0.0080236783
-0.0000100290
-0.0517917573
0.0478967652
0.0335737355
-0.0011811256
0.0010351586
-0.0106419148
0.0415084884
0.0000011850
0.0000145470
0.0000000784
-0.0432929024
-0.0164433103
-0.0136455176
0.0171231125
-0.0000000504
0.0000000818
-0.0108074555
-0.0238245726
0.0001512442
0.0008022742
-0.0144199403
-0.0498882160
-0.0000000399
-0.0000009847
0.0000000428
0.0005227343
0.0000000012
0.0007815216
0.0239667054
0.0310481805
-0.0005113937
0.0000000042
-0.0111461496
-0.0365912467
-0.0001387186
0.0239178967
0.0003841051
-0.0381156988
0.0068674507
0.0015921784
0.0188493524
-0.0173216499
-0.0388950855
0.0002084666
-0.0075552952
0.0122635635
-0.0000042967
0.0124325184
0.0140198860
-0.0086956341
0.0350641944
0.0004230834
-0.0385552011
0.0028417958
-0.0001496808
0.0004417720
-0.0000003928
0.0000506802
0.0018751451
-0.0040567867
-0.0004103867
0.0000002150
-0.0125306500
0.0000000093
-0.0025363790
-0.0008235581
0.0324887745
-0.0000001636
0.0049916436
-0.0000003726
-0.0367053412
-0.0000000455
-0.0263597798
0.0000608494
-0.0080467854
0.0006799164
0.0180430729
0.0000000158
-0.0000001034
-0.0000000267
0.0028522210
0.0151587361
0.0000000145
-0.0054855961
0.0009746202
-0.0000762941
-0.0112714488
-0.0314336419
0.0370593667
0.0002166106
-0.0123455431
0.0031528403
-0.0190114863
-0.0058492925
0.0024235335
0.0027976148
0.0453029349
0.0000000804
0.0604941845
0.0283218529
0.0210938416
0.0061152517
0.0200844556
-0.0003456363
0.0164200235
-0.0000000094
0.0000000121
-0.0050800568
-0.0000350093
0.0046406742
-0.0096097840
0.0005643459
0.0057714675
0.0019074848
0.0387916863
0.0000000038
0.0351645984
-0.0369856209
0.0005726611
-0.0263737720
0.0288396943
0.0343945324
0.0000000342
0.0626899227
0.0233948734
-0.0338711031
-0.0000003429
0.0355442017
-0.0141573790
0.0006647856
0.0000000000
0.0000000209
0.0052357726
0.0399990790
0.0014576700
0.0000130659
0.0000071843
-0.0000000014
0.0223805550
-0.0000000340
0.0112005631
0.0026714772
0.0045424509
-0.0003379884
-0.0009486510
0.0204159953
-0.0382914133
0.0310640465
-0.0007532993
0.0337744206
0.0000002353
-0.0337080248
0.0335989818
-0.0577920638
0.0000000363
0.0160432607
-0.0238011889
0.0019734784
-0.0000826269
-0.0052235406
0.0000000179
-0.0009818166
-0.0309132263
0.0663690865
-0.0077607022
-0.0001429135
-0.0005355611
0.0198654085
0.0000000101
-0.0125663457
-0.0082687661
0.0352436416
-0.0023429957
0.0361692719
-0.0303438436
-0.0018345865
0.0000092776
0.0000005980
0.0000255628
0.0000000126
-0.0000000002
-0.0411292985
0.0000001629
0.0034927235
-0.0497819223
0.0128490869
0.0355839916
0.0000000192
0.0183103606
-0.0000000676
-0.0231872164
-0.0000003433
0.0015357543
0.0327429920
0.0000747184
-0.0000000032
0.0330758989
-0.0015298855
0.0000001191
0.0015109911
0.0000021459
-0.0000002446
0.0151917022
-0.0034401563
0.0000150789
0.0201577991
0.0000001699
-0.0011083692
-0.0106246183
-0.0000000082
-0.0000000259
0.0015748098
-0.0015802539
0.0008368519
-0.0003229418
-0.0000000382
0.0000022071
-0.0284815673
-0.0152670937
0.0004069300
-0.0000000177
0.0071102232
-0.0000202590
0.0000862005
-0.0253370758
0.0483628511
-0.0003496853
0.0229002740
0.0093035586
0.0046275686
0.0000000009
0.0001621380
-0.0397325493
-0.0068436600
-0.0288892500
0.0098243430
-0.0014013406
-0.0000000981
0.0298021976
-0.0000847594
-0.0001966305
0.0148850614
0.0000000055
0.0000000003
-0.0000163609
0.0295246542
-0.0000055236
0.0002629228
-0.0011646281
0.0000000261
-0.0002739384
-0.0286145583
-0.0262510236
-0.0001172920
0.0096289646
-0.0171121843
0.0220556259
0.0000633966
-0.0000000156
-0.0000085389
0.0000090461
0.0000096017
0.0245820098
0.0000000149
0.0016190275
0.0005886395
0.0000008218
-0.0047163186
-0.0233456232
-0.0146755008
0.0000002040
-0.0000000685
0.0013064907
-0.0289936308
-0.0172487535
-0.0001181192
-0.0000002351
-0.0003954998
0.0000000666
-0.0070891329
0.0048902566
0.0262462534
0.0040519335
-0.0025232690
-0.0322522968
-0.0037903914
-0.0078325272
0.0000519328
0.0041545690
0.0058651576
0.0031091748
-0.0245589428
0.0013518764
-0.0272542778
-0.0000477864
0.0000000056
0.0829924196
-0.0000172363
-0.0041869446
-0.0215886142
-0.0088707339
0.0000001047
0.0187633708
0.0001492804
0.0169365332
0.0000016542
-0.0031047473
0.0376193784
-0.0145876342
0.0000001678
0.0357941985
0.0142323188
-0.0000028944
-0.0444135256
0.0123198796
0.0000474401
-0.0000000548
-0.0000000057
-0.0000600476
0.0044316715
0.0000000706
-0.0021189097
0.0016316441
0.0000000019
0.0000000057
0.0000001479
0.0317908674
-0.0000011273
-0.0000000932
-0.0455924235
-0.0013469880
0.0179801323
0.0000365096
0.0000000150
-0.0138543267
0.0307730380
-0.0000000021
0.0061841966
0.0000000222
-0.0177367665
0.0000845395
0.0295165274
-0.0064452258
0.0456827171
0.0000000031
0.0037845944
0.0000002808
-0.0000000019
0.0002102523
-0.0006069109
-0.0000016707
0.0009825389
-0.0158498399
0.0000414557
-0.0000123117
-0.0364748351
0.0118721584
-0.0000101074
-0.0000000004
0.0106710745
-0.0003487388
0.0024001054
0.0167781021
-0.0000004140
-0.0079699690
0.0191912428
0.0019426602
-0.0000596427
-0.0214139670
-0.0232971217
0.0198204312
-0.0000000371
-0.0351017118
-0.0277684107
0.0000006631
-0.0004534039
-0.0256432742
-0.0142363692
-0.0504140630
0.0645838752
0.0387228280
0.0018549331
0.0324834846
-0.0004307634
0.0029797684
0.0462265909
0.0193681400
-0.0000308166
0.0377985984
0.0399693660
-0.0081850234
-0.0238735657
-0.0021106307
-0.0003678522
0.0000362049
-0.0034311786
0.0291076023
-0.0000028893
0.0083060544
0.0193651002
-0.0000000359
-0.0086784624
-0.0055467193
0.0081907986
-0.0011215509
-0.0001990671
-0.0146311754
0.0371369421
-0.0006942810
-0.0000000072
0.0000002117
0.0000024125
-0.0117395604
0.0031752056
0.0304947644
0.0000000331
0.0379542299
0.0222945791
0.0000003247
-0.0000000225
0.0185126439
-0.0000000011
0.0000000094
0.0000151597
0.0312188808
-0.0333861113
-0.0000016076
-0.0090043591
0.0161333699
-0.0246821251
-0.0382502116
-0.0204346590
-0.0284134056
0.0449112542
0.0000012717
-0.0003080642
