0.0000000000
0.0000000000
0.0000000000
-0.0000000000
-0.0002334680
0.0001347551
-0.0000000000
0.0000000000
-0.0000000000
-0.0000000000
0.0008232828
0.0000000000
0.0002983424
-0.0000000000
0.0000001564
0.0000000000
-0.0000000000
-0.0000000000
0.0000000000
0.0025078768
-0.0000000000
0.0000669110
0.0000003945
-0.0000000000
0.0000000000
0.0000000000
0.0000000000
0.0000000000
-0.0000000000
0.0064352928
0.0000000000
0.0000293617
0.0000000000
0.0000000000
-0.0000047799
-0.0000009735
-0.0000000000
0.0000000201
-0.0000416524
0.0011278698
-0.0000000447
0.0000000004
0.0011016099
0.0009655641
0.0000000000
0.0006636842
-0.0000000000
-0.0013137900
-0.0000134617
0.0000000000
-0.0000000000
0.0000481147
-0.0000000000
0.0000000000
0.0000231389
-0.0000000000
0.0000000000
-0.0006523064
0.0000000000
0.0000000000
-0.0000000116
0.0000000000
-0.0000678761
-0.0000000000
0.0000000000
-0.0000000000
0.0037221971
0.0000392017
0.0000000000
-0.0018754099
-0.0006043087
-0.0000000000
-0.0000000000
0.0001896981
0.0000328494
-0.0000000000
0.0000000000
0.0000000038
-0.0000000000
0.0000000000
-0.0000000000
0.0237517897
-0.0000000000
-0.0000000000
-0.0000000000
-0.0000000317
-0.0000000006
-0.0000000000
-0.0000002953
-0.0002588914
0.0000000064
0.0000000001
0.0000299681
0.0000000000
0.0030787922
-0.0000000000
-0.0000000232
-0.0001054351
0.0142797073
0.0000000000
-0.0002694057
0.0000000000
0.0000000000
-0.0018229949
-0.0000000000
0.0000000000
-0.0000000000
0.0000000020
-0.0000004410
0.0000000000
0.0667507425
-0.0000000000
0.0000000000
0.0000000000
0.0000000000
-0.0000000000
0.0000000000
0.0006441047
0.0000011554
-0.0014992822
-0.0000319225
0.0193835311
0.0001031737
0.0000000000
-0.0000000001
0.0000000000
0.0000000000
0.0000000014
0.0000000000
0.0000000000
0.0032092228
-0.0000261778
-0.0000000000
-0.0000011907
0.0042114845
-0.0000000000
-0.0008237026
-0.0000000000
-0.0000000000
0.0168443453
0.0000000000
0.0000000000
0.0000000000
-0.0006506228
0.0000000000
0.0000000000
0.0000000000
-0.0000000000
0.0004194379
-0.0000000000
-0.0000000000
0.0000007027
-0.0000000000
0.0000000000
-0.0000000564
0.0000000000
0.0001093897
0.0000000000
0.0000000000
-0.0000000000
0.0000000000
-0.0014475809
-0.0000000062
0.0000165965
0.0000004688
0.0000031116
-0.0095523745
0.0000433184
-0.0016492127
-0.0001146571
-0.0000000000
0.0000000000
0.0000000000
0.0000074618
0.0000002194
0.0000000000
-0.0011632273
-0.0000000000
-0.0017779348
-0.0039269798
0.0000023847
-0.0001847522
0.0000009434
-0.0000000000
-0.0000000000
-0.0000000001
-0.0000003963
-0.0000373887
-0.0018323300
0.0091936830
0.0000000000
0.0000000000
-0.0000000000
0.0000000000
0.0000000000
-0.0000000000
-0.0000036866
0.0000000000
-0.0007051830
-0.0002455070
-0.0000000000
-0.0000000000
0.0000000000
0.0000000000
-0.0000000000
-0.0000000000
0.0003177294
-0.0000000000
0.0000000002
-0.0000251150
-0.0000165116
-0.0000000000
-0.0038683489
-0.0380337760
-0.0000030075
0.0000003968
-0.0006021818
-0.0000000000
-0.0000000000
-0.0000000000
-0.0000000000
0.0000000000
0.0000000000
0.0000000000
0.0000000000
0.0000000000
-0.0000000000
0.0041562724
-0.0023829860
-0.0014209145
-0.0000000011
-0.0000039807
0.0000000000
0.0000026110
-0.0020972067
-0.0000000000
-0.0000251245
0.0000000001
0.0000149259
0.0000000000
0.0000006455
0.0000000000
-0.0006569216
-0.0000000000
-0.0000000000
0.0000000000
0.0000000000
0.0000993720
-0.0000000000
-0.0000000000
-0.0000000000
-0.0000042548
0.0000000000
0.0704676583
0.0000002041
0.0000000000
0.0072951773
0.0000000000
0.0000000000
0.0000000000
-0.0000000000
-0.0710233822
0.0000000000
0.0000000016
-0.0000000000
-0.0000690639
0.0000000000
0.0000006652
-0.0000007050
0.0000000000
-0.0000000000
-0.0000000000
0.0000000000
0.0000002131
-0.0000032738
0.0000000000
0.0000000000
0.0000012708
0.0000000000
-0.0310494676
0.0000271968
0.0000000000
-0.0000057659
0.0000600903
0.0000000000
0.0163494293
-0.0000007159
0.0000000000
-0.0000023663
0.0011688650
0.0000000000
-0.0000000000
0.0147189507
-0.0000000185
0.0006901795
0.0000000473
-0.0000000000
-0.0000394075
-0.0005470482
0.0038979426
0.0005892700
0.0000000000
-0.0006563862
0.0000000000
0.0000000000
-0.0000000000
-0.0000000000
-0.0000000000
0.0046408982
-0.0000000036
-0.0000002447
0.0254621189
-0.0000575296
0.0000000684
0.0000000000
-0.0000000000
0.0082064932
-0.0000000000
-0.0000000000
-0.0000000000
0.0148676056
-0.0000000000
0.0019836826
0.0000000000
-0.0000009857
-0.0072532520
0.0000000000
0.0000000000
-0.0000000000
0.0000003936
0.0000000000
0.0014504064
0.0000000000
-0.0000051755
-0.0000000000
-0.0000000000
-0.0008399287
-0.0000000386
-0.0000000000
-0.0000008216
0.0000000000
0.0000000000
0.0002319353
0.0000000000
-0.0000000000
0.0000473661
0.0000795641
0.0000000000
-0.0000000000
0.0716817304
0.0003929071
0.0000000000
0.0000000003
0.0007179763
0.0030191459
0.0006104812
-0.0002595320
0.0000165240
0.0000000000
-0.0000000000
0.0042679966
0.0000000000
-0.0000000285
-0.0000000000
-0.0000000000
0.0001745838
0.0032421490
0.0000000000
0.0000000118
0.0000000000
-0.0000000000
0.0000000000
0.0000000000
-0.0000000132
0.0000000005
-0.0000433862
0.0131004527
0.0000000000
-0.0005364527
-0.0000000000
0.0000000000
0.0000000000
0.0000000000
0.0000000000
0.0000000010
-0.0344621278
0.0000000000
-0.0000000000
0.0000000000
0.0000000000
0.0000000000
0.0000000000
0.0027204668
-0.0000000000
-0.0000000000
0.0209885836
0.0000000000
-0.0166170429
-0.0000000848
-0.0000000000
0.0000002461
-0.0000000000
0.0000000000
0.0000000000
0.0000000000
-0.0000000000
0.0000000000
0.0012648121
0.0000000000
0.0000000000
0.0000000000
-0.0000000000
0.0000000086
0.0000002292
-0.0000000000
0.0007464143
0.0000000041
0.0000000000
0.0195572097
0.0000062279
0.0224228334
0.0000000000
0.0000000454
0.0058841580
0.0387168080
-0.0000000000
-0.0000014856
-0.0000000000
0.0009562530
-0.0000000000
-0.0000000000
-0.0017169749
-0.0008919879
0.0000000000
-0.0009220900
-0.0135891140
0.0001322052
0.0007148238
-0.0000777925
-0.0517259650
0.0001881672
0.0000000000
0.0000000000
0.0000000000
0.0000260881
-0.0028188042
0.0000000000
0.0275419634
-0.0000000000
0.0016704202
0.0000000000
0.0034099903
-0.0000000000
0.0000145804
0.0000000000
0.0000000000
-0.0000010778
-0.0000000000
0.0000000000
-0.0000000000
-0.0000000000
-0.0000000000
0.0000000000
0.0000888280
0.0000000000
-0.0000000706
0.0000000000
0.0000009369
0.0235049780
-0.0000000000
0.0000935369
0.0000000000
-0.0000000000
0.0000000000
0.0492485836
0.0496682785
0.0061575803
0.0000000000
0.0000000000
-0.0000000000
-0.0000000000
0.0000000000
0.0000000104
0.0486104265
0.0000000000
0.0458362922
0.0165721551
-0.0000000000
0.0345996693
0.0000000000
-0.0000000000
-0.0000000000
-0.0000000000
0.0000006870
-0.0000000492
-0.0000000000
0.0000000010
0.0000179374
0.0000000000
0.0000188421
0.0000000059
-0.0000000000
0.0000000000
-0.0000000000
-0.0000000000
0.0000000000
0.0000000000
0.0000070990
-0.0000000042
0.0000000000
-0.0000000000
-0.0006427583
0.0000000000
-0.0000000003
-0.0010163934
0.0000000000
0.0000000000
0.0000000000
0.0000219095
-0.0000767323
0.0000000000
0.0000036372
-0.0000000000
-0.0000000000
0.0000047913
0.0000000000
-0.0000000000
-0.0000000000
0.0000000000
0.0000000000
0.0023676448
0.0001381040
0.0053833541
0.0024760608
0.0000000000
-0.0000544333
0.0055832197
0.0000000025
0.0000019444
0.0267327782
0.0244085100
-0.0000000000
-0.0000000000
0.0000000011
-0.0000000000
0.0036212006
0.0000000004
0.0000000000
0.0002159441
-0.0000000000
-0.0000000000
0.0000000183
0.0000042900
-0.0000000002
0.0002889356
-0.0000000406
-0.0000000000
-0.0000000000
0.0153190270
0.0000000001
0.0000000000
0.0000000000
-0.0000000000
-0.0000000000
-0.0000000000
0.0000000000
0.0000000000
-0.0183745921
-0.0085467966
0.0000000000
-0.0000000012
0.0000000000
0.0000000000
0.0199329443
0.0000000000
0.0000000000
0.0000000000
-0.0000000000
0.0024909736
0.0000000000
0.0000002844
-0.0000000000
-0.0000000612
-0.0000000000
-0.0000137134
0.0000000000
0.0000331781
-0.0015273019
-0.0000000000
0.0020330092
-0.0120696686
-0.0000000000
-0.0000035431
0.0009256785
0.0000000000
0.0529126823
0.0000562713
0.0000000000
-0.0000006063
0.0000003757
0.0000000000
-0.0000000000
0.0000000000
0.0008341470
0.0000000000
0.0000000000
0.0007506018
0.0697193518
0.0000000000
0.0053961356
0.0000000329
-0.0000000000
0.0000029963
-0.0000000000
-0.0000651954
0.0001570803
0.0063926433
-0.0000003142
0.0000000000
0.0388681069
-0.0000000000
-0.0019202204
-0.0000000000
0.0000000000
-0.0000000000
-0.0000000000
-0.0000000000
-0.0000000000
0.0000002937
0.0000000000
-0.0000028995
-0.0000000000
-0.0000000000
-0.0000001574
-0.0000096250
-0.0000315630
-0.0000000156
0.0000000000
-0.0000000000
0.0684785768
-0.0000000000
0.0000000000
0.0000000000
0.0002499921
0.0000000000
0.0000000000
0.0000000000
-0.0066164616
0.0000000000
-0.0000000024
-0.0138403773
0.0000008594
-0.0000000000
0.0000000000
-0.0000000000
-0.0000000000
0.0161238536
0.0108629474
0.0000000000
0.0255913865
0.0069754855
-0.0000000000
0.0452406220
0.0000000000
0.0000000000
0.0000001515
-0.0000000000
0.0001628397
0.1230150610
-0.0000000000
-0.0000000000
0.1386141032
-0.0000000000
-0.0000028890
0.0010473279
-0.0000000000
0.0821971074
0.0007995248
0.0573233552
-0.0000002658
0.0000000000
0.0000000000
-0.0000000000
0.0000000003
0.0000000000
0.0000000000
-0.0237188172
-0.0063474458
0.0000000000
0.0000000000
-0.0005512377
-0.0000000006
-0.0000040617
0.0000000000
0.0000000000
-0.0000000000
0.0000000136
-0.0000000000
-0.0000000000
0.0000000000
-0.0000000000
0.0000000387
0.0000065490
0.0000000000
0.0000016888
-0.0000000000
0.0000000000
-0.0000000000
0.0000255314
0.0000002673
0.0007292242
-0.0000001526
0.0000000000
-0.0000000000
-0.0001789741
0.0000000002
-0.0001306853
-0.0048438082
0.0000000000
0.0000206003
0.0000000961
0.0000000000
-0.0000418947
0.0063688066
-0.0000000000
0.0018716152
0.0002246770
0.0000000012
-0.0000000000
0.0104474714
-0.0000000000
0.0000000000
-0.0000000000
-0.0000000018
0.0233082399
0.0174072310
0.0000000162
0.0000012437
0.0000000032
0.0000000000
0.0000000000
0.0454739369
0.0000000491
0.0000000000
0.0204835385
0.0000000000
-0.0000000000
-0.0000000000
-0.0000139173
0.0000000000
0.0000011090
0.0000000000
-0.0000000000
0.0001450159
0.0151698682
0.0001650796
0.0000000000
0.0034437040
-0.0000000000
0.0000000000
0.0000000000
-0.0000000000
-0.0000000000
-0.0000000000
0.0000000000
0.0000012761
0.0000000046
0.0000000000
0.0000000000
-0.0000000000
0.0000000000
0.0005797951
0.0000000000
0.0000000000
-0.0021147334
-0.0000001641
-0.0000000000
-0.0000020004
0.0000000000
0.0000000000
-0.0001059430
0.0000000000
0.0030296436
-0.0000000000
0.0000036588
0.0000000019
0.0000000000
0.0561355576
0.0000000000
0.0000000000
-0.0000000000
0.0126402937
0.0000004899
0.0000000000
-0.0000000000
0.0000000000
0.0000000000
0.0034036203
0.0000000000
-0.0000000000
0.1054576114
-0.0000000000
-0.0000000000
0.0069152876
0.0047812550
-0.0000473065
0.0000000000
0.0000000000
-0.0010189530
-0.0000000000
-0.0000000000
-0.0000000000
-0.0000000139
0.0000000000
-0.0007822528
0.0000000000
0.0000000000
-0.0000323621
0.0000000014
0.0000000023
-0.0000151521
0.0000394037
-0.0585101582
-0.0000000000
0.0000000462
0.0000005246
-0.0000263576
0.0000262073
-0.0000087029
0.0000000000
0.0000000000
0.0000000000
0.0000000000
-0.0000000000
0.0000000000
0.0000020930
0.0000000000
-0.0000000000
0.0000000000
-0.0000000000
-0.0000000000
0.0000000000
-0.0000000000
-0.0000000066
0.0000097259
0.0000000000
-0.0000000000
0.0002121023
-0.0000000000
0.0000000000
-0.0000000000
-0.0000465520
0.0000000000
0.0000000000
0.1141520590
0.1265495718
-0.0000000000
0.0000011905
0.0000214956
-0.0000000000
0.0002351333
-0.0000000000
0.0000000000
0.0000000001
-0.0000000001
-0.0011467884
0.0000000000
0.0103903757
0.0000000000
0.0000000000
0.0000000000
0.0000000000
0.0000000000
0.0000044370
0.0000000000
-0.0000000000
0.0000000000
-0.0111882128
-0.0000000000
-0.0000000007
-0.0000000000
0.0000000000
0.0000001280
0.0000000000
0.0000000024
-0.0000000000
-0.0003459940
-0.0000000006
-0.0000000000
0.0000000007
0.0000421983
-0.0000019722
-0.0000000000
-0.0000000000
-0.0000000000
-0.0000071058
-0.0000000000
-0.0005912069
-0.0000000019
0.0000000000
-0.0000000000
-0.0000000000
-0.0108998613
0.0000068756
-0.0019649186
-0.0000119966
0.0021628262
0.0002099480
-0.0000011214
-0.0000000000
-0.0000000000
0.0000018646
0.0000000000
-0.0000000000
-0.0000000000
0.0000000000
0.0015935987
0.0000000000
0.0000000392
-0.0000000000
-0.0000000000
0.0000000339
-0.0000000000
0.0000000000
0.0002935911
0.1070164666
0.1631100476
-0.0000000000
0.0000002323
0.0011654511
0.0000000000
0.0000192240
0.1289369464
0.0536353961
0.0000000000
0.0000000000
-0.0000000000
-0.0000000000
-0.0003484626
0.0000026572
0.0000000020
-0.0000052925
0.0000000000
0.0000000000
-0.0009473448
0.0133791901
-0.0000000000
0.0000143220
-0.0004004517
-0.0011871910
0.0000000000
-0.0000000000
-0.0016965793
-0.0000000000
0.0196662974
0.0000000133
0.0000080735
-0.0000000000
0.0000000000
-0.0000000000
0.0000000906
0.0000000093
-0.0000000000
0.0000000010
-0.0000208419
-0.0000000000
-0.0000881058
-0.0000000000
-0.0014954228
-0.0015963716
0.0000000000
-0.0000000000
-0.0076527596
-0.0000000000
0.0093305446
-0.0000000000
0.0779589489
-0.0000000000
-0.0000001567
0.0000054029
0.0000001769
-0.0000000000
-0.0023266631
0.0093904687
0.1031499207
-0.0000000000
-0.0000000000
0.0041096681
-0.0000000000
0.0042092358
-0.0000000000
0.0003995145
-0.0000000000
0.0000000000
-0.0000000000
0.1219579801
0.0075221537
-0.0000000000
-0.0000000000
0.0000083097
0.0000000000
-0.0000000000
0.0000000000
0.0039625280
-0.0000041685
-0.0000000176
0.0000000000
-0.0000082944
-0.0011784312
-0.0000000000
0.0000048100
-0.0000000000
-0.0000000000
0.0000000000
0.0000000000
-0.0000000000
-0.0000000000
-0.0000000000
0.0000000000
-0.0008168759
-0.0004040296
0.0000000000
-0.0001892444
0.0000000413
-0.0000000000
0.0000276425
-0.0003370833
-0.0007951003
-0.0000000000
0.0000000000
-0.0000000000
-0.0000000168
-0.0000000000
-0.0000000000
-0.0000000000
-0.0000000000
-0.0000000000
-0.0001158669
-0.0071270694
0.0299126115
0.0000005651
0.1369854659
-0.0000000009
-0.0076136310
0.0160192493
0.0000000000
-0.0000000000
0.0000000000
0.0000000000
0.0000000000
0.0000009361
0.0000000000
-0.0000000101
0.0089793820
0.0208035614
0.0092476215
-0.0000000000
-0.0000000000
0.0000566180
0.0000000000
0.0000000000
0.0000000034
0.0000000000
-0.0000000000
0.0000003372
-0.0000000000
0.0000000000
0.0026673200
0.0000000000
-0.0000000000
0.0000000000
-0.0000000000
-0.0000000000
0.0000000000
0.0000000000
0.0000000002
-0.0000000000
-0.0007920432
0.0000000000
-0.0000000000
-0.0000000000
0.0000000000
-0.0000000000
-0.0000000000
0.0000000000
-0.0000000000
-0.0000000000
0.0000000000
0.0000000000
-0.0000000000
0.0000000155
-0.0000000002
0.0000000000
0.0000000000
0.0000000000
-0.0008147437
-0.0000000000
-0.0017984546
0.0000000000
0.0000000311
0.0000000001
0.0000035275
-0.0000000000
-0.0000000000
-0.0000000000
0.0000000000
-0.0000000000
-0.0000000000
0.0000000000
0.0000000000
0.0000038991
0.0013871306
0.0000000000
-0.0000000000
0.0568655916
0.0000000000
0.0323009193
0.0404412746
0.3618394136
-0.0000000000
0.2259887457
0.0000000000
0.0000000000
0.0000000000
-0.0000000000
0.0000014934
0.0000000000
-0.0000000000
0.0000000000
0.0000000000
-0.0000120096
0.0936900675
-0.0000540187
-0.0000000000
0.0055778427
-0.0009045097
-0.0000045357
0.0000000178
0.0000000270
-0.0000000001
0.0000000000
-0.0000000000
-0.0102474270
0.0000000000
-0.0000000000
0.0000000000
0.0000000000
-0.0000049581
-0.0000000000
-0.0000000000
0.0000000000
0.0024870895
-0.0040199161
0.0000000000
0.0000000004
0.0000000000
-0.0003307430
-0.0000000000
-0.0000000000
-0.0002138749
0.0000000000
0.0000000010
-0.0000002076
-0.0000082894
-0.0002240856
0.0000156487
0.0000000000
-0.0000000000
0.0002978932
0.0000000000
0.0001053125
-0.0000000000
0.0000000000
0.0000000000
0.0000000000
0.0000000035
0.0000000000
0.0000000000
0.0000000000
0.0129348226
-0.0002152633
0.0000000007
0.0002057973
0.0000002020
0.0000000000
0.0703469217
0.0003019934
0.0000000000
0.0006159007
0.0011162426
0.0000000000
0.0000000291
0.0151298409
0.0029159563
0.0000000012
-0.0031187639
-0.0000000000
0.0000000000
0.0000001874
-0.0000921074
-0.0000000000
-0.0006905094
-0.0002876228
-0.0000284093
0.0003501454
-0.0005450062
0.0000000000
0.0000000144
-0.0000472814
-0.0063668527
-0.0000000000
0.0000000000
0.0000003096
-0.0000000000
-0.0000000000
-0.0000621845
-0.0000006030
0.0248216707
-0.0000000000
-0.0000000000
-0.0000000000
0.0000000000
0.0000000000
-0.0028721059
-0.0049406895
-0.0000127643
0.0008793041
0.0000000000
0.0000000000
0.0000000000
0.0014305455
-0.0000077592
-0.0000000000
-0.0000000000
0.0083737038
0.0010380272
0.0000000000
0.0000000000
-0.0000000000
0.0000000000
0.0017282739
0.0000000009
0.0000000002
0.0000000000
0.0000000090
0.0362035185
-0.0000000000
0.0000000000
-0.0000000000
0.0128702056
0.1475334615
0.0000000000
-0.0000000000
0.0351436511
-0.0000000000
-0.0000000073
-0.0000000000
0.0000000000
-0.0000000000
-0.0000000000
0.0000000000
-0.0000000000
-0.0000000000
0.0000000000
0.0042096195
-0.0000000000
0.0000000000
0.0000000000
0.0009811783
-0.0000522016
0.0000000000
0.0160083342
0.0000000000
0.0000000000
0.0000000000
0.0000005724
-0.0000000000
0.0000000000
0.0000000000
0.0000000000
-0.0000000000
-0.0000000000
-0.0000000000
0.0000000001
-0.0000000000
0.0000000000
-0.0000000000
0.0000000000
-0.0000000000
-0.0469593145
0.0000000000
-0.0000000000
0.0000000000
0.0000000000
0.1934629828
-0.0000000000
-0.0000000000
0.0000000005
0.0002644768
0.1233139113
-0.0000000000
0.0104075018
0.0000000000
-0.0000000000
0.1327604353
-0.0000000000
0.0000000000
0.0000000000
0.0000000000
-0.0000000000
0.4452501237
0.0000000000
0.0000000000
0.0000000000
0.0934543684
0.0002004485
0.0000000000
0.0000000000
0.0000000000
0.0000000000
-0.0000000000
0.0000069018
0.0000000000
-0.0000000000
-0.0000000000
-0.0000000000
-0.0000000000
-0.0000000000
-0.0000000000
0.0000862604
-0.0000000000
-0.0000000000
-0.0000000000
0.0000000001
0.0000000000
0.0000000003
-0.0000000000
-0.0005057905
0.0000000000
0.0000005950
-0.0000029668
-0.0000000000
-0.0000000000
-0.0000000000
0.0000000000
-0.0019539369
-0.0000004758
-0.0000000000
-0.0000000000
-0.0000543718
-0.0000000000
0.0000000000
0.0000000000
-0.0000000000
-0.0002115826
-0.0000000005
0.0000000000
0.0085234912
0.0002823052
0.0015276539
0.0000000007
0.0876885056
0.0000000000
0.0000153120
0.0285070669
0.0000000000
-0.0000000000
0.0000000001
0.0000000000
-0.0000000000
0.0000000000
0.0000000007
-0.0000000000
0.0000000000
-0.0000000000
0.0000000000
0.0005044953
0.0000000000
0.0000000000
-0.0000000000
0.0000000000
-0.0000000000
0.0000000118
0.0000000000
0.0001147267
0.0000000000
0.0487483181
0.0000000000
0.0000005283
-0.0000000000
-0.0000000000
0.0056389775
0.0000000000
0.0000000000
-0.0000000000
0.0000000000
0.0000000000
0.0000000000
0.0014464173
0.0000007233
-0.0000000000
-0.0000000000
0.0000000179
0.0000000000
-0.0000000000
0.0001058793
-0.0000054243
-0.0000000000
-0.0014823732
-0.0000000000
0.0000000000
-0.0099740895
-0.0000000000
-0.0000001665
0.0000471614
-0.0236963108
0.0137497308
0.0000000000
-0.0000000000
0.0697151199
0.0000000001
0.0000001360
0.0000000000
0.0861228928
0.0024620539
0.0000004289
0.0069250409
0.0000000000
0.0149317114
0.0000009124
0.0000000005
0.0000000001
0.0006589948
0.0000000000
0.0000000000
-0.0000000000
0.0000462279
-0.0000000000
0.0000000000
0.0000000000
0.0000000000
0.0000000000
-0.0000000000
0.0000054513
0.0000000015
0.0045709363
0.0000000000
0.0000000000
0.0141073177
0.0000000000
-0.0000000000
0.0000000019
0.0000000000
0.0000121904
-0.0000000744
0.0002172911
0.0000018543
0.0000113074
-0.0000000000
0.0000000000
-0.0000000000
-0.0000000000
-0.0000000000
-0.0000000000
0.0017441353
-0.0000000000
0.0083574485
-0.0000000018
0.0000000000
0.0000000000
0.0000000000
0.0000000000
0.0000000000
0.0000000000
-0.0000000000
-0.0000051526
-0.0271472670
0.0000006948
-0.0000000018
-0.0000000000
0.0000000000
-0.0000000000
-0.0000000627
0.0000000000
0.0000000000
0.0000000000
0.0000000000
-0.0000000000
-0.0000000000
0.0478490479
0.0000000000
-0.0000000000
-0.0000836681
0.0000000001
0.0000000000
0.0251572151
0.0032056924
-0.0000000000
0.0474401042
-0.0359310582
0.0000000000
0.0000252613
0.0000000000
0.0000001496
0.0000000000
0.0000000004
0.0021675692
0.0021818029
-0.0000000000
0.0000000000
0.0126222735
0.0000000000
0.4532801211
0.0000436793
0.0000000000
0.0000000000
0.0000000000
0.0060141138
0.0001651227
0.0115041714
-0.0000000000
-0.0000793105
0.0000000000
0.1460533142
0.0007791331
-0.0000000000
-0.0000000000
-0.0000422580
-0.0000120723
-0.0000000000
0.0000000000
0.0000012397
-0.0000000000
0.0000016580
0.0000000000
-0.0000151488
-0.0000000001
0.0011972960
-0.0000287581
-0.0000000000
0.0000000000
0.0000000000
0.0000000000
-0.0000000000
-0.0000446554
0.0000122699
0.0006130850
0.0000000000
-0.0000000813
0.0001516521
0.0000000002
0.0000000000
-0.0000000000
0.0000000042
-0.0000000000
0.0000000006
-0.0000000000
0.0000000000
-0.0000000000
0.0000000050
0.0001411474
0.0000000000
0.0000000000
0.0000000026
0.2629695237
0.0000000000
-0.0000000000
-0.0000000000
-0.0000000000
0.0000000000
-0.0000000000
0.0000000045
0.0000000000
0.0000000000
0.0000000000
-0.0000000000
0.0000000008
-0.0000000000
0.0001010535
0.2974090278
0.0188493319
-0.0000000000
0.1434438527
0.0000000416
0.0002789636
-0.0000000000
0.0000000000
0.0000000000
0.0000000000
-0.0000000000
0.0000016443
0.0000000000
0.0233989097
0.0000000000
-0.0000288340
0.0000000000
0.0060413778
0.0000000000
-0.0208942704
0.0000000000
0.0000000000
-0.0000000000
0.0000000000
-0.0000000000
0.0000000000
0.0000000000
0.0000000000
-0.0021352307
-0.0000000000
-0.0000000000
-0.0000000000
0.0000000000
0.0000000174
-0.0000000000
-0.0000000000
0.3042398989
-0.0000000000
0.0000002872
0.0063664280
0.0941786245
0.0000000000
0.0000246071
0.0010820162
0.0000000000
0.0565066375
-0.0000000000
0.0000000000
-0.0000000000
-0.0000000000
-0.0000000000
0.1100080982
-0.0000000000
0.0000000000
0.0000000000
-0.0000000000
-0.0000000000
0.0000000000
0.0000000041
0.0000102936
0.1924622208
0.1480341107
0.0000031647
-0.0000000000
-0.0000000000
-0.0000000000
-0.0052505750
0.0000006971
0.0000402877
0.0000000000
-0.0000000000
-0.0000000000
0.0000062742
-0.0000000000
0.0000000000
-0.0000000000
-0.0000000000
0.0000000000
0.0126240933
0.0000000147
-0.0000000000
-0.0000000000
0.0000000629
0.0000000000
-0.0000000000
0.0000099667
-0.0000000000
0.0000000000
-0.0006316500
-0.0000000036
-0.0019458461
-0.0000000016
0.0367777944
-0.0000021811
0.0054486515
0.0074144881
0.0000000000
0.0000000002
0.0017837316
0.0003493737
0.0000003725
0.0000000000
-0.0000000000
0.0000094688
-0.0000000000
0.0000000000
0.0000000000
0.0482700169
-0.0000000000
0.0000002388
0.0000000000
0.0030633556
0.2471913248
0.0000000000
0.0000000000
0.0000037837
0.0000000000
0.0000000000
0.0000000000
0.0000000000
-0.0000000000
0.1961648762
0.0004760778
0.0000000000
0.0000000000
-0.0000000000
0.0497629084
0.0000000000
0.0000000000
0.2826448679
-0.0000000000
0.3492449820
0.0000000000
0.0000000000
0.0000012015
0.0000000000
0.2717830241
-0.0000000000
-0.0000000000
0.0000000000
0.0000000000
0.0000000000
0.0028212175
-0.0000458992
-0.0000000000
0.0000000000
-0.0000000000
0.0000000000
-0.0000084900
-0.0000000000
0.0037752250
0.0000000000
0.0000000000
0.0000008002
-0.0000480698
-0.0000000000
0.0000000000
0.0000000000
0.0007521801
-0.0000000000
0.0000000000
0.0000007068
0.0068227793
0.0058607440
0.0077778846
-0.0000000000
0.0000545059
0.0000000000
0.0000000100
0.0000000000
0.0000000000
0.0000000000
-0.0000000000
0.0000000000
0.0000000000
-0.0000000000
0.2208847106
0.0000000035
0.0000000000
0.0000030640
0.0112120043
-0.0000000000
-0.0000000000
0.0000000000
0.0000000000
0.0000000000
0.3172170520
-0.0000000000
-0.0000000000
-0.0000000000
-0.0000000000
0.0185263529
0.0000000000
0.0011979964
-0.0000002095
-0.0000000000
0.0000360850
0.0661465898
0.0038784076
-0.0000000000
-0.0000000993
-0.0000000000
-0.0000000000
-0.0000000000
-0.0000000000
-0.0000000199
0.1019611433
-0.0000000000
0.0000000000
-0.0000000000
-0.0000000000
-0.0000000000
-0.0000000000
0.0000000000
-0.0000000000
-0.0000000000
0.0000037120
0.0000000000
-0.0000002338
0.0000000000
0.0000049004
-0.0000000000
0.0000000000
0.0000000000
-0.0000000000
0.0000000000
0.0277797319
-0.0000000000
0.0441920608
0.0000000367
-0.0000000000
0.0000000002
0.0000000000
0.0000000000
0.0904516205
-0.0000000000
0.0000000000
0.0000000000
-0.0000000000
0.0000000000
0.0000000000
0.0000000000
0.0000000000
-0.0000000000
0.0000000000
0.2875766754
0.0000001635
0.0000000000
0.0000000000
0.0000000000
0.0000000000
0.0000000000
0.0000000000
0.0000000000
-0.0000000000
-0.0000000000
0.0000000000
0.0000000000
0.0140299927
0.0000000000
0.0285209753
0.0009515501
0.0000000000
0.0000285184
0.0000000000
0.0000000000
-0.0000000000
-0.0000000000
0.0000000000
0.0000000971
0.0000000000
0.0000000000
-0.0000052096
0.0000000036
0.0000000000
0.0000000000
0.0000000002
-0.0436666794
-0.0000000000
0.0000000000
0.0000000000
-0.0000000000
0.0000000000
0.0164401662
-0.0000000000
-0.0000000000
-0.0000000000
0.0488275886
0.0000218975
0.0000043959
-0.0000000000
0.0000000012
-0.0000000000
-0.0000000000
0.3706617355
0.0843619183
0.0000000000
0.4088848531
0.0001279283
0.0000000000
0.0000000000
0.0012061314
0.0000000000
0.1992430389
0.2734167278
0.0293138660
0.1990933269
0.2764945328
-0.0000000000
0.0000000000
0.0000000000
-0.0000000000
0.0000000000
0.0776591748
-0.0000000000
0.0000000000
0.0000000000
0.0000023645
0.0000000055
-0.0000000000
0.0194338039
-0.0026141896
0.0000029866
0.0000004742
0.0000003106
-0.0001082961
-0.0000000000
0.0000000000
0.0000104604
-0.0000000000
0.0062907101
0.0000000000
0.0000000000
-0.0000000000
0.0000000005
-0.0000014611
-0.0000046859
-0.0058681751
0.0000000000
-0.0000034892
0.0000000000
-0.0000528716
-0.0000000000
0.0000000000
0.0000000000
0.0000000000
-0.0000000000
-0.0000000000
0.0001069332
-0.0000000000
-0.0000000000
0.0166504793
0.0000000000
0.0000000000
0.0055846553
0.0201903265
0.0220923629
0.0433619879
0.0000000000
0.0000000001
0.0000005892
0.0000000000
0.0000000000
-0.0000000000
0.0000000000
0.0000000000
0.0011717890
0.0833939090
0.0000001122
0.1673932076
-0.0000000000
0.0000000000
0.0000000000
0.0056929961
0.0000000000
0.0000000000
0.0000000000
0.0000000000
0.1641366929
-0.0000000000
-0.0000000000
0.0000000000
0.0143472599
0.0000000000
0.0000000000
-0.2197860926
0.0000000000
0.0011802862
0.0000000000
-0.0000000000
0.0034853539
0.1528034806
0.0000000000
0.0000068993
0.0758250132
0.0000000000
0.0000000000
0.0000000000
0.0000000000
0.0001117562
-0.0000000000
-0.0027386851
-0.0080340747
-0.0000000000
-0.0000000001
-0.0000000000
-0.0000000000
0.0000000000
-0.0037048175
0.0000000000
0.0000001351
0.0000033989
0.0000000002
0.0199121777
-0.0000000000
0.0000000000
0.0112996418
0.0000000047
0.0001112756
-0.0000000000
0.0002085453
0.0000225232
-0.0000000000
0.0000000003
0.0000000000
-0.0000000000
0.1717975289
0.0000000000
0.0000000000
0.0000000000
-0.0000000000
0.1859663874
-0.0000000000
0.0000000000
-0.0000000000
0.0000000000
-0.0000000000
0.0000000000
0.2363080084
0.2214515656
-0.0000000000
0.0829817057
0.2600301206
-0.0000000000
-0.0000000000
0.0000000855
0.0028309615
-0.0000000000
0.0000000000
0.0002055547
-0.0000000000
0.3745863140
0.0000000000
0.0000000003
0.0557097904
0.0001061625
0.0996709913
0.0502452701
0.0196865164
-0.0000633285
-0.0000000000
0.0017715993
0.0000000000
-0.0019921872
0.0000000039
-0.0000000000
0.0000000000
0.0000000000
-0.0000000009
0.0000000000
0.0000000000
-0.0000026432
0.0000000001
0.0000000527
0.0000030566
0.0023032126
0.0000000000
0.0750219598
0.0000843415
0.0007677024
0.0000000000
0.0006491366
0.0000000000
0.0000000000
0.0001025609
0.1883640587
-0.0000000000
0.0067257374
0.0000067935
0.0000000000
-0.0000000000
0.0000000090
0.0000000000
-0.0000000000
-0.0000000000
0.0000000000
-0.0000000000
0.0000000000
-0.0000000000
0.2731389105
0.0000000006
0.0006364174
0.0000000000
0.0000000000
0.2453880310
0.0000000561
0.0000000000
0.2946074009
0.1247615218
0.2324012071
0.0000000000
0.0000000000
0.0000000000
0.0000000000
0.0000000047
0.0000000000
-0.0000000000
0.0000000005
0.0570953153
0.0086867651
0.0000000000
-0.0000000000
0.0000000143
0.0000000000
0.0053083147
0.1224884614
0.0000000000
-0.0000000000
0.0000000000
-0.0031735904
0.0000000000
-0.0001062714
0.0000000000
-0.0046470938
0.0000000000
-0.0000000000
0.0000000000
-0.0065967045
-0.0000000000
0.0000000000
0.0000000000
0.0000000000
-0.0000000001
-0.0000000995
0.0035250639
0.0004005398
0.0113931000
0.2292153537
0.0000387521
0.0000000000
0.0000000000
-0.0000000000
0.3158665299
-0.0000000000
0.1325200200
0.0000000000
0.0000012468
0.0000000000
0.0583999977
-0.0000000000
0.0000000000
-0.0000000000
0.2338775247
-0.0000000000
0.0000000069
0.0000000000
-0.0000000000
0.0000000000
0.0500392020
0.0000000000
-0.0000000000
0.0000000000
0.0001949333
-0.0000000000
0.0000000000
0.0000000000
-0.0000000000
0.0000000001
-0.0000000000
0.0000000000
-0.0000000000
0.0000000000
-0.0000000000
-0.0031294280
0.0000000000
-0.0000000000
0.0000008952
0.0000000000
-0.0000000000
0.0000338833
0.0035268096
-0.0000000000
0.0000000000
0.0000000134
-0.0018685930
0.0000367948
0.0000000000
-0.0000000000
0.0000000000
0.0000000000
0.0000000000
0.0000000000
-0.0000000000
0.0000000189
0.0035824033
0.0010052011
0.0000003987
0.0001104593
0.0000000005
0.0000000000
-0.0000000000
0.0000000000
0.0000000000
0.0000016773
0.0000387972
0.0511742830
0.0012978184
0.0000000104
0.1140150353
0.4092979431
0.0000000000
-0.0000000000
0.0000000000
0.1957218498
-0.0000000000
-0.0000000000
-0.0000000000
0.2011513710
-0.0000000000
0.0049696332
-0.0000000000
0.0000000000
0.2393409312
0.0000000000
-0.0000000000
0.0669004992
-0.0000000000
0.0000000000
0.2033331394
-0.0000000000
0.1000896022
0.3299217522
-0.0000000000
0.1105589494
0.0000000000
0.0000000000
-0.0000000000
0.0000000000
0.0529863313
-0.0000000000
0.0014076204
0.0000000000
0.0004118453
0.0800375193
0.0000000000
-0.0000000000
0.0000083235
-0.0000000001
0.0000000287
-0.0000000000
-0.0000000000
-0.0000000000
-0.0020822927
-0.0000000000
-0.0000000000
0.0000001995
0.0000203420
-0.0000000000
0.0000005297
0.0000000000
0.0000000000
0.1509687901
0.0000000000
0.0000000000
0.0066461843
0.0002622829
-0.0000000000
0.0000011445
0.0000024488
0.0000000000
-0.0000000000
0.0000000000
0.0000004467
0.1470660418
0.0000000362
-0.0000000000
0.0000000000
0.0000003279
0.0000000130
0.0000000000
0.0000513119
-0.0000000000
0.0564745478
0.0000000000
0.2777307332
0.0000000000
-0.0000000000
0.0907138214
0.1374689788
0.0000014758
0.0000000000
0.0000000231
0.0000000000
0.0000000000
-0.0000000000
0.0000000000
0.0000000000
0.0009583426
0.0000000000
0.0000000000
0.0000000000
0.0000005986
-0.0000000000
-0.0000000000
0.0000048603
0.0000000000
0.0000000000
0.0000007104
-0.0000000000
0.0000000000
-0.0000000000
0.0000000000
0.0015927948
-0.0000000000
0.0000000000
-0.0000000000
0.0000000000
0.0000000000
0.0000000054
-0.0000000000
-0.0000000000
0.0191298649
0.0172193795
0.0000000000
0.0000000000
0.0078022922
0.0000311225
0.0000021184
0.0000000000
0.0000000121
0.0000000000
0.0000000000
-0.0000000000
0.3406330347
0.0000104144
0.0000000000
0.1286855638
-0.0000000000
0.0000000000
0.0000000000
0.0000000000
-0.0000000000
-0.0000000000
0.0000000000
0.0000000000
0.0000000000
0.0000000000
0.0070998999
0.0004366081
0.0000000000
0.1705077887
0.2113643140
0.0015270821
0.0000000008
0.0000000000
0.0000000000
0.0000000000
-0.0000000000
0.0000000000
0.0000000000
0.0000000081
-0.0000000000
0.2869302928
0.0000203467
0.0213697720
0.0171826538
0.0000000000
0.0000000000
-0.0000000000
-0.0000000049
-0.0000000000
-0.0000000000
-0.0000000000
-0.0061355177
-0.0000000050
-0.0000000000
0.0000000002
-0.0000000000
0.0000013576
-0.0000000000
-0.0000000000
-0.0000000000
0.0086046131
0.0000745983
0.0000000972
0.0000535749
0.1132334024
0.0000000002
0.0000000000
-0.0000000000
0.0000049423
0.0000000000
0.0000000000
0.0000000125
-0.0000000000
0.0000051402
-0.0000000000
0.0088469153
0.0250836071
0.0000000033
0.0564719215
0.0000000000
0.2336928099
0.0000000000
0.0000000000
0.1820821613
-0.0000000000
-0.0000000000
0.2228251994
0.1633779407
0.1206146404
0.1205852777
-0.0000000000
0.1781796366
0.0541372225
0.0000000000
0.0000013795
-0.0000000000
0.0020944076
0.0000000000
0.0000000000
0.0000200234
0.0000000330
0.0002585504
-0.0000000000
0.0002781118
0.0000000000
0.0013430417
0.0539397635
0.0119526079
-0.0000000000
0.0028210890
0.0023893479
0.0000000000
0.0000000000
0.0032167258
-0.0000000000
-0.0000000000
0.0000000000
0.0000000000
0.0000000000
0.0000000001
0.0000000038
0.0000000000
0.0000000003
-0.0237315446
-0.0000000000
0.0000000000
0.0000000000
0.0000000000
0.0000000000
0.0000009389
0.0000002823
0.0000000000
0.0358265005
0.0260703433
0.0000146210
0.0000000000
0.0000000000
0.1680479199
-0.0000000000
0.0000000000
-0.0000000000
-0.0000000000
0.0000000049
0.1166015044
0.0000000000
0.0000000000
0.0000058867
0.0000000000
-0.0000000000
0.0000000000
0.1171525791
0.1185712591
0.0000000000
-0.0000000000
0.0000000000
-0.0000000000
-0.0000000000
-0.0000000000
0.0000000000
0.0000000000
0.0000002596
0.0000000000
-0.0000000000
0.0000000000
0.1253513545
0.0000000000
0.0000000000
0.0000000000
0.0158942640
0.3409169018
0.0550465658
0.0000000074
0.0008601109
0.0816083401
0.0000000000
0.0053918483
-0.0000000000
0.0000000000
0.0348849073
-0.0000000000
0.0000791768
-0.0000000000
0.0000000000
0.0000000008
-0.0000000000
-0.0000000088
0.0000000000
0.0065764594
-0.0000290304
0.0000000000
-0.0000000000
-0.0000000000
0.0293158889
0.0000000000
-0.0000000000
-0.0000037677
-0.0000000000
0.0976966619
-0.0000000000
0.0009718993
-0.0000000000
0.0000000000
0.0000000000
0.0170913916
0.0000000000
0.2646761537
0.0000000000
0.0141686620
0.0000000000
-0.0000000000
0.0000139855
0.3123676181
0.0000000000
-0.0000000000
-0.0000000000
0.0025004260
0.0000000000
0.3375515044
0.1408371776
0.0000000000
0.1365462542
-0.0000000000
0.0000000243
0.0013551686
0.0000000000
0.0754825920
0.3642630577
0.0215292387
0.0000000000
0.0000000000
0.0508050099
0.0729809999
0.0000000147
0.0672928616
0.0000004410
0.0155438064
0.0273782555
0.0000000000
-0.0000000000
0.0000316567
0.0000188323
0.0000379955
0.0270376988
-0.0000495547
0.0000180306
-0.0000000000
-0.0000002014
0.0006170007
0.0000000000
0.0004005651
0.0000345568
0.0000015610
-0.0000000000
0.0000000000
0.0000000124
0.0000000000
0.0046739173
-0.0000000000
0.0573833399
-0.0000000000
0.0010950750
0.1094482765
0.0000000841
-0.0169497877
-0.0044552763
0.0000000181
0.1051109284
0.1306724846
0.3014683127
0.0000000000
0.0000000000
0.0000000000
0.0000000000
-0.0000000000
0.0000000000
-0.0000000000
0.0001436466
0.0000008911
0.3176583052
0.1958309412
-0.0000000000
0.0000000000
-0.0000000000
0.0021609513
0.2540721893
0.0000000000
0.0000000000
0.0000000000
-0.0000000000
0.0000000000
0.0000000000
-0.0000000000
0.0000000000
-0.0000000006
0.0514751785
0.0000000000
0.0022936359
0.0000365119
0.0000000000
0.0000000000
0.0000000000
0.0001467405
0.0000014889
0.0008287706
0.0850953758
0.0000000039
0.0000000173
-0.0009972865
0.0000000000
-0.0057658879
-0.0000000000
0.0000000000
0.0000000000
0.0000000000
0.0000003423
0.0000000000
0.0000000048
-0.0000000000
0.0000000000
0.0003158616
0.0000000000
0.0000029283
-0.0000000000
-0.0000022682
0.0019261849
0.0000000000
0.0000000000
-0.0482805856
0.0027151171
-0.0000000000
0.0000000273
-0.0054965816
-0.0000000000
0.0000000000
0.0164891966
0.0000000017
0.0000000000
0.0000000000
0.0372361615
0.0137263406
-0.0000000000
0.0000000000
0.2790465951
0.0000000009
0.2697500288
0.0000000000
-0.0000000000
-0.0000000000
0.0000000000
-0.0000000000
-0.0000000000
0.0000000000
0.0222584326
0.2032040358
0.0000001316
0.0000000566
0.0000000006
0.0000000000
0.3227238953
0.0000000000
-0.0000000000
0.0000000000
0.0000000000
0.0000000000
0.1519238502
0.0000000000
-0.0000000000
0.0000000574
0.0066118413
-0.0000000000
-0.0000000000
0.0000000001
-0.0090714917
-0.0000000000
-0.0000000000
-0.0001504391
0.0000000030
0.0000000000
0.0000000030
-0.0000000000
-0.0000000000
-0.0000000000
0.0000000000
-0.0000000000
0.0000000193
-0.0000000000
0.0000000000
0.0028282553
0.0000000000
0.0000000006
0.0008225567
0.0000000000
-0.0093402136
0.0001776965
0.3589510322
0.0000113319
0.0007337536
-0.0000000000
0.3909547329
0.1360444129
0.0000000000
0.1487149894
-0.0000000000
-0.0000000000
-0.0000000000
0.0033472544
0.0000000000
0.0000000000
0.0000000000
-0.0000000000
-0.0000000000
-0.0000000000
0.0000000000
0.0000000000
0.2830495834
0.0000000000
-0.0000000000
0.0000008926
0.0000000000
0.0000000005
0.0000000000
0.0000000363
-0.0000000000
0.2734842002
0.1548269987
0.0000276200
0.0770927668
-0.0000000000
-0.0000000000
0.1054479256
0.0000000000
0.0000000000
0.0000000000
-0.0000000000
0.0000577250
0.0000000011
0.0000088361
-0.0000000053
-0.0000000001
-0.0457553193
0.0000000000
0.0000014760
-0.0000000000
-0.0000000000
0.0000000000
-0.0000000000
-0.0000000000
0.0000000000
0.0000000000
0.0025688268
0.0000000000
0.0000168563
0.0000000000
-0.0000000000
0.0029294160
0.0011592754
0.0000000001
0.0028222557
0.0002306167
0.0088814469
0.0003749874
0.0000000000
0.0000000000
0.0000000000
0.0001254153
0.0000000093
0.0025075709
-0.0000000000
0.0094209565
0.0000000000
0.0000000000
0.0000079929
0.0000000000
0.0000202652
-0.0000000000
0.3899362087
-0.0000000000
0.1342544705
0.0000000000
0.0000110052
0.0000000000
0.0000009822
-0.0677099749
0.0000000000
0.2222479433
0.0000000188
0.0076533258
0.1376883239
0.0000000000
-0.0000000000
0.1358707696
0.0009997049
0.0001545141
-0.0000000000
0.0019199295
0.0004807772
0.0066651418
0.0000000000
0.0000000001
0.0000000108
-0.0000000000
0.0000000000
-0.0000000000
-0.0000000000
-0.0000000005
0.0000000000
0.0000000000
-0.0096369758
-0.0000000000
0.0027354001
-0.0000000000
0.0000000000
0.0389938280
0.0000491144
-0.0000000000
0.0217681043
0.0000000000
-0.0000000000
0.0000000000
-0.0000000000
-0.0044819270
-0.0010816109
0.0000000712
-0.0000000000
0.0000262961
0.0000000000
0.0081767775
0.0000000000
-0.0000000000
0.0000000000
0.0000000000
0.0006417817
0.0060868850
0.0000000000
0.0014524948
0.0000806131
0.1121334285
0.0000000000
-0.0000000000
0.0000097218
0.0000000000
0.0138417585
0.0000000000
-0.0000000000
0.0000000000
0.0000000000
-0.0000000000
0.0333161615
-0.0000000000
0.0000000000
0.0000000000
0.0000000000
0.0000469871
0.0000000000
0.0017503334
-0.0000000000
-0.0000000000
0.0000000000
-0.0000000000
0.0000000000
0.0005469304
-0.0000000000
-0.0078554181
-0.0017469908
-0.0047326558
-0.0000000000
-0.0000009869
0.0000000000
-0.0005106960
-0.0000000000
-0.0244376324
-0.0000000000
-0.0000000000
-0.0000000000
-0.0000000000
0.0006854571
0.0012264270
0.0000000000
-0.0000000000
0.0114364019
-0.0000000000
-0.0000000000
-0.0000000000
0.0000000000
0.0000000000
-0.0000000000
0.0002488872
0.0017754596
-0.0000000000
0.1260102689
0.2205383927
-0.0000000000
0.0000000000
0.0000000000
-0.0000000000
0.0368394889
0.3170689642
-0.0000000000
0.0000000000
0.0000000000
0.0000000000
0.2264719754
-0.0000000000
0.0378347225
0.0254719015
0.0000005697
0.0000013463
-0.0000000000
0.1231642663
0.0000000052
0.2009261101
0.0000000000
0.0444822013
0.0000000000
-0.0000000000
0.0000000000
0.2239826620
0.0002320708
0.0013054131
0.1978096664
0.0000103826
0.0061814259
0.0000000000
0.0000000001
0.0000000000
0.0231376123
-0.0003238619
-0.0000000068
0.0000000000
0.0000000000
-0.0107384305
0.0029473337
0.0000040432
-0.0000000000
0.0000042467
-0.0000000000
-0.0000000000
-0.0000018419
0.0000000594
-0.0000000000
0.0000000000
0.0000000000
0.0000000000
0.0002475575
0.0498219952
0.0322353467
0.0000000000
0.0000000024
0.0000000051
0.0000000000
0.0028227828
0.0000000000
0.0000000000
0.0000002336
0.1306181401
0.0000000000
0.0000000000
0.0000000000
0.0000000000
-0.0000000000
0.0000000000
0.0000000000
-0.0000000001
0.0000000000
0.2246182859
0.0000000000
0.0000001692
0.0000001697
0.0000000000
0.3105474710
0.0000000000
0.0000000000
0.0000000000
0.3046271205
-0.0054764906
-0.0000000000
0.0000000000
0.0153333871
0.0000000000
-0.0000000000
0.0000000000
0.0000000000
0.0000200987
0.0115803266
-0.0000000000
0.0000000319
0.0210163780
0.0000000000
0.0003130155
0.0000000000
-0.0238372888
-0.0000000000
0.0000000000
-0.0000000722
0.0000000000
0.0000000000
0.0000000000
0.0000000000
0.0017920693
0.0000544228
-0.0000000000
-0.0000000000
-0.0000000000
-0.0000000000
0.0180736929
0.0000000000
0.0000000156
0.0000000000
0.0000000000
-0.0000000067
-0.0000000000
0.0000000016
0.0638524666
-0.0000000000
0.0000000000
0.0035751231
0.0013715049
0.0000000000
0.0000000000
-0.0000000000
0.0000000000
0.0826645419
0.0137376226
0.0000000022
-0.0000000000
0.0125069004
0.0000000000
0.0000270031
0.0000003583
-0.0000000000
0.0000000000
0.0000000000
0.0000000002
-0.0000000000
0.0000000008
0.0000067206
0.0000000000
-0.0000000000
0.0073622661
0.0000018875
0.0000000000
0.0000000000
0.0069053806
0.0000000000
0.0000000000
0.0000000000
0.0000000000
0.0000000000
0.0027332746
-0.0000000000
-0.0001138555
0.0000000000
-0.0000000000
-0.0003172344
0.0006491601
-0.0000000000
-0.0000000062
-0.0005278048
-0.0013358054
-0.0000000000
0.0104573248
0.0062713930
0.0000004704
0.0000000000
0.0000300298
0.0001542777
-0.0000000000
0.0000034958
-0.0000170183
0.0001223655
-0.0000000000
0.0008551586
-0.0000000000
-0.0009535745
0.0058313450
0.0000116546
0.0000000000
0.0000000000
0.0437000841
0.0000000000
0.0000000000
0.0180258434
0.0000001169
0.0000000054
0.0049965349
0.0000216231
-0.0000000000
0.0062130191
0.0000000000
-0.0000000000
0.0513768680
0.0000000019
0.0017911603
0.0000000035
0.1784019321
0.0000000026
0.0000059056
0.0000000000
-0.0000000000
0.0000004912
0.0000000024
0.0000001965
0.0000000000
0.1068874896
-0.0000000000
0.0029002291
0.0000010149
0.0000110135
0.0020507115
-0.0000000000
0.0558250956
0.0003248411
-0.0001993877
0.0000000000
-0.0000000000
0.0000005908
-0.0042149597
-0.0000000000
-0.0094078667
0.0000000000
-0.0045080809
-0.0000000927
-0.0000000000
0.0000000000
0.0000000000
-0.0000000026
0.0000000000
-0.0000000000
-0.0000000000
0.0000000000
-0.0000004046
0.0015238022
0.0000000000
-0.0000000651
-0.0376756713
0.0001682106
-0.0000592882
0.0000000000
0.0000000000
0.0627829880
0.0000000000
0.0172123313
0.0000000160
-0.0000000000
0.0091736978
0.0001306899
-0.0002198811
0.0000000000
-0.0000000000
0.0010132310
0.0000000000
-0.0000000000
0.3423603177
0.0113120386
0.0175515097
-0.0000000000
0.3251179755
0.0000007448
0.0296996515
0.0146345170
0.0471870638
0.0285228007
0.0000000000
0.0000000000
-0.0027786719
0.0000000000
-0.0000000000
0.0110820904
-0.0000000000
0.0000000000
0.0032245500
-0.0000000000
0.0000000000
0.0008869644
0.0000000000
0.0046616886
-0.0000000000
-0.0000000000
0.0000002461
-0.0000020170
-0.0000000000
-0.0000000000
-0.0012228782
-0.0000431823
-0.0000000000
-0.0000603820
-0.0000000146
0.0006605644
0.0000000000
0.0000000023
-0.0000023365
0.0000280485
-0.0000000000
0.0000002457
0.0000000756
-0.0000012088
0.0000000000
0.0000000000
-0.0000000000
0.0000000000
-0.0000000000
0.0000000000
0.0000000000
-0.0000000000
0.0000000000
0.0000000000
0.0001840531
-0.0000000000
0.0000466050
0.0000000000
0.0000068495
0.0106345667
0.0000000000
0.0161989946
-0.0000000000
0.0000000000
0.0002197688
-0.0000000000
0.0000000000
0.0049496931
0.0000565992
0.1433119625
0.0317192525
0.2249118090
0.0000000005
-0.0000016186
0.0000607373
-0.0000000000
0.0034247481
0.0327203497
0.1087982133
0.0009963134
0.0000650951
0.0000000000
0.0000000000
-0.0000000000
0.0587897561
0.1521278173
0.0107663646
0.0315346159
0.0000000000
-0.0000000000
-0.0000000000
-0.0567224994
0.0000000000
-0.0000000000
0.0000000000
-0.0309736542
-0.0002723917
-0.0000000000
0.0000000000
0.0000000000
0.0667055026
0.0000000000
0.0001748125
-0.0000000000
-0.0000000974
0.0000000000
0.0000000000
-0.0000000000
0.0000045862
-0.0007891027
0.0000000000
-0.0000000001
-0.0000000000
-0.0000259034
-0.0000000000
0.0000018520
0.0000000000
-0.0000678062
-0.0000000000
0.0000411835
0.0000000000
0.0022737766
-0.0000000000
0.0001588478
0.0000117888
0.1771660596
0.1062517464
0.2110562772
0.0000000000
0.0000001703
0.3088608682
0.0760895833
0.0000000000
0.0000000014
-0.0000000000
0.0000000568
0.0095239719
0.0000000000
0.0138341198
0.0000000000
0.0000000000
0.0929661840
0.0737550631
0.0000000000
0.1749739051
0.0000000000
0.1549534649
-0.0000000000
0.0000000000
0.0000000008
0.0006477660
-0.0000000000
-0.0032363054
0.0007989485
0.0000000000
0.0008442748
-0.0000000071
-0.0000000009
-0.0000000000
-0.0000000000
0.0000000000
-0.0000000000
-0.0076693585
0.0000000000
0.0000000000
0.0023542703
0.0000000000
0.0000000000
0.0000000000
-0.0000000000
-0.0000000000
-0.0000000000
-0.0000000000
-0.0000000000
-0.0000000000
-0.0000000000
0.0000000000
0.0000000000
0.0000000000
-0.0000000000
-0.0000000000
0.0000000000
0.0000000000
0.0000000000
0.0113047566
-0.0000017622
0.0002751558
0.0339960307
0.0000000062
0.0000000004
0.0525321327
-0.0000000000
-0.0000000000
-0.0000000000
0.0092977919
0.0000031627
0.0000000000
-0.0000000000
0.0216920283
0.0364341661
0.0004023385
0.0000003786
0.0896408781
0.0209359936
0.0021517719
0.0000000000
0.0000000000
0.0000000000
0.0000000001
0.0000000138
-0.0000000000
0.0009787632
-0.0000000000
-0.0000000000
0.0000000000
-0.0000000000
0.0000000000
-0.0000000000
0.0000000000
0.0000000000
-0.0000000000
0.0000001007
0.0000000000
0.0000000000
0.0000000000
0.0000000000
0.0000006678
0.0000000000
-0.0000000000
0.0000000000
0.0000000004
0.0000385075
-0.0000000000
-0.0000000000
0.0000000000
-0.0085294871
-0.0087181693
-0.0000664618
-0.0000000000
-0.0000000000
0.0000000000
-0.0000000000
0.0003912087
0.0029852327
0.0000000000
0.0000000163
0.0000000087
0.0000000000
0.0000021683
0.0000000397
0.0001109023
0.0000000000
-0.0000000000
0.1741024554
-0.0000000000
0.0001630196
0.0413560607
0.0000000000
-0.0002394149
-0.0000000000
0.0003081886
0.0000000000
0.0001200249
0.0413819663
0.0000000000
0.0000013745
-0.0000000000
0.1758611053
-0.0000000000
-0.0000000000
-0.0000000000
0.0002976581
0.0000000009
-0.0000000000
0.0435205325
0.0000000000
0.0000000000
0.0001330125
0.0000023773
0.0256220605
-0.0000000000
0.0000000000
-0.0000000000
-0.0000000009
0.0003002420
-0.0000000000
0.0001039287
-0.0000000001
-0.0000000000
0.0000000000
0.0000010703
0.0324212238
0.0000006924
0.0000000461
0.0000000000
-0.0000000000
0.0000000000
-0.0000000397
-0.0000000000
-0.0000000000
-0.0000379650
-0.0002216498
-0.0000000000
-0.0000080452
0.0000000000
0.0013014406
0.0000000015
0.0000000001
0.0000001319
-0.0000000000
-0.0000000000
0.0000000000
-0.0000000091
0.0000006516
0.0058556325
0.0052684844
0.0008198181
0.0000858832
0.0000000000
0.0000057285
-0.0000000000
0.0000196103
0.0000084029
0.0000001693
0.0000000000
0.0000012220
0.0000000000
-0.0000000000
0.0000000000
-0.0000000000
0.1586796790
-0.0000000000
0.0000000000
0.0000001179
-0.0000000000
-0.0000000000
0.0000028258
0.0002629606
0.0000000000
-0.0000000000
0.0000000000
0.0000000000
-0.0000000000
0.0000000000
-0.0000000000
-0.0004262413
0.0000000000
-0.0000000000
0.0000000000
-0.0000000000
0.0000000000
-0.0000000000
-0.0000000139
0.0000018259
-0.0000000000
0.0000000000
0.0009542660
-0.0032618078
-0.0028593573
-0.0000000000
-0.0000000000
0.0000082730
0.0000811108
-0.0000000450
0.0000015872
-0.0000364173
-0.0001414745
-0.0008136816
0.0000000000
0.0000000000
0.0000000000
-0.0000000000
-0.0000000000
-0.0000000000
-0.0000000000
-0.0063900193
-0.0000000000
0.0000000000
0.0049747517
0.0000000000
-0.0000000000
0.0000000446
0.0000000000
0.0000034450
-0.0000000000
0.0000000000
0.0000000000
0.0099971248
0.0000000000
0.0000000000
-0.0000000000
0.0061008162
-0.0000000000
0.0004491183
-0.0000000000
0.0000000000
-0.0000000000
0.0000000151
0.0000000024
0.0000000446
0.0000383280
-0.0000000000
0.0000031094
0.0000000000
0.1166546717
0.0002531884
0.0015847108
0.0000000000
0.0000000019
0.0000000000
0.0000000000
0.0000000000
-0.0011906858
0.0000000000
0.0000000000
0.0000150719
-0.0000000000
0.0000000000
-0.0000000029
-0.0000000000
-0.0000309267
0.0000000000
-0.0000000000
-0.0000000000
-0.0000417472
-0.0000000000
0.0000000000
0.0000000168
0.0000000000
-0.0000000000
-0.0006836533
-0.0000000000
0.0000000000
-0.0000000000
0.0000000000
-0.0000000000
0.0000000000
0.0002971775
-0.0000018621
0.0000000000
0.0000000000
0.0000000019
0.0000000000
0.0009112846
0.0000000000
0.0000000000
-0.0000000000
0.0000000002
0.0000882155
0.0000000000
-0.0000000000
-0.0000000000
0.0000000000
0.0964214504
0.0000000000
0.0000000000
0.0001969114
0.0000678009
-0.0000000055
0.0006059647
0.1385652274
0.0000000006
0.0000024242
0.0000000000
-0.0000000000
-0.0000000000
0.0349433124
-0.0003483152
0.0000036888
0.0000000000
-0.0000000500
-0.0000000000
-0.0015288200
0.0000000000
-0.0000000000
0.0000000000
-0.0000000000
0.0000010581
-0.0000000000
0.0000000000
-0.0000000000
0.0000000000
-0.0000000000
0.0000000000
0.0000202621
0.0000000268
0.0000000000
-0.0000000000
-0.0005958741
-0.0000000000
-0.0000943790
0.0000130214
0.0003932255
0.0000000021
-0.0022909183
0.0000000086
0.0000059870
-0.0000000000
0.0000000000
0.0000000000
-0.0002133785
0.0012299782
0.0000003438
0.0000000000
0.0000000000
-0.0000002731
0.0000000000
0.0000000101
-0.0000000000
0.1415472329
0.0000000411
0.0054605016
-0.0002712722
0.0016253355
0.0000026562
0.0000347707
-0.0000002866
0.0000000077
0.0014105025
-0.0000000000
0.0000002575
0.0000000000
0.0000000000
0.0000000000
-0.0005321337
-0.0000000005
0.0000000000
0.0212861486
-0.0000000713
0.0000000000
-0.0003274732
0.0000000000
-0.0010618746
-0.0000000000
-0.0000000000
0.0000000002
-0.0001475809
-0.0000000000
-0.0000000000
-0.0000002492
-0.0000000000
0.0060126185
-0.0000556506
0.0000000000
0.0000000000
-0.0029181500
-0.0000000000
-0.0000000000
0.0000000000
0.0075068022
0.0000000000
0.0000000000
0.0001800723
-0.0000000000
-0.0000000000
0.0000000000
-0.0000000000
0.0000000735
-0.0005967480
0.0000178992
0.0000000000
0.0000000000
-0.0000003534
-0.0000000040
-0.0000000000
0.0000000060
0.0000000000
0.0000000024
-0.0000000000
0.0000000000
-0.0000000000
-0.0000000000
-0.0000000000
-0.0000000000
-0.0000000000
-0.0000008806
0.0008736944
-0.0000000000
0.0305379331
-0.0000000000
-0.0000000000
-0.0000000000
0.0000966994
-0.0000000000
0.1111329421
0.0000000000
0.0000056721
0.0000000022
0.0000000045
0.0000041121
0.0000000000
0.0000000472
0.0000000013
0.0000000000
0.0000000000
-0.0054606902
-0.0000000000
0.0000000000
0.0000000000
0.0000000000
0.0000000000
-0.0000000000
0.0000000000
0.0005815212
-0.0000000000
-0.0000000000
0.0000494409
-0.0000000000
-0.0000000000
0.0000059054
-0.0000064414
-0.0000000000
-0.0000000000
0.0000000004
0.0000216738
0.0000000000
-0.0000000000
0.0067517897
0.0000288216
-0.0000000000
-0.0000000000
-0.0000000000
0.0025544926
0.0000751453
0.0000000000
-0.0000013027
-0.0000000000
-0.0000000000
0.0000000000
-0.0062912460
0.0000000154
-0.0000000000
0.0005588017
-0.0000000000
0.0000016957
0.0000000000
0.0001475440
0.0000000000
0.0000000000
0.0000000000
0.0791046992
0.0000000000
0.0000000000
0.0000000000
0.0110916449
0.0005303366
0.0000000002
-0.0000000000
0.0924727917
0.0000000000
0.0872866884
0.0000000000
-0.0000000000
0.0000000009
0.0000000000
0.0011162503
-0.0000008945
-0.0008218785
-0.0000000656
0.0000094107
0.0000350786
0.0024407108
-0.0000058232
-0.0014887607
-0.0000000000
0.0000000000
-0.0004133891
-0.0000000000
-0.0000000000
-0.0000000000
-0.0000000000
0.0001200730
-0.0010371307
0.0000000000
-0.0000001793
0.0000013506
-0.0001894066
0.0000000000
0.0000000044
-0.0000000030
-0.0000000305
0.0000000198
0.0000000000
0.0000000186
-0.0000000060
0.0000000008
-0.0000000861
0.0000000000
-0.0000000000
0.0000241250
0.0000000000
-0.0000000000
0.0000000000
0.0000014219
0.0100577418
-0.0012494770
0.0000000000
-0.0000000000
0.0003143363
-0.0000000000
-0.0000000003
0.0002757774
0.0000395543
-0.0000000000
0.0322210230
-0.0032505034
0.0000000002
-0.0131807718
0.0000082101
0.0000166669
0.0000000000
-0.0000000000
0.0000000140
0.0000000000
0.0000000000
0.0185930524
0.0000000000
0.0015307147
0.0000000245
0.0000082828
0.0000016801
0.0005185625
-0.0000000000
-0.0000000000
0.0000000000
0.0000000004
-0.0000000000
0.0000000000
0.0000000000
0.0000000015
0.0075171413
0.0000000000
0.0000000000
0.0000000008
0.0000000000
-0.0000000000
0.0000000000
0.0000000000
-0.0012773067
-0.0000000000
-0.0000000000
-0.0000016765
0.0000000000
-0.0000000000
-0.0001203017
0.0008235654
-0.0000188156
0.0000032029
0.0095997406
-0.0000000000
0.0621155836
-0.0000000000
-0.0000002133
-0.0000096677
0.0007619206
-0.0000000000
-0.0027303556
-0.0000542690
0.0000000004
-0.0000012666
0.0000000000
0.0000000000
-0.0000088562
0.0000000000
-0.0000006004
0.0000010454
0.0009271685
0.0001304637
0.0000000000
0.0000000000
-0.0000288220
-0.0000000000
0.0000000000
-0.0000000000
0.0000000000
0.0000001057
-0.0000000000
0.0000000000
0.0000000000
-0.0000000003
-0.0000411716
-0.0000000000
-0.0005927543
-0.0000000000
-0.0000000000
0.0000012733
0.0000474028
0.0000000019
-0.0000000000
0.0000000019
0.0000000000
0.0000000000
0.0931255445
0.0000000000
0.0421935841
-0.0007806398
0.0004229488
-0.0000967262
0.0000000000
-0.0000000000
0.0000000000
0.0000024589
-0.0095227668
0.0000000000
0.0000000000
0.0000000000
0.0001800968
0.0000000000
-0.0000339162
0.0000000000
-0.0000000000
-0.0000000000
0.0000000000
0.0000103089
0.0000000000
0.0000000000
0.0000517290
-0.0000000000
0.0000000003
-0.0000000000
0.0000000000
0.0000000000
-0.0000000000
-0.0000000000
0.0000000001
0.0000000000
0.0000000000
0.0000000000
0.0000000000
0.0061392142
0.0000281948
0.0000000000
-0.0000000000
-0.0000000000
-0.0000008472
0.0000000000
-0.0006817651
0.0002857531
0.0000000000
0.0000000000
0.0000000000
-0.0000003289
0.0000450746
0.0000000000
0.0000013225
0.0000000000
-0.0015454525
0.0000000000
-0.0000001447
0.0001250577
-0.0000000000
0.0000000160
0.0012824271
0.0000000000
0.0000194029
0.0005288334
-0.0000000007
-0.0001199434
-0.0000000000
-0.0000000000
0.0000000000
-0.0006716128
-0.0010686383
0.0000000031
-0.0000000000
0.0014334996
0.0000000000
-0.0457697473
-0.0000000000
0.0000006345
-0.0000000000
0.0000006576
-0.0000003676
-0.0000000000
-0.0000000000
-0.0000000000
0.0000000000
-0.0000000000
0.0098812999
0.0000402295
0.0000000000
0.0000000000
-0.0000000000
-0.0000000000
-0.0272485483
0.0000000000
0.0000000000
0.0000000000
0.0000287899
0.0010810042
0.0000000000
-0.0000000000
-0.0000000000
-0.0000000000
0.0000000000
-0.0000000000
-0.0000000000
0.0000000000
0.0000000000
0.0000000000
-0.0000000000
0.0000000000
0.0000000000
0.0000000000
0.0000000000
-0.0000279696
-0.0000000000
0.0000001164
0.0000000000
-0.0000000001
-0.0000000000
0.0000000066
0.0000000006
-0.0000000000
0.0912019908
-0.0000000000
0.0000000000
0.0012820857
0.0041576223
0.0000005982
0.0140107274
-0.0000000000
-0.0000000000
0.0000000000
0.0000000000
-0.0000000000
-0.0000000000
0.0000000000
0.0000000000
-0.0355411954
-0.0028942700
0.0132085942
-0.0000000000
0.0000000000
0.0000000000
-0.0000000000
0.0000000002
-0.0000000000
0.0008573017
-0.0000000000
0.0000000000
-0.0000000000
-0.0000000000
0.0000000000
-0.0000000000
-0.0000000000
-0.0000000000
-0.0000000000
0.0000000000
-0.0000000000
-0.0000000000
-0.0000000000
0.0000000000
0.0000000000
-0.0000000000
0.0000000000
-0.0000000000
-0.0000000000
-0.0000000000
0.0000000000
0.0000000000
-0.0000000000
-0.0000000000
-0.0000000000
0.0000120790
-0.0000000000
0.0000000000
0.0002068641
0.0000000000
-0.0000000078
-0.0000012006
0.0000000000
-0.0000000000
0.0000017373
-0.0000000000
0.0083078034
-0.0000000000
0.0000017834
-0.0000000000
0.0000569286
-0.0000000000
-0.0000000000
-0.0000000000
-0.0000000000
-0.0000000000
0.0000000000
-0.0000011330
0.0000000000
-0.0000001314
-0.0000191557
-0.0184413753
0.0000000000
0.0000000000
-0.0000000000
-0.0000000000
0.0000000000
-0.0000000000
0.0000010891
0.0000055572
0.0000000000
-0.0000000000
0.0000000000
-0.0020807483
-0.0000000000
-0.0000000000
-0.0000000000
-0.0000000000
0.0000000000
0.0000000000
-0.0000000000
-0.0000000014
-0.0000000000
0.0000000000
-0.0000000000
0.0000000000
-0.0000000000
-0.0000000000
0.0000000000
0.0000000000
0.0000000000
-0.0000000000
-0.0000000000
0.0000000000
-0.0000000000
-0.0000000000
-0.0000000016
0.0000000000
-0.0000000000
0.0000000000
0.0000002301
0.0004995924
0.0000000000
0.0062852260
-0.0000000000
0.0000000000
0.0000039877
-0.0000000000
0.0000001206
0.0000000000
0.0000000000
-0.0000000000
0.0000000822
0.0004259551
0.0000000000
-0.0000554755
-0.0000000000
-0.0000000000
0.0000000000
-0.0000000000
-0.0000000000
0.0000000000
-0.0000000000
0.0000000000
0.0000000000
-0.0000000000
0.0000000000
0.0000068829
0.0000000000
-0.0000000000
-0.0000000000
0.0099147400
-0.0000000000
0.0000356478
0.0000001128
-0.0000000000
0.0000000000
0.0000000000
0.0000000000
-0.0000000000
0.0000000000
0.0000000000
0.0000000000
0.0000000000
0.0000398773
0.0000000009
0.0000000000
-0.0000000000
-0.0000000531
0.0000000000
-0.0000000000
0.0000000000
0.0000000000
0.0000000000
0.0112278759
0.0000000000
0.0000000000
0.0000000000
-0.0000000000
0.0000000002
-0.0000003932
0.0000000000
-0.0000004282
0.0000000000
0.0000000000
0.0000000000
0.0000002093
-0.0000000000
0.0000000000
0.0000000335
0.0000000001
0.0000000000
0.0000000000
0.0000000000
0.0000000000
0.0000000000
-0.0000000000
0.0000000000
0.0000000000
0.0000000000
0.0000000000
0.0000000000
-0.0000000000
-0.0000000000
-0.0000000000
0.0000000000
-0.0000000000
-0.0000000000
0.0000000000
-0.0000000000
0.0000000000
0.0000000000
0.0000000000
-0.0000000000
0.0000000060
0.0000000000
0.0000000000
0.0039674337
-0.0000000000
0.0000000000
-0.0002075256
0.0000000000
-0.0000000000
0.0000000000
-0.0000000000
-0.0000000000
0.0000000000
0.0000000000
0.0000000000
-0.0000000000
0.0000000046
0.0000000000
-0.0000000000
-0.0000000000
-0.0000000000
-0.0000000000
0.0000000000
0.0000000000
0.0000055382
-0.0000000000
0.0000000000
0.0000000000
0.0000000000
0.0004842618
-0.0000000000
-0.0000000000
0.0000000000
0.0000000000
0.0000000000
0.0000000000
0.0000000000
-0.0000001150
0.0008132200
-0.0000000000
-0.0000000000
0.0000000000
0.0004406809
0.0000000000
-0.0000000000
0.0000000000
0.0000000000
0.0000000000
0.0000000000
0.0000000001
-0.0000000000
0.0000000000
-0.0000000074
-0.0000000000
-0.0000000000
0.0000000000
0.0000008083
0.0000000000
0.0000000000
0.0000000000
0.0000000000
0.0000000000
-0.0000000000
0.0000000000
-0.0000000000
0.0000000000
-0.0000000000
0.0000001072
0.0000024877
0.0000000000
0.0000000000
0.0000000023
0.0000000000
0.0004320005
0.0000000000
0.0000000000
-0.0000000000
-0.0000000000
0.0000000000
0.0000000000
-0.0000000000
0.0000000018
0.0000000000
0.0000000000
0.0000000004
0.0000001804
-0.0000000000
0.0000000000
0.0000027894
-0.0000000000
0.0000000000
-0.0000000000
0.0000000000
0.0000000000
0.0000000000
-0.0000000000
0.0000000000
-0.0000000000
0.0000000000
0.0000000000
-0.0000000000
-0.0000000000
0.0000000000
-0.0000000000
0.0000000000
-0.0000000000
0.0000000172
-0.0000000000
0.0000000000
0.0000000000
0.0000000832
0.0000000000
-0.0000000000
0.0000000000
-0.0000000000
0.0000000000
-0.0000000000
0.0005605078
-0.0000000000
-0.0000000000
0.0000000000
-0.0000000000
-0.0000000000
-0.0000000000
0.0000000044
-0.0000000000
-0.0000000000
0.0000000000
-0.0000000000
0.0000000002
0.0000000000
0.0000000000
0.0000012890
0.0000000205
0.0000000000
0.0000000000
-0.0000000000
0.0000000000
-0.0000000000
0.0000000001
0.0000000000
-0.0000000000
0.0000000000
-0.0000000000
-0.0000000000
0.0000000000
0.0000000000
-0.0000000000
0.0000000000
0.0000006505
0.0000000000
-0.0000000000
0.0000000000
-0.0000000000
0.0000000003
0.0000000000
0.0000005345
-0.0000000000
0.0008462102
-0.0000000000
0.0004499513
-0.0000000000
0.0000000000
0.0000000000
0.0302552916
0.0000000000
-0.0000000000
0.0000000000
-0.0000000000
-0.0000000000
-0.0000000000
0.0000000000
0.0015216694
-0.0000000000
0.0000000546
-0.0000022423
0.0000000000
-0.0000000000
-0.0000000000
0.0000000000
0.0000171490
0.0000000000
-0.0000474199
0.0000000000
0.0000000000
0.0000000000
-0.0000000000
-0.0000000000
-0.0000000000
0.0000000000
0.0000000000
-0.0000000000
0.0000000000
0.0000000000
0.0000000000
0.0000000000
0.0000000000
0.0000000000
0.0000000762
0.0000000000
0.0000001345
0.0000000000
-0.0000000000
-0.0000000000
0.0000000000
0.0000000000
-0.0000000000
0.0000000000
-0.0000000000
0.0000355385
0.0000000000
0.0000165193
-0.0000000000
0.0000000001
-0.0000000000
0.0000000000
0.0000000000
-0.0000000000
0.0000000000
0.0000000030
0.0000000000
0.0004883633
-0.0000000000
-0.0000000000
-0.0000000000
0.0000000000
0.0000004032
0.0000000000
0.0000040118
-0.0000000000
-0.0000000000
0.0000000000
0.0000000000
0.0018915754
0.0000000000
0.0000006867
0.0000382171
0.0000060014
0.0000000000
-0.0000160254
0.0005909538
0.0000000000
-0.0000000000
-0.0000000000
0.0029811554
0.0000000000
-0.0000000000
0.0000000000
0.0000000000
-0.0000000000
0.0000000000
0.0000000000
0.0000000243
-0.0000000000
-0.0000000000
0.0000000000
0.0000000180
-0.0000000000
0.0000030474
0.0000009524
0.0000000009
0.0000000000
0.0000001191
0.0000015896
-0.0000000000
-0.0000000000
-0.0000000000
-0.0000000000
-0.0000000000
-0.0000000000
0.0000001492
-0.0000000001
0.0000004674
0.0000000005
-0.0000000000
0.0000000000
0.0000288896
0.0000000000
-0.0000000000
0.0000000000
0.0000033347
-0.0000000000
0.0000000000
-0.0000000000
-0.0000000000
0.0000000000
0.0000000000
-0.0224554911
-0.0000000000
-0.0000599786
-0.0000000000
-0.0000000052
-0.0000000621
0.0000000000
0.0000000004
0.0000575093
-0.0000000000
0.0001663196
-0.0000000000
0.0000000000
0.0000000000
-0.0000000000
0.0010514765
-0.0000000000
-0.0000000000
0.0024973585
0.0000000000
-0.0000004726
0.0000000000
-0.0000000000
0.0000000000
-0.0000001222
0.0017405506
-0.0000000000
-0.0000000000
-0.0000000000
-0.0000001046
0.0000000000
0.0000001410
-0.0000000000
-0.0000000000
0.0000000166
-0.0000000000
0.0000000000
0.0000000000
0.0001191109
-0.0008445987
0.0000797412
0.0000000000
-0.0000004178
0.0000000000
0.0000000000
-0.0000000000
-0.0000000051
0.0000000000
0.0000007221
0.0000000000
0.0000000000
0.0000000163
-0.0000000000
0.0000003426
-0.0000000000
-0.0000000000
-0.0000026535
0.0000000000
-0.0005957030
0.0000000913
0.0000570480
-0.0000000002
0.0000000012
0.0000000005
0.0000000000
-0.0000000000
-0.0000000000
0.0000002894
-0.0000000000
0.0020446512
-0.0000000000
0.0002033084
0.0000000000
-0.0011799691
-0.0000000000
0.0000000000
0.0000000000
-0.0000000000
0.0000000018
-0.0000000000
0.0000000000
0.0020528585
0.0000000000
0.0000000025
0.0007331029
-0.0000000000
0.0037489024
0.0000000000
0.0000000000
-0.0000000013
-0.0000000000
0.0000022592
0.0000000000
-0.0000000000
-0.0000000000
-0.0000000000
-0.0000000000
0.0000000000
0.0000000000
0.0000000008
0.0000000000
-0.0000000000
-0.0000000000
0.0000000000
0.0000000000
0.0000000000
-0.0000000000
-0.0000093644
-0.0000000000
-0.0000000000
0.0000000000
-0.0000000000
-0.0000000000
0.0000000000
-0.0000000000
0.0000000000
-0.0000000000
-0.0000000000
0.0219676774
0.0000000000
-0.0000000000
0.0000000000
-0.0000000000
-0.0000000000
-0.0000000000
0.0000141049
-0.0000463924
-0.0000000000
0.0000000000
0.0000000000
-0.0000000000
0.0000000009
0.0000000000
0.0000000000
0.0000000000
-0.0000000000
0.0000000000
-0.0000000000
-0.0000000000
-0.0000000000
0.0000000000
-0.0000000000
0.0000000000
-0.0157561451
-0.0000000000
0.0000000000
0.0000000000
-0.0000000000
-0.0000000000
-0.0000000000
0.0000000028
0.0000059176
-0.0000000000
0.0000000000
-0.0000000000
0.0000000000
-0.0000000000
-0.0000000000
-0.0000000000
-0.0000000000
0.0000000000
0.0000000000
0.0000000000
-0.0000000000
0.0000000000
0.0000000000
0.0000000000
-0.0000000000
0.0000000000
-0.0000000000
0.0000000000
-0.0000000000
0.0000000000
0.0000000000
0.0000000000
0.0000015801
0.0000000000
-0.0000000000
-0.0000000000
-0.0011339339
0.0006865042
0.0000927918
-0.0000000000
0.0000036971
-0.0000001032
0.0000000075
-0.0000000000
0.0000045968
0.0095021231
-0.0003636023
-0.0000000000
-0.0000000000
0.0009022452
-0.0000000000
0.0002297923
-0.0000000000
0.0000000235
-0.0000098989
0.0000603463
-0.0045469939
-0.0000000000
-0.0000000044
0.0000000000
-0.0000000000
0.0000000000
0.0000428634
0.0000000002
0.0000000082
-0.0000000000
-0.0000000000
0.0000000000
0.0000364912
-0.0000000000
0.0000000000
0.0000000000
-0.0000000000
0.0000000405
0.0000000000
-0.0000000000
-0.0000000000
0.0000000000
0.0000000000
-0.0000003008
-0.0000203461
0.0000000000
-0.0000000169
0.0000000002
-0.0000000000
-0.0000126600
0.0000000000
-0.0000000000
0.0000000000
0.0000000000
0.0000000000
0.0000000000
-0.0000000000
0.0000000000
0.0000000009
-0.0005596289
-0.0000000000
-0.0000000000
-0.0000000000
-0.0000000000
0.0000000000
0.0000000000
0.0000000000
-0.0000000000
-0.0000000000
-0.0003038179
0.0000000000
-0.0000000000
0.0000000000
0.0002229669
0.0000065892
-0.0017269221
0.0000000000
0.0000000000
0.0000000000
-0.0000000000
-0.0274639484
0.0000000026
0.0000000000
0.0000000000
0.0000000000
-0.0000030339
0.0000000000
0.0000000000
0.0000000000
0.0002897299
-0.0000000000
0.0000000000
0.0000000000
0.0000000000
-0.0000000036
0.0000000000
0.0000000000
-0.0000000000
0.0000051124
0.0000000000
-0.0000000000
0.0000000000
-0.0000000000
-0.0000000000
-0.0000000000
0.0000000013
0.0000000445
-0.0000000000
-0.0000000000
0.0000000000
0.0000000000
-0.0000000000
-0.0000000002
-0.0000000000
0.0000000000
-0.0000000000
-0.0000000000
-0.0006768300
0.0016285722
0.0000000000
-0.0000000000
0.0000000000
0.0000000000
-0.0000000000
-0.0000000000
-0.0000000000
0.0000000000
0.0002948740
0.0000010656
0.0000000000
-0.0000000000
-0.0000000000
-0.0000000000
0.0000047431
0.0000000000
0.0000000000
0.0003536060
0.0000019941
0.0001832004
0.0000002824
0.0000000000
-0.0000000000
0.0000000000
-0.0000000000
0.0000000000
0.0000000002
0.0000000000
-0.0000000000
0.0000000000
-0.0000000000
-0.0000000000
0.0000000000
-0.0000000000
0.0000000000
0.0000000218
0.0004349255
0.0000000000
-0.0000000000
-0.0000000000
0.0000000000
0.0000000000
0.0000000000
-0.0000000000
0.0000288891
-0.0000000000
0.0000585011
0.0000000000
0.0000000000
0.0010371223
-0.0000000337
-0.0000000000
0.0000885933
0.0000000000
0.0000000000
-0.0000000000
-0.0000000000
0.0000000000
-0.0000000000
-0.0000000000
0.0000000000
0.0000345714
-0.0000000000
-0.0000000000
0.0000000000
0.0000000172
0.0000000000
-0.0000000007
0.0000000000
0.0000013325
-0.0000000018
-0.0000005957
-0.0000000000
0.0000000000
0.0000000000
-0.0001176940
-0.0000000000
0.0000000000
-0.0030848845
0.0014639142
0.0000056668
0.0000000000
0.0000000161
0.0000157214
0.0000000000
0.0000000000
0.0000000000
0.0000000000
-0.0490296632
0.0000000000
0.0000000000
0.0000000000
0.0000000000
0.0000000000
0.0000000000
0.0000000000
0.0000000000
-0.0000000000
-0.0000000000
-0.0000000000
-0.0000000000
0.0000000000
0.0000000000
0.0000000705
0.0000000004
-0.0171571318
0.0000000000
-0.0000000021
0.0000000000
0.0000000000
-0.0000000000
0.0000000000
0.0000000000
0.0000467732
-0.0000000000
0.0000000000
0.0000000000
-0.0000000000
-0.0000000000
-0.0000000000
0.0000000000
-0.0000000000
0.0000000000
0.0223570671
0.0000000000
-0.0000000000
0.0000000000
-0.0000000000
-0.0000000000
-0.0003102348
0.0000000000
0.0000000000
-0.0000000000
0.0000199840
-0.0000000000
-0.0000000000
0.0000013199
-0.0000000000
0.0000000753
0.0000000000
0.0000000088
-0.0000000000
0.0000000000
-0.0788676217
0.0000000000
-0.0000000000
0.0000216326
0.0000000000
-0.0000000000
0.0000000000
0.0000000000
-0.0000000000
-0.1001823619
0.0000000000
-0.0000000000
0.0000000000
0.0000000000
0.0000000000
0.0000000000
0.0000000000
-0.0000000000
0.0000000000
0.0000000000
-0.0000000000
0.0000392602
0.0000000000
-0.0002819612
-0.0000000000
-0.0000000000
0.0000000005
0.0000000000
0.0000000000
0.0000000000
-0.0000000000
0.0000000000
0.0000000000
-0.0000000000
-0.0000000000
-0.0000000000
-0.0000000000
0.0005124155
0.0000000000
-0.0000000000
-0.0000123709
-0.0000000000
-0.0000000000
-0.0000000000
0.0000000000
0.0000001561
0.0000000000
0.0000005527
-0.0000000000
0.0000000000
0.0000000000
0.0000000025
0.0000000000
0.0000000000
-0.0000000000
0.0000004228
-0.0000000000
-0.0000000000
0.0000000000
0.0000000000
-0.0000000000
0.0000000000
0.0000000000
0.0000000000
-0.0036524301
-0.0000000000
-0.0026352871
0.0000870851
-0.0000000000
0.0000000000
-0.0000000000
-0.0000000066
0.0000000000
0.0000000000
0.0000000000
0.0000000000
-0.0000000000
-0.0000000000
-0.0000000000
-0.0000000000
-0.0000000000
0.0124483500
0.0000000000
-0.0000000000
0.0000000000
0.0000000000
0.0000000000
0.0000047842
-0.0000000000
-0.0000000000
-0.0000000000
0.0000000000
0.0000198339
-0.0000000000
-0.0000000000
0.0000000000
0.0000000000
-0.0000000000
-0.0000000108
0.0000000000
-0.0000000000
-0.0000000000
0.0000002739
0.0000995670
-0.0000000000
0.0000000000
0.0000000000
-0.0000000000
0.0000000000
-0.0000000000
0.0000000000
-0.0000000000
-0.0000000000
0.0000000000
0.0013725887
0.0000000000
-0.0000000000
-0.0000000000
0.0000000000
-0.0000000000
0.0000000000
-0.0000000000
-0.0000000000
-0.0000000000
-0.0000001701
0.0000000000
0.0000000000
-0.0000000000
0.0000015987
0.0000000000
0.0000000000
-0.0000000000
-0.1461237520
0.0000041532
-0.0000000000
0.0000983547
-0.0000000000
-0.0000000000
0.0000000031
0.0000000000
0.0000000000
0.0000000001
-0.0000000000
-0.0000000000
-0.0000000000
-0.0000000000
-0.0000000000
0.0000000000
-0.0000010258
0.0000000000
-0.0000000000
0.0000000000
0.0000000001
-0.0000000000
0.0000000000
0.0000000000
0.0000000000
0.0000000000
-0.0000000002
-0.0000000000
-0.0000000000
-0.0000000004
-0.0000000005
-0.0000000000
-0.0000000000
0.0011134607
-0.0000000000
0.0000000000
-0.0000000000
0.0001344636
0.0000000000
0.0000000084
-0.0000000000
-0.0000000000
-0.0000000000
0.0000000000
0.0001769251
-0.0000000000
0.0000000000
0.0000000000
-0.0000000000
-0.0000000000
0.0000000000
-0.0000000000
-0.0000000000
-0.0012899600
-0.0000000000
0.0000000000
-0.0000000000
0.0000000000
0.0000000001
0.0000000000
0.0000000000
0.0000000000
-0.0000000000
0.0000007742
-0.0000000000
0.0000000000
0.0000000000
-0.0008357900
0.0000000000
0.0000000000
0.0000000000
0.0000000000
-0.0000000000
0.0000000000
-0.0000000000
0.0000000000
0.0000000000
0.0000000000
0.0000000000
-0.0000000000
0.0000000000
0.0000000000
0.0000000000
0.0000000000
0.0000000000
0.0000000000
-0.0000244997
-0.0000000000
0.0000000000
0.0000000000
0.0000000000
0.0000000000
0.0000000000
0.0007310702
0.0000000000
0.0000000000
0.0000002732
0.0000000000
0.0000000009
-0.0000000001
0.0000000004
-0.0000718401
-0.0000000000
-0.0000000000
-0.0000000000
0.0000000000
0.0000000000
-0.0000000000
-0.0000000000
0.0000000000
0.0000000000
0.0000319962
0.0000474219
0.0000000000
-0.0000000000
-0.0000151340
0.0000247696
-0.0000000000
0.0000000000
0.0000000000
0.0000000000
0.0000000000
-0.0000000000
-0.0003995624
0.0000000000
-0.0000000000
-0.0001072026
0.0000007301
-0.0000000000
-0.0000000000
0.0000000000
0.0000000000
0.0000000000
0.0000000000
0.0000000000
-0.0000000000
0.0000000000
-0.0000000000
-0.0000000000
-0.0000000000
-0.0000000000
0.0000000000
-0.0000000000
-0.0000000000
-0.0000000000
-0.0000000000
0.0000000000
-0.0000000000
-0.0000000000
-0.0000000000
0.0000000000
0.0000000000
0.0000000000
0.0000000000
0.0000000000
0.0000000000
-0.0000000000
0.0000321995
-0.0000000000
0.0000062691
0.0000000000
0.0000001488
-0.0000000000
0.0000000000
0.0000000000
0.0000000000
-0.0000000000
-0.0000000000
-0.0000000000
-0.0000000000
-0.0000000000
-0.0000000000
0.0000000000
-0.0000000154
0.0000000000
-0.0000000000
0.0000000000
0.0000003162
-0.0000000000
-0.0000000000
-0.0000000000
0.0000000000
-0.0000000000
0.0000000000
0.0000000000
0.0000000000
0.0000000000
0.0000000000
0.0000000000
-0.0000000000
-0.0000000000
-0.0000000000
-0.0000000000
-0.0000000000
0.0000000000
0.0000000000
-0.0000000000
0.0000000000
0.0000000000
-0.0000000000
0.0000000000
0.0000000000
0.0000000000
0.0000000000
0.0000000000
-0.0000000000
-0.0000000000
-0.0000000000
0.0000000000
-0.0000000000
0.0000000000
-0.0000000000
0.0000000000
-0.0000000000
0.0000000000
0.0000000000
0.0000000000
-0.0000000003
0.0000000000
-0.0000000000
0.0000000000
-0.0000000000
0.0000000000
-0.0000000000
-0.0000000000
-0.0000000000
-0.0000000000
-0.0000000000
0.0000000000
0.0000000000
0.0000000000
0.0000000000
0.0000000000
-0.0000000000
-0.0000000000
-0.0000000000
-0.0000000000
-0.0000000000
-0.0000000000
-0.0000000000
0.0000003546
0.0000000000
-0.0000000000
0.0000000000
-0.0000000000
0.0000000000
0.0000000000
0.0000000000
0.0000000001
0.0000000000
-0.0000000000
-0.0000000000
-0.0000000000
0.0000608438
0.0000000000
0.0000000000
0.0000000000
-0.0000000000
0.0000269140
0.0000000000
-0.0000000000
-0.0000000000
0.0000000000
0.0000000000
0.0000000000
0.0000000000
0.0000000000
-0.0000000000
0.0000000000
0.0000000000
0.0000000000
0.0000000000
-0.0000000000
0.0000000000
0.0000000000
0.0000000000
0.0000000000
0.0000010235
-0.0000000000
-0.0000000000
0.0000000000
0.0000000000
-0.0000000000
-0.0000007830
0.0000003118
0.0000000000
0.0000000000
0.0000750420
-0.0000000000
-0.0000000000
0.0000000000
0.0000001430
-0.0000031776
0.0000000000
-0.0000009711
-0.0000000000
-0.0000000000
-0.0000000000
0.0000000000
-0.0000000000
0.0000000000
0.0000000000
-0.0000000000
-0.0000000000
-0.0000000000
-0.0000000000
-0.0000878148
-0.0000000036
0.0000000000
0.0000000000
0.0000000000
0.0000228049
0.0000000000
0.0000000000
0.0000051028
-0.0000000000
0.0000000041
0.0000000000
-0.0000000000
-0.0000000000
0.0000000000
0.0000000000
-0.0000000000
-0.0000000000
-0.0000000000
-0.0000000000
0.0000000000
-0.0000000000
0.0000000000
-0.2308456749
0.0000000000
-0.0000000000
0.0000000000
0.0000000000
0.0000000000
0.0000000000
0.0000000377
0.0000000000
0.0000000000
-0.0000000000
-0.0000000000
0.0000000000
-0.0000000000
-0.0989766270
-0.0000000000
0.0000000000
0.0000000000
-0.0000000000
-0.0000000000
0.0000000035
-0.0000000000
-0.0000000000
0.0000000000
-0.0000000000
0.0000000000
0.0000000000
0.0029526046
-0.0000000001
0.0000000000
0.0000903148
-0.0000000000
-0.0000000000
-0.0000000000
-0.0000000000
0.0000000000
0.0000000000
0.0000000000
-0.0000000000
-0.0000003586
-0.0000000000
0.0000000000
-0.0000000000
-0.0000000000
0.0000000000
0.0000000000
0.0000000000
0.0000000000
-0.0000000000
0.0000000000
-0.0000000000
0.0000000000
0.0000000004
0.0000000000
0.0000000000
-0.0000000000
-0.0000000003
0.0000000000
-0.0000000000
0.0000000011
-0.0000000000
0.0000000000
0.0000000000
0.0001341488
-0.0000000000
-0.0000000000
0.0000000000
0.0000000000
0.0000000000
-0.0000000000
0.0000000000
0.0000094100
0.0006825972
0.0000001731
-0.0000000000
0.0000000000
-0.0000000000
-0.0000000000
0.0000000003
-0.0000016564
-0.0000000000
-0.0000000000
-0.0000000000
0.0002483533
0.0000000000
-0.0000000000
-0.0000000000
0.0000000000
-0.0073893913
0.0000000000
0.0000000000
0.0000000000
0.0000000000
-0.0000000000
-0.0000000000
-0.0000000000
-0.0000000000
0.0000000075
0.0000000033
-0.0000000000
0.0000000000
0.0000000000
-0.0000406238
-0.0000000000
-0.0000000000
-0.0000000000
-0.0000000000
0.0000000000
0.0000000001
0.0000000000
-0.0000000000
0.0000000000
0.0000000000
0.0000000000
0.0000000000
0.0000000000
0.0000000000
0.0000000000
-0.0000013369
0.0000000000
0.0000000000
0.0000000000
0.0000000000
0.0000000000
-0.0000000000
-0.0000000000
0.0000000000
-0.0000000000
-0.0000000000
-0.3244209588
-0.0000000000
0.0003312893
0.0000000000
0.0000000000
-0.0000000000
-0.0000000000
-0.0000000000
-0.0000000000
-0.0000000000
0.0000000006
-0.0000000000
-0.0000000000
0.0000000000
0.0000000000
0.0000000003
0.0000000000
0.0000000000
-0.0018965080
0.0000000000
0.0000002146
-0.0000000000
0.0000000000
-0.0000000000
0.0054931450
0.0000000000
0.0000000001
0.0000000000
0.0000049577
0.0000000000
-0.0000000000
0.0000000000
0.0000000125
0.0000000093
0.0000000000
-0.0000000000
-0.0000000000
-0.0000000000
-0.0000000000
-0.0000440701
0.0000000000
0.0000000000
0.0000000000
0.0000000000
-0.0000000000
-0.0000000000
-0.0000000000
-0.0000000000
0.0000082519
0.0000000000
0.0000000000
0.0000080707
0.0000000000
-0.0000000000
0.0000000000
0.0000000000
-0.0000000000
-0.0000000000
-0.0000000000
0.0000000000
-0.0000000000
0.0000000000
-0.0000000000
0.0000000000
0.0000000000
0.0000057927
0.0000000000
-0.0000000000
0.0000000000
-0.0000000000
0.0006206059
0.0000000000
0.0000000000
-0.0000000000
0.0000000000
0.0000000000
-0.0000000000
0.0000000000
0.0000000000
0.0000000000
0.0000006807
0.0000000000
0.0000000000
0.0000000000
0.0000000000
0.0000000000
0.0000062549
0.0000000000
0.0008875775
-0.0000120770
0.0000000000
0.0009311141
-0.0000000020
0.0000000000
0.0000000000
0.0000000000
-0.0000000000
0.0075369081
-0.0000000000
0.0000000000
-0.0000000000
0.0005082762
-0.0000000000
-0.0000000000
0.0000000000
0.0000082541
-0.0000000000
0.0000000000
-0.0000000000
-0.0000000000
0.0000028989
-0.0000000000
0.0000000000
0.0000000000
0.0000000002
0.0000000000
-0.0000000000
-0.0000000000
0.0000000000
0.0000000000
-0.0000000000
-0.0000000000
0.0000000000
-0.0000000000
-0.0000000000
-0.0000000000
0.0000000000
0.0000000000
0.0000000000
-0.0000000000
0.0000000000
-0.0000000000
-0.0000000000
0.0000000000
-0.2569076717
0.0000000000
0.0000000000
-0.0000000000
0.0000000000
-0.0000000000
-0.0003703739
-0.0000000000
0.0000000000
0.0000000000
-0.0047148988
-0.0000000000
0.0000000000
0.0000000000
0.0000000000
0.0000000042
0.0000000000
-0.0000000000
0.0000000000
-0.0000619707
0.0000000000
0.0000000000
0.0000000000
0.0000000000
-0.0000000000
0.0000000000
0.0000000025
0.0000000000
0.0000005069
-0.0000000000
0.0000000000
0.0000000000
-0.0000000000
0.0000000000
0.0000000000
-0.0000000000
-0.0000000000
-0.0068669724
-0.0000000000
0.0000000005
-0.0000000000
-0.0000000000
0.0000000000
0.0000000000
-0.0000000000
0.0000000000
0.0001035089
0.0000000000
0.0000000000
0.0000000000
0.0000000000
0.0000000000
0.0000000000
-0.0000000000
0.0000000000
-0.0000000000
-0.0000000000
-0.0000000000
-0.0000000000
0.0000000000
0.0000000000
0.0000000000
-0.0000000000
0.0000000000
0.0000001075
-0.0000000000
-0.0000000000
-0.0000000000
-0.0000000000
0.0000000000
-0.1454901993
-0.0000000000
-0.0000000000
0.0000000000
-0.0000000000
-0.0000001086
-0.0000000000
0.0000000000
0.0007034449
0.0000000000
0.0000000002
-0.0026898412
0.0000000000
0.0000000000
-0.0000000000
0.0000000000
0.0000000000
0.0000000000
0.0000000000
0.0019469785
0.0000015188
-0.0000010257
0.0000000000
0.0000002616
0.0000000000
-0.0409199521
-0.0000000000
0.0000000000
0.0000000000
0.0000000000
-0.0000000000
0.0006659121
0.0000000000
-0.0000000000
0.0000000009
-0.0000000000
0.0000000000
0.0000000197
0.0000000000
0.0000000000
0.0000000000
-0.0000000000
0.0000000000
-0.0000000000
-0.0000000000
-0.0000000000
0.0000000000
0.0000000000
0.0000000000
0.0000000000
0.0000000000
-0.0000000000
-0.0000000000
0.0000000000
-0.0000000000
0.0000000000
-0.0000000000
0.0000280784
-0.0000000000
0.0000000000
-0.0000000000
0.0000000000
-0.0000000000
0.0000000000
0.0000000000
0.0000023163
0.0000000000
-0.0000000000
-0.0000000000
0.0000000000
-0.0000000000
-0.0000000637
-0.0000000000
-0.0000000818
-0.0000000000
0.0000000000
-0.0000000000
0.0000000000
0.0000000000
-0.0000000065
-0.0000000000
-0.0000000000
0.0000000000
0.0000000000
0.0000022878
-0.0000000000
-0.0000000000
0.0000000001
-0.0000000005
0.0000000000
-0.0000000000
-0.0000000000
0.0000000000
0.0000421482
0.0000000241
0.0000000010
0.0000178566
-0.0000000000
0.0000000210
-0.0000000000
0.0000000000
0.0000000000
0.0000000000
-0.0000000000
0.0000000000
-0.0000000000
-0.0000000000
0.0000000000
-0.0000000000
-0.0000000000
0.0000000000
0.0000000000
0.0000000000
-0.0000000000
-0.0000000000
-0.0000000000
0.0000000000
0.0000000000
0.0000000000
-0.0000000000
0.0000000000
0.0000000000
0.0079193953
-0.0000000000
-0.0000000000
0.0000000000
-0.0000000000
-0.2081379741
0.0000000000
0.0000000000
0.0000000002
0.0000000000
0.0000000047
-0.0000000000
-0.0000000000
-0.0000000000
0.0006584036
-0.0000000000
0.0000541542
0.0000000000
-0.0000000000
-0.0000000000
-0.0000000000
0.0000000000
0.0000000000
0.0000000676
-0.0000000000
0.0000000000
-0.0000000000
0.0005147227
0.0000000000
-0.0000000000
0.0000000097
0.0000000000
0.0000000013
0.0004301871
-0.0000000000
0.0000000000
-0.0000000000
0.0118727433
0.0000000000
-0.0000000000
0.0000000001
0.0000000006
-0.0941176638
0.0000000002
0.0000000000
-0.0000000000
0.0000000000
-0.0000000000
-0.0000000000
0.0000000000
-0.0000000000
-0.0000000000
0.0000000000
-0.0000000000
-0.0000000000
0.0000000000
0.0000000000
0.0000000000
0.0000000000
-0.0000000000
0.0000000000
0.0000000000
0.0000000000
0.0000000000
0.0000000000
-0.0000000000
-0.0000000000
0.0000223842
-0.0000000000
0.0000000000
-0.0000000000
0.0000000318
-0.0010762278
0.0000000000
0.0000000000
0.0000000000
-0.0000000000
0.0000000000
-0.0000000000
-0.0000000000
-0.0000000000
-0.0000000000
-0.0000000023
0.0000000000
0.0000000000
0.0000000000
0.0000000000
0.0001190847
0.0000000000
-0.0000000000
-0.0000000000
0.0000000053
-0.0000000000
0.0000000000
-0.0000000000
0.0000000000
-0.0000000000
-0.0000000000
0.0000000000
0.0000053185
0.0000000192
0.0000000121
0.0000000001
0.0000040706
0.0000000006
0.0000000016
-0.0000000000
0.0000000002
0.0025087739
0.0000000000
-0.0000000000
0.0000000000
0.0000000000
0.0000000000
-0.0000000000
0.0000000000
0.0000000000
-0.0000000000
0.0000000000
-0.0000000000
0.0000000000
-0.0000000000
-0.0000000000
-0.0000000000
-0.0000000000
-0.0000000000
0.0000000000
0.0000000000
0.0000000000
0.0000000000
0.0001331166
0.0000000000
0.0000000000
0.0000000000
-0.0000000000
-0.0000000000
0.0000015481
0.0000001199
-0.0000000000
0.0000000000
-0.0000000000
-0.0000000000
0.0000000041
-0.0000000015
-0.0000000000
-0.0000000000
0.0000000000
0.0000000000
-0.0000000000
0.0000000000
-0.0000000000
-0.0000000000
0.0000000000
0.0000000000
-0.0000000000
-0.0000000000
0.0000148329
0.0000000000
-0.0000000000
-0.0000000000
-0.0000000000
0.0000000000
0.0000000000
-0.0000000000
0.0000286732
0.0023928492
0.0023569923
-0.0000000000
0.0000000000
0.0000000000
-0.0000000000
-0.0000000000
-0.0000000000
-0.0000000000
-0.0000000000
-0.0000000000
-0.0000000000
0.0000000000
0.0000000000
-0.0000000000
0.0000000000
0.0000000000
0.0000000000
-0.0000000000
-0.0000000000
0.0000000000
0.0000000000
0.0000000000
0.0000000000
-0.0000000000
0.0000000000
-0.0000000000
-0.0000000000
-0.0000000000
0.0000000000
0.0000000000
0.0000000000
0.0000005098
0.0000000000
0.0000000000
0.0000000000
-0.0000000000
0.0000000071
-0.0000000000
-0.0000000000
0.0000000000
0.0020816538
0.0000000000
-0.0000000000
0.0000000000
0.0000000000
0.0000000000
0.0000140033
-0.0000000000
-0.0000000000
-0.0000000010
0.0000869733
-0.0000000000
-0.0000000000
-0.0000000000
0.0000000000
0.0000000000
0.0000097861
0.0000000000
0.0000000000
0.0000000000
0.0000000000
0.0000000000
0.0000000000
-0.0000000000
-0.0000000000
0.0000000000
-0.0000000000
0.0000000000
0.0000000001
0.0000000000
0.0000000058
0.0000000000
-0.0000000000
-0.0000000000
-0.0000000000
-0.0000000000
0.0000000000
0.0000000000
-0.0000000000
0.0000000000
-0.0000000000
0.0000000000
-0.0000000000
0.0000081258
0.0000000000
0.0000000000
0.0000000000
0.0000000000
0.0000000000
0.0000000000
0.0000000000
0.0000000000
0.0000039428
0.0000000000
0.0000000000
-0.0000000000
0.0000000000
0.0000000149
0.0000000000
-0.0000000000
-0.0000000000
-0.0000000011
0.0000000000
0.0000000000
0.0000000000
-0.0000000000
-0.0000000000
0.0000000000
-0.0000056305
-0.0000000000
0.0000000000
-0.0000000000
-0.0000000000
0.0000000163
-0.0000000000
0.0000119908
0.0000000000
-0.0000000000
-0.0000022324
0.0356145613
-0.0000000000
-0.0000000124
-0.0000510303
-0.0000000000
0.0000009725
-0.0000000000
-0.0000000000
0.0000000001
0.0000000000
0.0000000000
-0.0000000000
0.0000000000
0.0000000000
-0.0000000000
0.0000000000
-0.0000000000
0.0000000000
-0.0000000000
0.0000000000
-0.0000000000
-0.0000000000
-0.0000000000
0.0000000000
0.0000000000
0.0000000000
-0.0000000000
-0.0000000000
0.0000000000
0.0000000000
-0.0000000000
-0.0000000000
-0.0000000000
-0.0000000000
-0.0000000000
-0.0000000000
0.0000000093
0.0187624320
-0.0000000000
0.0000000000
-0.0000000000
0.0000000007
0.0000000000
-0.0014031256
0.0000000000
-0.0000000000
0.0000000000
-0.0000000000
-0.0000000000
0.0000083347
0.0000000000
0.0000000000
0.0000084220
0.0000000000
0.0000000000
0.0014693076
0.0000000000
0.0000000000
-0.0000331552
0.0000000000
-0.0000000000
0.0000000000
-0.0000000000
0.0000000000
0.0007023766
-0.0000000000
0.0000000000
-0.0000000000
0.0280543920
-0.0000000000
0.0000000000
0.0000000000
0.0000000000
0.0000000000
-0.1948997825
-0.0000000000
0.0000000000
0.0000000000
-0.0000000000
0.0000000000
-0.0000000000
-0.0000000000
-0.0000000000
0.0000000000
0.0000000000
-0.0000000000
0.0000000000
-0.0000000000
0.0000000000
-0.0000000000
-0.0000000000
0.0000000000
-0.0000000000
-0.0000000000
0.0000000000
0.0000000000
0.0000000000
-0.0000000000
0.0000000000
0.0000000000
0.0000002048
0.0000000000
-0.1403645724
0.0000000000
0.0000000000
-0.0000000000
0.0000000000
0.0000099807
-0.0000000000
-0.0000000000
-0.0000000000
-0.0000000002
-0.0000000000
0.0000000000
-0.0000000000
0.0056944401
-0.0027810708
0.0000000000
0.0000000000
-0.0000000000
-0.0000000000
0.0000000000
-0.0000000000
0.0000000000
-0.0000007220
-0.0000000000
-0.0000000000
0.0000000000
0.0000000000
0.0000000000
-0.0000000000
0.0000000000
-0.0000000000
0.0000220016
-0.0000000000
0.0000000000
0.0000000000
0.0000000000
-0.0000000000
-0.0000000000
-0.0000000000
0.0000000000
0.0000444805
0.0000000000
0.0000000000
0.0000000000
0.0000000000
-0.0000000000
0.0000000000
0.0000000000
0.0000000000
-0.0000000000
0.0033296531
0.0000000000
0.0000000000
-0.0000000000
-0.0000000000
-0.0000000000
-0.0000000000
-0.0000000000
0.0000000000
-0.0000000000
0.0000000000
0.0000000000
0.0000000000
0.0000000000
-0.0000000000
0.0000000000
0.0000000000
-0.0000000000
0.0000000000
0.0033569639
0.0000000000
0.0000000000
-0.0000000000
-0.0000000000
-0.0000000000
0.0000000000
0.0000000303
-0.0000000000
-0.0000000000
0.0000000000
-0.0000000000
0.0034562231
0.0000000000
-0.0000000000
0.0000000000
0.0000000003
-0.0000000000
-0.0000000000
-0.0000000000
-0.0000000000
-0.0000000000
-0.0000000035
-0.0000015447
-0.0000000000
0.0000000000
0.0015071061
0.0000002082
0.0000004339
0.0000000029
0.0007058827
-0.0125972619
0.0000000000
0.0000000000
0.0000000000
-0.1526630223
-0.0000000000
0.0000000000
-0.0000000000
0.0000000000
0.0000000000
-0.0000000000
-0.0000000000
0.0000000000
-0.0000000000
-0.0000000000
0.0002083441
-0.0000000000
0.0000000000
0.0000000000
0.0000000000
-0.0000000000
0.0000000000
-0.0000000000
-0.0000000000
0.0000000000
0.0000028437
-0.1192037687
0.0000000000
0.0000000000
0.0000000000
0.0000000000
0.0000000000
-0.0000000000
0.0000000000
-0.0000000000
-0.0000000000
0.0000000000
-0.0000000000
0.0000000000
0.0032939229
0.0000000069
-0.0000000000
0.0000000132
0.0000000514
-0.0000000000
0.0000000000
-0.0000000000
0.0000000000
0.0000144506
-0.0000000000
-0.0000000000
-0.0000000000
0.0000000000
0.0000059227
-0.0000000000
-0.0000000000
0.0000000000
-0.0000000000
0.0009792352
-0.0000000000
0.0000023530
-0.0000000000
0.0000000726
0.0000000000
0.0000000000
-0.0000000000
0.0000000000
-0.0000000000
0.0000000000
-0.0000000000
0.0000000000
0.0000000001
0.0000000000
-0.0000000000
0.0000000000
0.0000000000
-0.0000000000
-0.0000000000
-0.0000000000
0.0000000000
0.0000000000
0.0000000000
-0.0000000000
-0.0000000000
0.0000000000
-0.0000000000
0.0000000000
0.0000000000
-0.0000000000
0.0000000000
-0.0000000000
0.0000039760
-0.0000000000
0.0000000000
0.0000000000
0.0000000000
0.0000000000
0.0003246394
0.0000000000
-0.0000000000
0.0000000000
-0.0000000000
0.0001484284
-0.0890253484
-0.0000000000
0.0000000000
0.0000000000
0.0156276952
0.0000305318
-0.0000000000
0.0000000000
-0.0000000000
-0.0000000000
0.0000000000
-0.0000000000
0.0000000000
-0.0000000000
-0.0000000000
0.0000073375
-0.0000000000
0.0000000000
-0.0000411937
0.0000000000
0.0003648525
-0.0000000000
0.0000008801
-0.0885405689
0.0000000000
0.0000024248
-0.0075523518
0.0000000000
0.0000000000
0.0000000000
-0.0000000000
0.0000000027
0.0000000000
0.0000000000
0.0000000000
-0.0000000000
0.0000000000
0.0000000000
-0.0000000000
0.0000000000
-0.0000000000
-0.0000000000
-0.0000000000
-0.0000000000
-0.0000000000
-0.0000000000
0.0000000000
0.0000000007
0.0022870784
0.0000000000
0.0000000000
0.0000000092
-0.0000000000
-0.0000000000
-0.1109643802
-0.0000000000
0.0013323430
-0.0664993376
0.0000000000
0.0000000000
0.0000000000
-0.0000000000
0.0000000000
-0.0000000000
0.0000004422
-0.0000000000
-0.0000000000
-0.0000064009
-0.0000000000
-0.0000000000
0.0060650758
0.0000000020
0.0000000461
-0.0000000000
0.0000455775
-0.0000000000
0.0351906978
0.0000000004
0.0000008054
0.0000000000
0.0000000000
-0.0131414849
0.0000000000
0.0022802674
0.0000000000
-0.0000000000
-0.0000000000
-0.0000000000
0.0000049956
0.0000000082
-0.0000000000
-0.0000000000
0.0000000000
-0.0000000000
0.0000000000
-0.0000000000
-0.0000000000
-0.0000000000
-0.0000000000
0.0000000000
0.0000000000
-0.0000000000
-0.0000000000
-0.0000000000
0.0000000000
0.0000000000
-0.0000000000
-0.0000000000
-0.0000000000
-0.0000000000
0.0000000000
-0.0000000000
0.0000000000
0.0013000912
-0.0000000000
0.0000000000
0.0010377974
0.0000000000
0.0000000000
0.0000000000
-0.0000000000
0.0000000000
0.0000000000
0.0000000000
0.0000371796
0.0000000000
-0.0000000028
0.0000000000
-0.0000000000
-0.0000000000
0.0000000259
-0.0000000000
0.0000000000
0.0000000000
0.0000000000
0.0005719609
0.0000000000
-0.0000000000
0.0000000000
0.0000000000
-0.0000000885
0.0000000000
0.0000566862
-0.0000000000
-0.0000000000
-0.0000000000
-0.0000000656
0.0006157428
0.0000000000
-0.0000000000
0.0000000924
0.0000000000
0.0000000000
0.0000000000
0.0000015701
-0.0000000000
0.0000000000
0.0000000000
0.0000000066
-0.0000000000
0.0000000000
-0.0000000000
0.0000000000
-0.0000000000
0.0000000000
0.0000000000
0.0000000000
-0.0000000000
0.0000000000
-0.0000000000
0.0000000000
-0.0000000000
-0.0000000000
0.0000000000
-0.0000000000
0.0000000000
0.0000140065
0.0000003713
-0.0000000000
0.0000000000
0.0000000000
-0.0000000000
0.0000000000
0.0000000000
-0.0000000000
-0.0000000000
0.0002194974
0.0000000000
0.0000000000
0.0000000854
0.0000000000
0.0000000000
-0.0000000000
0.0000000000
0.0000000000
0.0112571856
-0.0000000000
-0.0000000000
0.0000000000
0.0000000241
-0.0000000000
0.0000000000
-0.0000000000
0.0000000000
-0.0000000000
-0.0000000000
0.0000000000
0.0000000000
0.0000000000
0.0000000000
-0.0000000000
-0.0000000000
-0.0000000000
-0.0000000000
-0.0615011007
0.0000026867
0.0000000000
-0.0000000000
0.0000000000
-0.0000000000
0.0000000711
0.0000000000
0.0000000000
0.0000000000
0.0000000000
0.0003318123
0.0000000008
-0.0000000000
0.0000000000
0.0000000000
0.0000000000
-0.0000000000
0.0000000000
0.0000000000
0.0000000000
-0.0000000000
0.0000000000
0.0000000000
0.0000000000
0.0000000000
0.0000000000
0.0000000000
0.0000000000
0.0000523057
-0.0000000000
0.0000000000
0.0000000000
0.0027103282
0.0000000000
0.0000000000
-0.0296695940
0.0000000000
0.0000000000
-0.0000000000
-0.0004899122
-0.0000000000
-0.0000000000
-0.0000000000
0.0000000000
0.0000000000
0.0000000000
-0.0000000000
0.0000000888
0.0000000216
-0.0000000000
0.0000000000
0.0000000000
-0.0000000000
-0.0000000000
0.0000000000
-0.0000000000
0.0000000000
0.0000032297
-0.0000000000
-0.0000000000
0.0000000000
-0.0000000000
-0.0000000000
-0.0000000000
0.0000000001
0.0000000000
0.0000503801
0.0000147446
0.0000000000
-0.0877021253
0.0000000000
0.0000000000
0.0000000000
0.0000000000
-0.0000000000
-0.0000000000
0.0000000000
0.0000000000
0.0000000000
0.0000000000
0.0000000000
0.0000000000
0.0000000000
0.0000000000
-0.0000000000
-0.0000000000
0.0000000000
0.0004082415
-0.0000000000
0.0000000000
-0.0000000000
-0.0000000000
0.0000000252
0.0000000000
0.0000000000
0.0000000000
0.0000000000
-0.0000000000
0.0000000000
-0.0000000000
0.0000000000
-0.0000000000
0.0000904907
0.0000000000
0.0000000006
0.0000000000
-0.0000000000
-0.0000000000
-0.0000000000
0.0000000000
-0.0000000000
-0.0000000000
-0.0000000323
-0.0000000000
-0.0000000000
0.0000000000
-0.0000000000
0.0000000000
0.0000000000
-0.0000000000
-0.0000000000
0.0273645278
-0.0000000000
0.0068472624
0.0000000000
-0.0000000000
0.0000000000
-0.0000000000
-0.0002983905
-0.0000029186
-0.0000000000
-0.1865644306
0.0020340215
0.0000000000
0.0000000000
0.0000000000
0.0000000000
0.0000000000
0.0000000000
0.0000000000
0.0000000001
0.0000000000
0.0000000000
0.0000000000
0.0000000000
0.0000000000
0.0000000000
-0.0000000000
0.0000000000
0.0000000000
0.0000107467
0.0000000000
-0.0000000000
0.0000000000
-0.0000000000
-0.0000000000
-0.0000000000
0.0001570135
0.0000000000
-0.0000000000
0.0017427113
0.0000000000
0.0000000000
-0.0000000000
-0.0000000000
-0.0000000000
-0.0000000000
0.0000000000
0.0000000004
0.0000000000
0.0000375972
-0.0000000000
-0.0000000000
0.0000000000
0.0000000000
0.0000000000
0.0000000025
-0.0000000000
-0.0000000000
-0.0000000000
-0.0000000000
-0.0000000000
0.0000000000
-0.0000000000
0.0000006261
0.0000000000
0.0000000000
-0.0000000000
-0.0000000000
0.0000005207
0.0000000000
-0.0000000000
0.0000000000
0.0000000000
-0.0000000000
0.0003732294
-0.0007057363
-0.0000000000
-0.0000000000
-0.0000000000
-0.0723374039
-0.0000000000
0.0000000000
0.0000000000
0.0002488506
-0.0000000000
-0.0000000000
-0.0000000000
0.0000000434
-0.0000000000
0.0000000000
0.0000000000
0.0199208204
-0.0000000000
0.0000000000
0.0000000429
0.0002052005
0.0000000000
-0.0000000000
0.0000000000
0.0000000000
0.0001592658
0.0000751795
-0.0000000000
0.0000000000
0.0000000009
0.0000000000
0.0000000000
0.0000000000
0.0000000000
0.0000000088
0.0004305367
-0.0000000000
0.0000034072
-0.0000000000
0.0000385581
-0.0000000005
0.0000000000
0.0000000000
0.0000000000
0.0000000000
0.0000000000
0.0000000077
0.0000000000
0.0000000000
0.0000000000
0.0000000000
0.0000000000
0.0066092564
-0.0000000000
-0.0000000000
0.0000000000
-0.0000000000
0.0000000011
0.0000000000
0.0000000000
0.0000000003
0.0002152872
0.0000000000
0.0000000000
0.0000000000
0.0001295149
-0.0000000000
0.0000000000
0.0000000000
0.0000000000
-0.0000000000
0.0000000000
0.0000000001
0.0000000000
0.0010223943
-0.0000000000
0.0000037268
0.0000000000
0.0000000000
0.0004579011
0.0000000000
0.0000000000
-0.0000000000
0.0000000000
-0.0000000000
0.0000011639
0.0000000000
0.0000000000
0.0000000002
-0.0069110198
0.0000000000
0.0000000000
-0.0000000000
0.0000000000
0.0000000000
-0.0000000000
-0.0000000000
0.0000000000
-0.0000000001
-0.0000000000
0.0000000000
0.0000000000
-0.0000000000
-0.0000000000
-0.0000011957
0.0000000717
-0.0000000000
0.0000592681
-0.0000270961
0.0000000051
-0.0000000000
-0.0000000000
-0.0000000000
-0.0000000000
0.0000294786
-0.0000000000
0.0000000821
0.0000000000
-0.0000000000
0.0000000000
-0.0000000000
-0.0000000000
-0.0000000000
-0.0029711579
0.0000000020
0.0000000000
0.0000000000
0.0000000000
0.0005467411
0.0000000000
0.0000000000
0.0000000087
0.0000000013
0.0000000000
0.0000007307
0.0005173465
-0.0000000000
-0.0000000000
-0.0000000000
-0.0000000000
0.0000000000
-0.0000000000
-0.0000000000
0.0000000000
-0.0000000000
-0.0000000000
0.0000000000
-0.0000000000
-0.0000000000
0.0000000000
0.0000000000
-0.0000000000
0.0000000000
0.0000000000
-0.0000000000
-0.0000000000
-0.0000000000
0.0000000000
0.0000000000
-0.0000000000
0.0000000000
0.0001335992
-0.0000000000
0.0000000000
0.0000000034
-0.0000000000
-0.0000000000
0.0000000000
0.0000000000
-0.0000000000
0.0000000000
0.0000000000
0.0000000000
-0.0000000000
-0.0000005279
-0.0000000000
0.0000000000
0.0000000000
0.0000000000
-0.0000000000
-0.0000000000
0.0000008545
-0.0000000000
-0.0000000000
-0.0000000000
0.0000017582
0.0000000000
0.0000017637
-0.0000000000
0.0000000005
0.0000000000
0.0001112840
0.0004532897
0.0000000000
0.0005406692
-0.0000000000
0.0000000739
-0.0000000000
0.0000011464
-0.0000000000
-0.0000000000
-0.0000000000
-0.0000000000
-0.0000000000
0.0000000000
-0.0000000000
0.0007295255
0.0000021091
-0.0000000000
0.0000000000
-0.1686151475
0.0000000000
0.0000000000
-0.1687050909
-0.0000000000
-0.0008071864
0.0055973786
-0.0009719136
0.0000000000
0.0000000000
0.0000000000
-0.0000000000
0.0000000000
0.0000000000
-0.0000000000
-0.0000000000
0.0000033691
0.0000015712
0.0000000000
-0.0000000000
-0.0479943715
0.0000000000
-0.0000000000
0.0000000031
-0.0000060889
0.0000000000
0.0000000000
-0.0000000000
-0.0000000000
-0.0000000000
-0.0000000000
0.0000000000
0.0000000000
-0.0000000000
0.0000000005
0.0000000000
0.0000000000
-0.0400665812
0.0000000000
-0.0000000000
0.0000000000
-0.0000000000
0.0000000000
0.0000000000
0.0000000000
0.0000000000
0.0000000000
0.0000000000
0.0000000000
0.0000000000
-0.0096257711
0.0013323892
0.0000000000
0.0000000000
-0.1830653399
-0.0000000000
0.0000000000
-0.0000001253
0.0000000000
-0.0000000000
0.0000000001
-0.0000000000
-0.0000000000
0.0016025734
0.0000000000
-0.0000000000
0.0000000000
0.0000020255
-0.1184349284
-0.0000000000
0.0000000028
-0.0000000000
-0.0000000000
0.0000000000
-0.0000000000
0.0000000000
0.0000000000
-0.0000000000
-0.0000000000
0.0003245207
-0.0000000000
0.0000001483
0.0004959664
0.0000000000
0.0000000000
0.0000000000
0.0000000000
-0.0000000000
0.0000000538
0.0000000100
0.0000000000
0.0000000000
-0.0000000000
-0.0000000000
-0.0000000000
-0.0000000000
0.0000000007
-0.0000000000
-0.0000978095
0.0000000000
-0.0000000000
0.0099810287
0.0000000000
-0.0000000000
0.0000000155
0.0000000000
0.0000000000
0.0000000000
-0.0000028325
-0.0000000000
0.0000000000
-0.0000000000
0.0785044283
0.0000000000
-0.1694601476
-0.1158902198
-0.0000000000
0.0000000000
-0.0000000000
0.0000000000
0.0000000000
0.0001630563
0.0000000269
0.0000000066
0.0000000000
-0.0000000000
-0.0000000000
-0.0000000000
-0.0000000000
0.0000000000
-0.0000000000
-0.0000000000
0.0000000000
-0.0000000000
0.0000000000
0.0000001128
-0.0000000000
-0.0000000000
0.0000000000
-0.0000000000
-0.0000000000
0.0000000000
0.0000000008
-0.0000000000
0.0000000000
0.0000000000
-0.0000000000
-0.0000000000
0.0000000000
0.0000000000
0.0000000000
-0.0000000000
0.0000000000
-0.0000000000
0.0000000000
0.0000000000
0.0000000000
0.0004395654
-0.0000000011
0.0000000000
-0.0000000000
-0.0000000000
0.0000000000
-0.0000000000
-0.0000000000
-0.0000000000
-0.0000012476
-0.0000000000
0.0013713283
-0.0000000000
-0.0000000000
0.0000000000
0.0000000486
-0.0000000000
0.0000000000
0.0000000000
-0.0000000000
-0.0000000000
0.0000000000
-0.0000000000
0.0000175779
0.0001971577
-0.0000000000
-0.0000000000
0.0050299750
0.0000001073
-0.0000000000
0.0000000000
-0.0000000000
0.0000006911
-0.0000000000
-0.0000000000
0.0000000000
-0.0000000000
-0.0000000000
0.0000000000
0.0174761992
0.0000000000
-0.0000000000
-0.0000000000
0.0000000000
0.0000000000
0.0000000000
-0.0000000000
0.0000000000
-0.0000000000
-0.0000000000
0.0000000000
-0.0000000000
0.0000000000
0.0000002881
-0.0000000000
-0.0000000000
-0.0000000202
0.0000000054
-0.0000000000
0.0000000000
-0.0000000047
0.0000000000
-0.0000000000
0.0000000073
-0.0000000000
0.0000000100
0.0085923038
-0.0000000000
0.0000000000
-0.0000000000
0.0000000000
-0.0000000000
-0.0000000000
0.0096626868
0.0000000001
-0.0000000000
0.0000000000
-0.0000000000
0.0000000000
0.0000000000
0.0000000000
-0.0000000000
0.0000000000
0.0000000000
-0.0000000000
0.0000142174
0.0000002660
-0.0000000000
0.0000000000
0.0000186368
0.0000000000
-0.0000000000
0.0010979464
0.0000000000
0.0372397341
-0.0000000000
0.0000108421
0.0000000000
0.0000000000
-0.0000304479
0.0000000000
-0.0000000000
0.0000000000
0.0000000000
-0.0000000000
0.0000000000
-0.0001853867
0.0000000000
-0.0000000000
-0.0000000000
0.0000000000
0.0000000072
-0.0000000000
0.0000000000
0.0000121085
-0.0000000000
0.0002460414
-0.0000000000
0.0000000000
0.0000000000
-0.0000000000
-0.0000000000
-0.1128641292
-0.0000000000
0.0000000000
0.0000000057
0.0000000000
-0.0000000000
0.0000000000
-0.0000000000
-0.0000000000
0.0000000000
0.0000000000
0.0000000000
0.0000000000
0.0000000000
-0.0000000000
-0.0000000000
-0.0000000000
0.0000000000
-0.0000000000
-0.0000000000
0.0000000000
0.0000000000
0.0000000000
-0.0000000000
-0.0000000000
-0.0000000000
0.0000000000
-0.0000000000
0.0000000000
0.0000411819
-0.0000000000
-0.0000628592
0.0557293035
0.0000000000
0.0000000112
0.0435928069
0.0000000000
-0.0400937609
0.0013109664
-0.0000000000
-0.0000000000
-0.0593213923
-0.0000000000
0.0000000000
0.0000000000
0.0000000000
-0.0000000000
0.0000000000
-0.0000000000
-0.0000000000
0.0000000000
0.0000000000
0.0000000000
0.0000000000
0.0002511198
0.0000000000
-0.0000000000
-0.0000000000
0.0000000405
-0.0000000000
-0.0000000000
-0.0000000000
-0.0000000000
0.0000000000
-0.0821726397
0.0000000000
0.0000000000
0.0000000000
0.0000000000
0.0000000000
0.0000000000
-0.0000000000
0.0000000000
0.0000000000
0.0000003017
0.0000000000
0.0000000000
-0.0000000000
0.0000000000
0.0000000000
-0.0000000000
0.0000000000
0.0000000000
-0.0000042552
0.0000000000
0.0000000000
0.0000000030
-0.0000000003
0.0000000000
0.0000000000
-0.0000000000
0.0000000043
0.0000000000
0.0000000000
-0.0000000000
0.0000000000
0.0000000000
0.0000000000
0.0000083653
-0.0000000000
0.0000000000
-0.0000000004
0.0000000000
-0.0138042904
0.0000000000
0.0000000000
0.0000000000
-0.0724896789
-0.0000000000
-0.0000000000
0.0000346506
0.0000000423
0.0000000000
-0.1218979955
-0.0000000000
0.0000000000
-0.0956316069
0.0000000000
0.0000000126
0.0000000000
-0.0560029000
0.0000000002
-0.0023363947
-0.0000000000
0.0000046847
0.0000000000
-0.0000000000
0.0000052209
-0.0000000000
0.0000216277
0.0000000000
0.0000166962
-0.0000000000
0.0000000000
-0.0000000000
-0.0000000000
-0.0000000000
0.0000000000
0.0000000000
0.0000000000
-0.0000000000
0.0000000000
-0.0000000000
-0.0000000000
0.0000000027
0.0000000000
0.0000000000
0.0000000000
0.0000000000
-0.0000000000
0.0000000000
-0.0000000000
-0.0000000000
-0.0000000000
0.0000000000
0.0000000000
0.0000000000
-0.0000000000
-0.0000000000
0.0000000000
0.0000000000
0.0000000000
-0.0000000000
0.0000000000
0.0000000000
0.0000000000
-0.1178687885
0.0000000000
-0.0000000000
-0.0000000000
-0.0828243643
0.0000033680
0.0000000000
0.0000000096
-0.0056223990
0.0000000000
-0.0000000000
-0.0000000000
0.0000000000
0.0029727793
0.0000000000
-0.0000000000
0.0000000000
0.0000000000
0.0000000000
0.0001751547
0.0002967432
-0.0000000000
0.0000005178
0.0000000000
0.0000001307
-0.0000000000
-0.0001067383
-0.0000000082
0.0000000010
-0.0000000000
0.0000000000
-0.0007336625
0.0000000000
0.0000000000
-0.0000000000
-0.0000000000
-0.0000000000
0.0000000000
-0.0000000000
-0.0000000000
0.0000000000
0.0000000000
-0.0000000000
0.0000004965
0.0000008991
-0.0000000000
0.0000000000
-0.0480677113
0.0000000000
0.0000002261
-0.0000000000
-0.0000000000
0.0000000000
0.0000000000
-0.0000000000
0.0000000000
-0.1111811176
-0.0000000000
-0.0000000000
-0.0000000000
0.0000000000
0.0000000002
0.0000000000
-0.0000000000
-0.0003413403
-0.0000000000
0.0000056457
0.0000000000
0.0000000000
0.0000000000
0.0000000000
-0.0000000000
0.0000000000
0.0000000000
-0.0000000000
0.0000000000
0.0000000003
-0.0000000000
-0.0000078528
-0.0000000000
-0.0000000000
0.0000018426
-0.0000000000
0.0000063114
0.0000000000
-0.0000000000
-0.0000000000
-0.0000000000
0.0000763596
0.0000000000
-0.0000090653
-0.0000000000
0.0000000000
-0.0000000002
0.0000000000
0.0000000131
-0.0000000000
0.0000000000
-0.0000149973
0.0000000000
-0.0000000000
0.0000000000
0.0000000000
0.0000000000
0.0000000000
0.0000000198
0.0000019977
-0.0000000000
-0.0000000000
-0.0000000000
-0.0000000000
-0.0000000000
0.0000000000
0.0000000742
0.0000000000
0.0000000000
0.0000000000
-0.0000000000
-0.0000000000
0.0000000000
-0.0000000000
0.0000000000
-0.0000000000
-0.0000000000
-0.0000000000
0.0000000000
0.0000000000
-0.0000000000
-0.0000004334
-0.0000000000
0.0000000000
-0.0000002134
-0.0000000000
0.0000000000
0.0000000000
0.0000000000
-0.0000000000
0.0000000000
-0.0000000000
0.0000014159
-0.0000000000
-0.0000000000
-0.0000000000
-0.0000000000
0.0000009074
0.0000000000
-0.0000000000
-0.0002956808
0.0000197419
-0.0000000000
-0.0000000000
0.0000000000
0.0000000000
0.0000000000
-0.0000000000
0.0000000000
0.0000000094
0.0000000000
0.0000000000
-0.0000000000
-0.0000424394
0.0000000000
0.0000000981
0.0000011300
0.0000000000
-0.0000007738
0.0000000000
-0.0000000000
0.0000000001
0.0000000000
0.0004472388
-0.0000000000
-0.0000074148
-0.0000000000
-0.0000000000
0.0000000000
0.0000000000
-0.0000000038
0.0000000000
-0.0000000000
-0.0000000000
0.0053033531
0.0000000000
-0.0000000000
0.0000000000
0.0000000000
-0.0000000000
0.0000000000
0.0000000000
-0.0000000000
-0.0000000006
-0.0000000000
0.0000000000
0.0006125373
0.0000000073
-0.1062674373
0.0003571135
0.0000000000
0.0000000000
0.0000000000
0.0000000000
-0.0000000396
0.0000000000
-0.0000079620
0.0000000000
0.0000000000
0.0000000134
0.0000000000
-0.0000000000
-0.0000000000
0.0000000000
0.0000000000
0.0007303396
0.0000000194
-0.0000000000
0.0000071566
-0.0000000103
0.0000000000
0.0010586052
-0.0000000000
0.0000000000
-0.0000000000
0.0000000000
-0.0000000000
0.0000000000
-0.0000000000
0.0000000000
-0.0000000000
-0.0000000000
0.0000000000
-0.0000000000
0.0000000000
0.0000002695
-0.0000005904
0.0000000049
0.0000000000
-0.0030434527
-0.0000000000
0.0000000000
-0.0000000000
0.0000000000
0.0000000000
0.0000000001
0.0006324142
0.0000000000
0.0000000000
0.0000000000
-0.0000000000
-0.0000000000
0.0000000000
0.0000000000
0.0000000000
-0.0000000000
-0.0000668829
0.0000000000
-0.0000000000
-0.0000000000
0.0000000000
0.0000000000
-0.0040861969
0.0000000000
-0.0000000000
-0.0802238733
0.0000000000
0.0000000001
0.0000000000
0.0000000000
-0.0000000000
0.0000000000
-0.0000000000
0.0000000000
0.0000000000
-0.0000000000
0.0000000075
0.0000000040
0.0000000000
0.0000010445
0.0000000000
0.0000000000
-0.0000000000
-0.0000000000
-0.0000000000
-0.0000000000
0.0024150319
-0.0000000000
0.0000008563
0.0000000006
-0.0000000000
0.0000000000
-0.0000383399
-0.0000000000
-0.0000000000
-0.0000000000
0.0000000000
0.0014899924
0.0000000000
0.0000000000
0.0000000002
0.0000002832
-0.0002430509
-0.0000000001
-0.0000000000
0.0000890162
0.0000000000
0.0000000000
0.0000000166
0.0000000000
0.0000000000
-0.0000000000
-0.0000000000
0.0000000000
-0.0000000000
-0.0000000000
-0.0000000000
-0.0932755172
-0.0031208773
-0.0000000000
0.0000000000
0.0000000001
0.0000000000
-0.0000469497
-0.0000000000
0.0000000000
0.0000000000
-0.0000000000
0.0000000000
-0.0761694610
-0.0000000000
0.0000000009
0.0000000000
0.0000000000
-0.0000000000
0.0000013344
0.0000000000
-0.0000000000
0.0000163662
0.0000000318
0.0044929171
-0.0000000000
-0.0000000000
-0.0000000000
-0.0000000000
0.0000000001
-0.0000000000
0.0000000000
0.0000000000
0.0000000000
-0.0000000000
0.0000000000
0.0000000000
-0.0000000000
0.0000000000
0.0000000000
0.0000000004
0.0000000001
0.0000000000
0.0000000000
-0.0000000000
0.0000000049
0.0000000000
-0.0000000000
0.0051378468
-0.0000000000
-0.0000000000
-0.0000000000
-0.0000000000
-0.0000000000
0.0000000000
-0.0000000000
-0.0000000000
-0.0000000000
0.0000000000
-0.0000436700
0.0000000001
0.0017206230
0.0000000000
0.0000000000
-0.0000000000
0.0000001242
0.0000000000
0.0000727231
0.0000000000
0.0000000000
-0.0000000000
-0.0000000000
0.0000000000
0.0000000000
0.0000000000
-0.0000000000
0.0003230340
0.0000000000
-0.0000000000
0.0000000323
0.0000000000
0.0000000000
-0.0000000000
0.0000000000
0.0000000000
0.0000203524
0.0000000000
0.0000000000
0.0000000000
0.0000000000
0.0000000000
-0.0000000000
0.0000000000
-0.0000000000
-0.0000000000
-0.0000000000
0.0000000068
-0.0000000000
-0.0000000000
-0.0000000003
0.0000000000
0.0000000000
-0.0000000000
-0.0000000000
0.0000197144
-0.0000000000
0.0015128037
0.0000000017
0.0000000000
0.0000001986
0.0000000120
-0.0000000000
-0.0000000038
0.0000303703
0.0000000000
-0.0000000000
0.0000001558
-0.0000000000
0.0000000000
0.0000000000
0.0000000000
0.0000000000
-0.0000000000
-0.0000000000
-0.0000000000
0.0000004721
0.0000000000
-0.0000000000
0.0000033879
0.0000000000
-0.0000665563
0.0000004556
0.0000000000
0.0000001958
-0.0000000000
0.0000000000
-0.1425054520
-0.0000000000
0.0000000000
0.0000000000
-0.0000012445
0.0000000000
-0.0000040638
-0.0000000047
-0.0000000000
0.0000000000
0.0000000002
0.0001649447
-0.0000000000
-0.0000000000
-0.0437598564
-0.0000000000
0.0000000000
0.0000000006
-0.0000000000
0.0000000000
0.0000000000
0.0000000000
0.0000000000
-0.0000000000
0.0000000000
-0.0000000000
-0.0000000000
0.0000000000
-0.0000935114
0.0000001025
0.0000000000
-0.0000000000
-0.0000000000
0.0000000000
0.0066377642
0.0000000001
-0.0000000000
0.0000000000
0.0000000000
0.0000000000
-0.0000397180
0.0000000000
-0.0000000000
0.0000000000
0.0000000000
0.0000000000
-0.0000000238
-0.0000000000
-0.0298735816
0.0000000017
-0.0000000000
0.0000000000
-0.0000000000
-0.0000000000
0.0000000000
-0.0000000000
-0.0000000000
0.0000000000
-0.0000000000
-0.0000000027
-0.0000000000
-0.0000000000
0.0000786318
0.0000000000
0.0000000000
0.0000323812
0.0000000000
0.0000000000
0.0000001229
0.0000000000
-0.0000000000
-0.0000000000
0.0000000000
0.0000000000
0.0000000000
0.0000002462
-0.0406496003
-0.0000000000
0.0000000000
0.0007491183
-0.0000000000
0.0000000000
0.0000000000
0.0000000000
0.0000000000
-0.0000000000
0.0000000000
0.0000000000
0.0000000000
0.0000000000
0.0000000000
-0.0000000070
-0.0000000000
0.0000000000
0.0000000000
-0.0000000000
-0.0000000000
0.0000000165
0.0000000000
0.0000000002
0.0000000000
-0.0141880149
-0.0000000000
0.0000000000
-0.0000000000
-0.0000520384
-0.0000000000
-0.0000000000
0.0000127202
-0.0000000000
-0.0000000000
0.0000000000
-0.0000000000
0.0000000000
-0.0000000000
0.0000000000
0.0000217465
0.0000000000
0.0000006016
0.0000000000
0.0000000000
0.0000000005
-0.0005728719
0.0000000000
0.0000000000
-0.0000000000
-0.0000000000
0.0004391701
0.0000000000
0.0000000000
-0.0000000000
-0.0000000000
-0.0000000000
-0.0000000000
0.0000000000
0.0000000000
0.0000000000
0.0000000000
-0.0000000000
0.0000000000
0.0000803000
0.0000023293
0.0000000000
-0.0000965559
0.0000015299
0.0000000000
-0.0552521907
0.0000000000
-0.0000000000
0.0000000001
0.0000000000
0.0000000000
0.0000000000
0.0000219390
0.0000000000
0.0000000000
0.0000000000
0.0000000000
-0.0000000000
-0.0000000000
-0.0000000000
0.0000000045
-0.0000000000
0.0000000000
0.0000000000
-0.0000000000
-0.0000000000
0.0000000000
0.0000000000
0.0000000000
0.0000000000
-0.0000000000
-0.0000000000
-0.0000000000
0.0000000000
-0.0000000000
0.0000000000
0.0000000000
0.0000000000
0.0000000000
-0.0000000000
0.0000000000
0.0000000000
0.0000000000
0.0000000000
-0.0000000000
-0.0000000000
-0.0000000000
0.0000000000
0.0000000000
0.0000000000
-0.0000000000
-0.0000000000
0.0000000000
-0.0000000000
-0.0000000000
0.0000000000
0.0000000000
0.0000000000
0.0000000000
-0.0000000000
-0.0000000000
0.0000000013
0.0000000000
0.0000000000
-0.0000000000
-0.0000000000
-0.0000000000
-0.0000000000
0.0000000000
-0.0000000000
0.0000000000
-0.0000000000
-0.0000000000
0.0000000000
-0.0000000000
0.0000000000
0.0000000000
-0.0000000000
0.0000000000
-0.0000000000
0.0000000000
-0.0000000000
0.0000073228
0.0000031855
0.0000068639
-0.0000000000
0.0000000000
0.0000000000
0.0000000000
0.0000000000
0.0000000000
-0.0000000000
-0.0000000000
0.0000000000
0.0000000000
0.0000000000
0.0000000000
0.0000000000
0.0000000230
0.0000000000
0.0000000000
-0.0000000000
0.0000000000
-0.0000000000
0.0000000000
-0.0000000000
0.0000000000
0.0000113070
-0.0000000000
0.0000000000
0.0814340562
-0.0000000000
0.0000000000
0.0000000000
-0.0000000000
0.0000000000
0.0000000000
0.0000000000
0.0000000000
0.0000000000
-0.0000000000
-0.0000000000
-0.0000000000
0.0000000000
-0.0000000000
0.0000000000
-0.0000000000
-0.0000000000
-0.0000000000
0.0000000000
0.0000000000
-0.0000000000
0.0000000000
0.0000000000
0.0000002094
0.0000005079
0.0000000000
0.0000000000
0.0000000000
-0.0000000000
0.0000000000
0.0000027310
0.0000000000
-0.0000000000
0.0000000000
0.0000000000
0.0000000000
-0.0000000000
-0.0000000000
-0.0000000000
-0.0000000000
-0.0000000000
0.0000000000
-0.0000000000
-0.0000000000
0.0005053849
0.0000000000
-0.0000000000
0.0000000000
0.0000000000
-0.0000000000
0.0000000000
-0.0000000000
0.0000000000
-0.0000000000
-0.0000000000
0.0000000000
0.0000000000
-0.0000000000
0.0000194654
0.0000000000
0.0000000000
0.0000000000
0.0000008725
-0.0000000000
-0.0000000000
0.0000000000
0.0000000000
-0.0000000000
0.0000000084
0.0000000000
0.0000000000
0.0000000000
-0.0000000000
0.0000000000
0.0000000000
-0.0000000000
0.0000000000
0.0000000000
-0.0000000000
0.0000000000
-0.0000000000
0.0000000000
0.0000000000
-0.0000000000
0.0000000000
-0.0000000000
-0.0000000000
-0.0000000000
-0.0000000000
0.0000000000
0.0000000003
-0.0000000000
0.0000000000
0.0000000000
-0.0000000000
0.0000000000
-0.0000000000
0.0000000000
0.0000000000
-0.0000000000
-0.0000000000
0.0641044900
-0.0000000000
-0.0000000000
0.0054277955
-0.0000000000
0.0005415856
-0.0000000000
-0.0000000000
-0.0000000000
-0.0000000000
0.0000000000
0.0000000000
0.0000000000
0.0000000000
0.0000000000
-0.0000000000
0.0000000000
-0.0000000000
-0.0000000000
0.0000000000
-0.0000000000
-0.0000000000
0.0000000000
0.0000000000
-0.0000000000
-0.0000000000
0.0000000000
0.0000000000
0.0000000000
-0.0000000000
-0.0000000000
0.0000000000
0.0000355334
0.0000000000
0.0000000000
-0.0000000000
0.0000000000
0.0000000000
-0.0000000000
-0.0000000000
0.0000000000
-0.0000000000
0.0000000000
-0.0000000166
0.0000000000
-0.0000000000
-0.0000000000
0.0000000000
0.0000000000
0.0000000000
0.0000000000
0.0000000000
-0.0000000000
0.0032081020
0.0000000000
0.0000000000
0.0000000000
0.0000000000
-0.0000000000
0.0000000000
0.0000000000
0.0000000000
-0.0000000000
0.0000000000
0.0000000000
-0.0000000000
0.0000000000
-0.0000000000
0.0000000000
0.0000000000
0.0000000000
-0.0000000000
0.0000000000
0.0000001075
-0.0000000000
-0.0000000000
0.0000000000
0.0000000022
-0.0000000000
0.0000000000
-0.0000000000
0.0000000000
-0.0000000000
-0.0000000000
-0.0000000000
0.0000000000
-0.0000000000
0.0000000000
-0.0000000000
-0.0000000000
0.0000000000
-0.0000000000
-0.0000000000
-0.0000000000
0.0000000000
0.0000000000
-0.0000000000
-0.0000000000
0.0000000000
0.0000000000
0.0000000000
-0.0000000000
-0.0000000000
0.0000000000
-0.0000000000
-0.0000000000
-0.0000000000
0.0000000000
0.0000000001
0.0000071991
-0.0000000000
0.0000000000
0.0000000000
0.0000000000
-0.0000000000
0.0000000000
0.0000000000
0.0000000000
0.0000000000
-0.0000000000
0.0000000000
-0.0000000000
0.0000000000
-0.0000000000
-0.0000000000
0.0000000000
0.0000000000
0.0000000000
-0.0000000000
0.0000000000
0.0000000000
0.0000000000
0.0000000000
0.0000000000
-0.0000000000
-0.0000000000
0.0000000000
-0.0000000000
-0.0000000000
-0.0000000000
-0.0000000000
-0.0000000000
0.0000000000
0.0000000000
-0.0000000000
-0.0000000000
-0.0000000000
-0.0000000000
0.0000000000
-0.0000000000
-0.0000000000
-0.0000000018
-0.0000000000
-0.0000000000
0.0000004525
0.0000000000
-0.0000000000
-0.0000000000
-0.0000000000
0.0000000000
-0.0000000000
0.0000000000
0.0000000000
-0.0000000000
0.0000000000
-0.0000000000
0.0000000000
-0.0000000000
-0.0000000000
0.0000000000
-0.0000000000
0.0000000000
0.0000000000
0.0000000000
-0.0000000000
-0.0000000000
-0.0000000000
-0.0000000000
-0.0000000000
0.0000000000
-0.0000000000
-0.0000000000
0.0000000000
-0.0000000000
-0.0000000000
0.0000000000
-0.0000000000
0.0000000000
0.0000000000
-0.0000000000
-0.0000000000
0.0000000000
-0.0000000000
0.0000000000
-0.0000000000
0.0000000000
-0.0000000000
0.0000000027
-0.0000000000
-0.0000000000
0.0000000000
-0.0000000000
-0.0000000000
0.0000000000
0.0000000000
0.0000000000
0.0000000000
0.0000001273
-0.0000000000
0.0000000000
0.0000000000
0.0000000000
-0.0000000000
-0.0000001042
-0.0000000000
0.0000000000
0.0000000000
-0.0000000000
0.0000000000
0.0000000000
0.0000000000
-0.0000000000
-0.0000000000
0.0000000000
0.0000000000
0.0000000000
0.0000000000
0.0000000447
-0.0000000000
0.0000000000
-0.0000000000
0.0000000000
-0.0000000000
0.0000000000
0.0024977953
0.0000000000
0.0000000000
0.0000000000
0.0000000000
0.0000027952
-0.0000000000
-0.0000000000
0.0000000000
-0.0000000000
-0.0000000000
0.0000000000
-0.0000000000
-0.0000000000
0.0000000000
-0.0000000000
-0.0000000000
0.0000000000
0.0000000000
-0.0000000000
-0.0000000000
-0.0000000000
-0.0000000000
-0.0000000000
-0.0000000000
-0.0000000000
0.0000000000
0.0000000042
-0.0000000000
-0.0000000000
0.0000000000
-0.0000000000
0.0000000000
-0.0000000000
0.0000000000
0.0000000000
-0.0000000000
0.0000000000
0.0000000000
0.0000000000
0.0000000000
0.0000000000
-0.0000000000
-0.0000000000
0.0000000000
-0.0000000002
-0.0000000000
-0.0000000000
0.0000000000
0.0000000016
-0.0000000000
-0.0000000000
0.0000000000
-0.0000000000
0.0000000000
0.0000000000
-0.0000000000
0.0000000000
0.0000000000
0.0000000000
0.0000000000
0.0000000000
0.0000000000
0.0000000000
-0.0000000000
-0.0000000000
0.0000006904
-0.0000000000
-0.0000000000
0.0000000000
0.0000000000
0.0000000001
0.0023808819
-0.0000000000
-0.0000000000
0.0000000000
-0.0000000000
0.0000080709
0.0000000000
-0.0000000000
-0.0000000000
0.0000000000
0.0000000000
0.0000000000
0.0000000000
0.0000000000
-0.0000000000
-0.0000000000
-0.0000000000
-0.0000000000
-0.0000000000
0.0000000000
0.0000000000
-0.0000000000
-0.0000000000
-0.0000000000
-0.0000000000
-0.0000000000
-0.0000000000
0.0000000000
-0.0000000000
-0.0000000000
0.0000000000
-0.0000000000
0.0000000000
-0.0000000000
0.0000000000
-0.0000000000
-0.0000000000
-0.0000017885
-0.0000000000
-0.0000000000
-0.0000000000
0.0000000000
0.0000000000
0.0000000000
-0.0000000000
-0.0000000000
0.0000000000
-0.0000000000
0.0000000000
-0.0000000000
0.0000001593
-0.0000000000
0.0000000000
-0.0000000000
-0.0000000003
-0.0000000000
0.0000002233
-0.0000000000
0.0000000000
-0.0000000000
0.0000000000
-0.0000000000
0.0000000000
-0.0000000000
-0.0000000000
-0.0000000000
0.0000000000
0.0000000000
0.0000000000
-0.0000000000
-0.0000000000
0.0000000000
0.0000000000
0.0000000000
0.0000000178
0.0000000000
0.0000000000
0.0000000000
0.0000000000
0.0000000000
0.0000000000
-0.0000041285
-0.0000000000
-0.0000000000
-0.0000000022
0.0000000000
-0.0000000000
-0.0000000054
-0.0000000000
-0.0000000000
0.0000000000
0.0000000000
0.0000000000
-0.0000000000
0.0000000000
0.0000000000
-0.0000000000
0.0000000000
-0.0000000000
-0.0000000000
0.0000000000
-0.0000000000
-0.0000000000
0.0000189222
0.0000000000
0.0000000014
-0.0000000000
-0.0000000000
0.0000000000
-0.0000000000
-0.0000000000
-0.0000000000
-0.0000000000
-0.0000000000
0.0000000000
0.0000000000
0.0000000000
-0.0000000000
0.0006013107
0.0000000000
-0.0000000000
0.0000000000
0.0000000000
-0.0000000000
0.0000000000
0.0172596816
-0.0000000000
0.0000000000
-0.0000000000
0.0000000000
-0.0000000000
0.0000000000
-0.0000000000
-0.0000000000
-0.0000000000
0.0000000000
-0.0000000000
-0.0000000000
0.0000000000
-0.0000000000
0.0422559865
0.0003862348
0.0000000008
-0.0000000000
-0.0000000000
0.0000000000
-0.0000000000
0.0000000000
0.0000000000
-0.0000000000
0.0000000000
-0.0000000000
-0.0000000000
0.0000000000
0.0000000000
-0.0000000000
-0.0000000000
-0.0000000000
-0.0000000000
0.0001379464
0.0000000000
-0.0000000000
0.0000000000
0.0000000000
0.0000000000
0.0000000000
0.0000000000
0.0000000000
0.0000000000
0.0000000000
-0.0000000000
0.0000578935
-0.0000000000
0.0000007737
-0.0000000000
0.0000000000
0.0000000000
-0.0000000000
-0.0000000000
-0.0000000000
-0.0000000000
-0.0000000000
0.0000000000
-0.0000000000
0.0000000000
0.0000000000
-0.0000000000
-0.0000000000
-0.0000000000
0.0000000000
-0.0000000000
-0.0000000000
0.0000000000
-0.0000000000
0.0000000000
0.0000000000
-0.0000000000
0.0000000000
0.0000000000
0.0000000000
-0.0000000000
0.0000000000
0.0000000000
0.0443346612
-0.0000000000
-0.0000000000
-0.0000000000
0.0000000000
0.0000000000
0.0000000000
0.0000000000
-0.0000000000
-0.0000000000
-0.0000000000
-0.0000000000
-0.0000000000
-0.0000000000
0.0000002229
-0.0000000000
0.0000000000
-0.0000000000
0.0000000000
-0.0000000000
-0.0000000000
0.0000000000
-0.0000000000
-0.0000000000
-0.0000000000
0.0000000000
-0.0000000000
0.0000001148
-0.0000000001
0.0000000000
-0.0000000000
-0.0000000000
-0.0000000000
-0.0000000000
-0.0000000000
0.0000295519
0.0000000000
0.0000000000
-0.0000000000
0.0000000000
0.0000000000
-0.0000000000
-0.0000000000
0.0000000000
0.0000000000
0.0000000000
-0.0000000000
0.0000000000
0.0000000000
-0.0000000000
0.0000000000
0.0000003539
-0.0000000000
-0.0000000000
0.0000000000
0.0695940629
-0.0000000000
-0.0000000000
-0.0000000000
-0.0000000000
-0.0000000000
-0.0000000000
-0.0000000000
-0.0000000000
0.0000000000
0.0000000000
0.0000000000
0.0000000000
0.0000000000
-0.0000000000
0.0000000000
-0.0000000000
0.0000000000
0.0000000000
0.0000000000
-0.0000000000
-0.0000000000
-0.0000000000
0.0000000000
-0.0000000000
0.0000000000
-0.0000000000
-0.0000000000
0.0000000000
0.0000000000
0.0000000000
-0.0000000000
0.0000000000
-0.0000000000
0.0000072959
0.0000000000
0.0000094613
0.0000000000
0.0000000000
0.0000000000
0.0631464496
-0.0000000000
-0.0000000000
0.0000000000
0.0000000011
0.0000000000
-0.0000000000
0.0000000000
-0.0000000000
0.0000000000
0.0000000000
0.0000000000
-0.0000000000
0.0000000000
-0.0000000000
0.0000000000
0.0000000000
0.0000000000
0.0000000000
0.0000000000
0.0000000000
0.0000000000
0.0000000000
0.0000000000
-0.0000000000
0.0000000000
-0.0000000000
0.0000000000
0.0000000001
0.0000000000
0.0000000000
0.0000000000
0.0002213050
0.0000000000
0.0000000000
0.0000000000
-0.0000003689
0.0000000000
-0.0000000000
0.0000000000
-0.0000000000
0.0000000000
-0.0000000000
0.0000000000
-0.0000000000
-0.0000000000
-0.0000000000
-0.0000000000
-0.0000000000
-0.0000000000
0.0000000000
0.0000000000
0.0000000000
0.0000000000
0.0000000000
0.0000707897
-0.0000000000
0.0000000000
0.0000000000
0.0485718697
0.0026640056
0.0000000000
0.0000000000
0.0000258374
-0.0000000000
-0.0000000000
-0.0000000000
-0.0000000000
0.1150026545
0.0000000000
0.0000000000
-0.0000000000
0.0000000000
0.0038230964
0.0000000000
-0.0000000000
-0.0000000000
0.0000000004
0.0000000000
0.0000000000
0.0000000000
0.0000000000
-0.0000000000
0.0001135192
0.0000000000
-0.0000000000
-0.0000000021
-0.0000000000
-0.0000000000
-0.0000000000
-0.0000000000
-0.0000000000
-0.0000000000
0.0000000000
-0.0000000000
0.0000000000
-0.0000000000
0.0000000006
-0.0000000000
0.0000000000
-0.0000000000
-0.0000000000
0.0000000000
-0.0000000000
-0.0000000000
0.0000000000
0.0000000000
0.0000000000
-0.0000000000
0.0001119583
-0.0000000000
0.0000000000
0.0000000000
-0.0000000000
-0.0000000000
-0.0000000000
0.0000000000
0.0000000000
-0.0000000000
-0.0000000000
0.0032148978
-0.0000000000
0.0187857300
-0.0000000000
0.0000000000
0.0000000000
-0.0000000000
0.0000000000
0.0000000000
0.0000000000
0.0000000000
0.0000000000
0.0000000000
0.0000000000
0.0000000000
0.0000000000
0.0000000000
0.0000000000
-0.0000000000
-0.0000000000
-0.0000000000
0.0000000000
-0.0000000001
0.0000000000
-0.0000000000
0.0000000000
0.0000000000
-0.0000000000
-0.0000000000
0.0000000000
-0.0000000000
0.0000000003
-0.0000000000
0.0000000000
0.0000000000
-0.0000000000
0.0000000000
0.0000000000
0.0000000000
0.0000000000
-0.0000000000
-0.0000000000
0.0000000000
-0.0000000000
-0.0000000000
0.0000000000
-0.0000000000
-0.0000000000
0.0000000000
-0.0000000000
-0.0000000000
0.0000000000
-0.0000000000
-0.0000000000
-0.0000000000
0.0000000000
-0.0000000000
-0.0000000000
-0.0000000000
0.0000000000
0.0000000000
0.0000000000
0.0000000000
0.0000000288
0.0000001052
-0.0000000000
-0.0000000000
-0.0000000000
0.0025375269
0.0000000000
0.0000000000
-0.0000000000
-0.0000000000
0.0000000000
0.0000000000
-0.0000000000
-0.0000000000
0.0000000000
-0.0000000000
0.0000000000
0.0135941887
0.0000000000
-0.0000000000
0.0000000000
0.0000000000
0.0097757494
0.0000000000
0.0000000000
-0.0000000000
0.0000000000
-0.0000000000
-0.0000000000
-0.0000000000
0.0000000001
0.0000000000
0.0000000000
0.0000001076
-0.0000000000
0.0000000000
0.0000000000
0.0000000000
0.0000000000
-0.0000000000
0.0000000000
0.0008411168
-0.0000000000
0.0000000000
0.0000000000
0.0000000000
-0.0000000000
-0.0000000000
0.0000000000
0.0000000000
-0.0000000000
0.0000000000
0.0000000000
0.0004136384
-0.0000000000
-0.0000000000
0.0000000000
-0.0000000000
0.0000000000
0.0000000000
0.0000000000
0.0000000000
-0.0000000000
0.2881422341
0.0000000000
0.0000000000
0.3404177427
-0.0000000000
-0.0000000000
0.0000000000
0.0000000000
-0.0000000000
0.0000000000
-0.0000000000
-0.0000000000
0.0000009388
-0.0000000000
0.0000000000
0.0000006181
0.0000000116
0.0000000000
-0.0000000000
0.0000000000
0.0000000000
-0.0000000000
0.0017109872
0.0000000000
0.0000000000
0.0000000000
-0.0000000000
0.0000045804
-0.0000000000
-0.0000000000
0.0000000000
0.0000000000
-0.0000000000
-0.0000000000
-0.0000000000
-0.0000000000
-0.0000000000
-0.0000000000
-0.0000000000
0.0000000000
-0.0000000000
-0.0000000000
-0.0000000000
0.0000001262
0.0000000159
0.0000000000
0.0000000000
0.0000000000
0.0000000000
0.0000000975
-0.0000000000
0.0000000000
0.0000000000
0.0000000649
0.0000114660
0.0000000000
0.0000000000
-0.0000000000
-0.0000000000
-0.0000000000
0.0000000000
-0.0000000000
0.0000000000
0.0000000000
0.0000000000
0.0000000000
-0.0000000000
0.0000000000
0.0000000000
0.0000000000
0.0000000000
0.0000000000
0.0000000000
0.0000000000
-0.0000000000
0.0059749712
-0.0000000000
0.0000000000
0.0000000000
-0.0000000000
-0.0000000000
-0.0000000000
-0.0000000000
-0.0000000000
-0.0000000000
-0.0000000000
-0.0000000000
-0.0000000000
0.0000000000
-0.0000000000
-0.0000000002
-0.0000000000
0.0000000000
0.0000000000
0.0000000000
0.0000000000
0.0000000000
0.0000000000
0.0000000000
-0.0000000000
0.0000000000
0.0000000000
-0.0000000000
0.0000000000
0.0000000000
-0.0000000000
-0.0000000000
-0.0000000000
-0.0000000000
0.0000000000
-0.0000000000
0.0000000000
-0.0000000000
0.0000000000
0.0000000000
0.0000000000
0.0000000000
-0.0000000000
-0.0000000000
-0.0000000000
-0.0000000614
0.0000000001
0.0000000000
0.0000000000
-0.0000000000
-0.0000000000
-0.0000000000
0.0000000000
0.0000000000
-0.0000000000
0.0000000000
-0.0000000000
-0.0000000000
-0.0000000000
-0.0000000000
-0.0000000000
-0.0000000000
-0.0000000000
0.0000000129
0.0000000000
-0.0000000000
0.2438048720
-0.0000000000
0.0000000000
-0.0000000000
0.0000000000
0.0000000000
0.1769806445
-0.0000000000
-0.0000000000
-0.0000000000
0.0013074188
-0.0000000000
-0.0000000000
-0.0000000000
0.0000004438
-0.0000000000
-0.0000000000
0.0000000000
0.0000000000
-0.0000000000
-0.0000000000
0.0000000000
-0.0000000000
0.0000000000
-0.0000000000
-0.0000000000
0.0000000000
-0.0000000000
-0.0000000000
0.0000000000
0.0000000000
-0.0000000000
0.0000000000
0.0000000000
-0.0000000000
0.0000000000
-0.0000000000
-0.0000000000
0.0000000001
-0.0000004623
-0.0000000000
-0.0000000000
0.0000000000
-0.0000000000
-0.0000000000
-0.0000000000
-0.0000000000
0.0000000000
-0.0000000000
-0.0000000000
-0.0000000000
0.0000000000
0.0000000000
0.0000000000
-0.0000000000
-0.0000000000
-0.0000000000
-0.0000000000
-0.0000000000
-0.0000000000
0.0000000000
0.0000000000
0.2909679413
0.0000000000
-0.0000000000
-0.0000000000
0.0000000000
0.0000000006
-0.0000000000
-0.0000000000
0.0547208562
0.2906703353
0.0000000000
0.0000000000
-0.0000000000
0.0000000000
0.0000274010
0.0000000000
0.0000000000
-0.0000000000
0.0000000000
0.0000000000
-0.0000000000
0.0000000000
-0.0000000000
-0.0000000000
-0.0000000000
0.0000000000
0.0000000000
-0.0000000000
0.0000000000
-0.0000000000
-0.0000000000
-0.0000000000
0.0000000000
0.0000000000
-0.0000000000
0.0000000010
0.0000000000
0.0000000000
-0.0000000000
-0.0000000000
-0.0000000000
-0.0000000000
0.0000000000
-0.0000000000
0.0000000000
-0.0000000000
0.0000000000
-0.0000000000
0.0000000000
-0.0000000000
-0.0000000000
0.0000000000
-0.0000000000
0.0156895258
-0.0000000000
-0.0000000000
0.2034105808
0.0000000000
0.0000000000
-0.0000000000
-0.0000000000
-0.0000000000
0.0000000000
0.0000000000
0.0000000000
0.0000000000
0.0000000000
0.0000000000
-0.0000000000
0.0000000000
-0.0000000000
0.0000000000
0.1864559352
-0.0000000000
0.0000000000
0.0000000000
0.0000000000
-0.0000000000
0.2070845962
0.0000000000
-0.0000000000
-0.0000000000
0.0000000000
0.0000000000
-0.0000000000
0.0000000000
-0.0000000000
0.0000000000
0.0000000000
-0.0000000000
0.0000000000
0.0000000000
0.0000000000
0.0000000005
0.0000000000
0.0000000000
0.0002476279
0.0000000034
0.0000000000
0.0000000000
0.0000000000
-0.0000000000
0.0000000000
-0.0000000000
0.0000000000
-0.0000000000
-0.0000000000
-0.0000000000
-0.0000000000
0.0000676785
-0.0000000000
-0.0000000000
0.0000000000
0.0000000000
-0.0000000000
0.0000000000
-0.0000000000
-0.0000000000
-0.0000000000
0.0000000000
-0.0000000000
0.0000000000
0.0000000000
0.0000000000
0.0000000000
-0.0000000000
0.0000000000
0.0000000000
-0.0000000000
0.0000000000
0.0150484908
-0.0000000000
-0.0000000000
-0.0000000000
-0.0000000000
0.0000081385
0.0000000000
-0.0000000000
-0.0000000000
-0.0000000000
0.0000000000
0.0000000000
0.0000000000
0.0022545536
0.0000000000
0.0000000000
-0.0000000000
0.0002171205
-0.0000000000
0.0000000000
0.0000000000
-0.0000000000
0.0000000000
-0.0000000000
-0.0000000000
0.0000000000
0.0000000000
0.0000000000
0.0000085698
0.0000210932
0.0000641046
-0.0000000000
0.0000000026
0.0000000000
0.0000000000
-0.0000000000
-0.0000000000
-0.0000000000
0.0000004477
0.0000000000
-0.0000000000
0.0000000000
-0.0000000000
-0.0000000000
-0.0000000000
0.0000000000
-0.0000000000
-0.0000000000
-0.0000000000
0.0009810402
-0.0000000000
-0.0000000000
-0.0000000000
0.2534309626
-0.0000000000
0.0000000000
-0.0000000000
-0.0000000000
0.0000000000
-0.0000000000
0.0000000000
0.0000000000
0.2602476776
-0.0000000000
-0.0000000000
-0.0000000000
-0.0000000000
0.0000000000
-0.0000000000
0.0000000000
0.0000000000
-0.0000000000
-0.0000000000
0.0000000000
0.3028849065
0.0000000000
0.0000000000
0.0000000000
0.0000000000
0.0000000000
0.0000000000
-0.0000000000
0.0000000000
0.0000000000
0.0000000027
0.0000000000
0.0000000000
-0.0000000000
0.0000000000
0.0000000000
0.0000161408
0.0000332212
-0.0000000000
-0.0000000000
0.0000000000
-0.0000000000
-0.0000000000
0.0365469120
0.0000000000
0.0000000000
-0.0000000000
0.0000000000
0.0000000000
0.0000000000
0.0000000000
0.0000000000
0.0000000000
0.0000000000
-0.0000000000
0.0002939078
-0.0000000000
0.0000000000
-0.0000000000
0.0000000649
-0.0000000000
0.0000000000
0.0000000000
-0.0000000000
-0.0000000000
-0.0000000000
0.0000000000
0.0031801390
0.0000000000
-0.0000000000
0.0005213187
-0.0000000000
0.0000000000
-0.0000000000
0.0000000000
0.0000000000
0.0000000000
-0.0000000000
-0.0000000000
0.0000000002
0.0000000000
0.0000000000
0.0000000000
-0.0000000000
0.0000000000
-0.0000000000
-0.0000000000
0.0000000000
0.0000000000
0.0000000000
0.0000000000
0.0017350685
0.0000000000
0.0000000000
-0.0000000000
-0.0000000000
-0.0000000000
0.0000000000
-0.0000000000
0.0000000002
-0.0000000000
0.0000000000
0.0000000000
-0.0000000000
0.0000000000
0.0000000000
-0.0000004212
-0.0000000000
0.0000000068
0.0000000000
0.0000000317
0.0000000000
-0.0000000000
0.0000000000
0.0000000000
0.0000000000
0.0000000000
0.0000000000
-0.0000000000
-0.0000000000
0.0000304433
-0.0000000000
-0.0000000000
-0.0000000000
-0.0000000000
-0.0000000000
0.0000000000
-0.0000000000
0.0000000000
-0.0000000000
0.0000000000
0.0000000000
0.0000000000
-0.0000000000
-0.0000000000
0.0000000000
0.0022005532
0.0000000000
-0.0000000000
0.0000000000
0.0000000000
0.0000000000
-0.0000000000
-0.0000000000
-0.0000000000
-0.0000000000
0.3353595138
0.0000000000
0.0000000000
0.0000000000
-0.0000000000
0.0000000000
-0.0000000000
-0.0000000000
0.0000000000
-0.0000000000
0.0000000000
0.0000000000
-0.0000000000
-0.0000000000
-0.0000000000
0.0000000000
-0.0000000000
-0.0000000000
-0.0000000000
-0.0000000000
0.0000000000
0.0000000000
-0.0000000000
0.0000000004
0.0000000002
0.0000588166
-0.0000000000
-0.0000000000
0.0000000000
0.0000000000
0.0000000003
0.0000000000
0.0000000000
0.0000000000
0.0000000000
0.0906560421
0.0039443085
0.2393943369
0.0000000000
0.0059133335
-0.0000000000
-0.0000000000
0.0000000000
-0.0000000000
0.0000009643
-0.0000000000
0.0000000000
0.0079168454
-0.0000000000
0.0000000000
-0.0000000000
0.0000000000
-0.0000000000
-0.0000000000
0.0000000000
0.0000000000
0.0000002200
0.0000000000
-0.0000000000
-0.0000000000
-0.0000000000
0.0000000147
0.0000000000
-0.0000000000
-0.0000000000
-0.0000000000
-0.0000000000
0.0000000000
0.0006838899
0.0000000026
0.0000000369
-0.0000000000
0.0000000000
0.0000000000
0.0000000000
0.0000000000
0.0000000000
-0.0000000000
0.0000000000
-0.0000000000
-0.0000000000
0.0000000000
0.0000000000
0.0000000000
0.0000000000
0.0000002146
-0.0000000000
0.0000000000
0.0000000000
0.0000000000
-0.0000000000
0.0000000000
-0.0000000000
-0.0000000000
0.0000000000
-0.0000000000
0.0003341441
0.0000000000
-0.0000000000
0.0000000000
-0.0000000000
0.0000000000
0.0000000000
-0.0000000000
0.1254394799
-0.0000000000
0.0000000000
-0.0000000000
0.0000000000
0.0000000000
-0.0000000000
0.0000000000
0.0000000000
0.0000000000
0.0000000000
-0.0000000000
-0.0000000000
0.0000000000
0.0000000000
0.0000833231
0.0000000000
0.0000000000
0.0000000000
-0.0000000000
0.0000000000
0.0000000000
-0.0000000000
-0.0000000000
0.0000000000
0.0000000000
-0.0000000000
0.0000000000
-0.0000000000
-0.0000000000
-0.0000000000
0.0000000000
0.0000000000
-0.0000000000
-0.0000000000
-0.0000000000
0.0000000029
-0.0000000000
0.0000000000
-0.0000000000
-0.0000000000
-0.0000000000
0.0000000000
-0.0000000000
0.0000000000
-0.0000000000
0.0000000000
0.0000000000
-0.0000000000
0.0000000000
0.0000000000
-0.0000000000
0.0000000000
-0.0000000000
-0.0000000000
-0.0000000000
-0.0000000000
0.0000000000
-0.0000000000
0.2676398158
-0.0000000000
0.0000000001
0.0000000000
0.0000000000
0.0000000000
0.0000000000
0.0000000000
-0.0000000000
0.0000000000
-0.0000000000
-0.0000000000
-0.0000000000
-0.0000000000
-0.0000000000
0.0000000000
-0.0000000000
-0.0000000000
0.0000000000
-0.0000000000
-0.0000000000
0.0000000000
-0.0000000000
-0.0000000000
0.0000000000
0.0000000000
-0.0000000000
0.0000000000
-0.0000000000
0.0003580894
-0.0000000000
0.0000000000
0.0000000000
0.0000057964
0.0000000000
0.0000000000
-0.0000000000
-0.0000000000
-0.0000000000
0.0000000000
-0.0000000000
0.0000000000
0.0000000000
0.0000000000
0.0000000000
0.0000000000
-0.0000000000
0.0000000000
-0.0000000000
0.0000000000
0.0000000006
0.0000000000
0.0000000000
0.0000000000
-0.0000016899
0.0000000000
0.0000000000
0.0000000000
0.0000000000
-0.0000000000
-0.0000002722
0.0000000000
-0.0000000000
0.0000000000
0.0000000000
0.0000000000
-0.0000000000
0.0000000000
0.0000000000
0.0000000000
0.0000000000
0.0000000000
0.0057204459
0.0000000000
0.0000000000
0.0000000000
0.0000000000
-0.0000000000
-0.0000000000
0.0000000000
-0.0000000000
0.0000000000
0.0000000000
-0.0000000000
0.0000342978
0.0000000000
0.0000000000
-0.0000000000
0.0000000000
0.0000000000
0.0009607592
0.0000000000
-0.0000000000
0.0000000000
-0.0000000000
0.0005547388
-0.0000000000
-0.0000000000
0.0000013359
0.0000000000
-0.0000000000
0.0000000000
0.0000000000
-0.0000000000
-0.0000000000
-0.0000000000
-0.0000000000
0.0000000000
-0.0000000000
0.0000000000
-0.0000000000
-0.0000000000
0.0000000000
-0.0000000000
0.0000000000
-0.0000000000
0.0000000000
-0.0000000000
-0.0000000000
-0.0000000000
0.0097784232
-0.0000000000
0.0000000000
0.0000000000
0.0000000000
-0.0000016480
0.0000000000
0.0153475096
0.0000000000
-0.0000000000
0.0000000000
0.0000000000
-0.0000000000
0.0000000000
0.0000000000
0.0000000000
0.0000000000
-0.0000000000
0.0000000000
0.0000000000
-0.0000000000
0.0000000000
0.0000004255
0.0000000000
0.2681999803
0.0000000000
0.0000000000
-0.0000000000
0.0000000000
-0.0000000000
0.0000000000
-0.0000000000
-0.0000000000
-0.0000000000
0.0000000000
-0.0000000000
-0.0000000000
0.0000000000
-0.0000000000
-0.0000000000
0.0000000000
0.0000920369
0.0000000000
0.0000000000
0.0000000000
0.0000000501
0.0000000000
0.0000000000
-0.0000000000
0.0000000000
-0.0000000000
-0.0000000000
0.0000000000
-0.0000000000
0.0000000000
-0.0000000000
-0.0000000000
-0.0000000000
0.0000000000
-0.0000000000
0.0000000000
-0.0000000000
0.0000000000
0.0000000000
0.0000000000
0.0000000000
-0.0000000000
-0.0000000000
-0.0000000000
-0.0000000000
-0.0000000000
0.0076372614
0.0000000000
-0.0000000000
0.0000000000
-0.0000000000
0.0000000000
0.2412159741
0.0000000000
0.0000000000
0.0000000000
0.0000000000
0.0000000000
0.0000000000
-0.0000000000
0.0000000000
-0.0000000000
-0.0000000000
0.0000000000
0.0000000000
0.0000000000
0.0000000000
0.2791725993
0.0000000000
0.0000000000
-0.0000000000
-0.0000000000
-0.0000000000
-0.0000000000
0.0609587431
0.0000000000
-0.0000000000
0.0000000247
0.0000000000
0.0000000000
0.0000000000
-0.0000000000
0.0000000000
-0.0000000000
0.0000000000
-0.0000000000
-0.0000000000
-0.0000000000
0.0000000000
-0.0000000000
-0.0000000000
-0.0000000000
0.0000000000
0.0000000000
-0.0000000000
-0.0000000000
0.0000000000
-0.0000000000
0.0000000000
0.0000000000
0.0000000000
-0.0000000000
-0.0000398502
0.0000000000
0.0000000000
-0.0000000000
-0.0000000000
-0.0000000000
0.0051255720
0.0000108617
-0.0000000000
-0.0000000000
-0.0000000000
0.0000000000
-0.0000000000
-0.0000000000
0.0577122569
0.0000000000
0.0000000000
-0.0000000000
-0.0000000000
-0.0000000000
0.0000000000
-0.0000000000
-0.0000000000
-0.0000000000
0.2846126854
0.0000000000
0.0000000000
0.0000000000
-0.0000000000
0.0000000000
-0.0000000000
-0.0000000000
0.0000000000
-0.0000000000
0.0000000000
0.0000000000
0.0000000000
0.0000000000
-0.0000000000
0.0000000000
-0.0000000000
0.0003749617
0.0000000000
-0.0000000000
0.4026993811
0.0000008754
0.0000245113
0.0000558336
0.0000000000
-0.0000000000
0.0000000000
0.0000000000
-0.0000000000
0.0000000000
0.0000000000
0.0000000000
-0.0000000000
0.0000000000
0.0000000000
-0.0000000000
-0.0000000000
-0.0000000000
-0.0000000000
-0.0000000000
0.0000000000
0.0000000000
0.0000000000
-0.0000000000
0.0000000000
0.0000000000
-0.0000000000
0.0000000000
0.0000000000
0.2525553703
-0.0000000000
0.0018040065
0.0000000000
0.1173886508
0.0000000000
-0.0000000000
-0.0000000000
0.0000000000
-0.0000000000
0.0000000000
-0.0000000000
-0.0000000000
-0.0000000000
0.0000000000
0.0000000000
0.0000000000
-0.0000000000
-0.0000000000
-0.0000000000
-0.0000000000
0.0000000000
0.0000000000
-0.0000000000
-0.0000000000
-0.0000000000
0.0000000000
0.0000000000
0.0006508168
0.0000000000
-0.0000000000
-0.0000000000
0.0000000000
0.0000000000
0.0000000000
0.0000000000
-0.0000000000
-0.0000000000
0.0000000000
0.0000000000
0.0000000000
-0.0000000000
-0.0000000000
0.0000000000
-0.0000000000
-0.0000000000
-0.0000000000
-0.0000000000
0.0000000000
0.0000000000
-0.0000000000
0.0000000000
0.0000000000
0.0000000000
-0.0000000000
-0.0000000000
-0.0000000000
-0.0000000000
-0.0000000000
0.0000000000
-0.0000000000
0.0000000014
-0.0000000000
0.0000000000
-0.0000000000
0.0000000000
-0.0000000000
-0.0000000000
-0.0000000000
0.0000000000
-0.0000000000
0.0000000000
0.0000000000
-0.0000000000
-0.0000000000
0.0000000000
-0.0000000000
-0.0000000000
0.0000000000
-0.0000000000
0.0000000000
-0.0000000000
0.0000000000
0.0000000000
0.0000000000
0.0000000000
0.0000000000
-0.0000000000
0.0000000000
0.0000000000
0.0000000000
-0.0000000000
0.0000000000
0.0000006289
0.0000000005
-0.0000000000
0.0000000000
0.0000000000
0.0000000000
-0.0000000000
0.0000000000
-0.0000000000
0.0000000000
-0.0000000000
0.0000000000
0.0000000000
0.0000000000
0.0000000000
-0.0000000000
0.0000233320
-0.0000000030
0.0000000000
0.0000000000
-0.0000000000
-0.0000000000
0.0000000000
0.0000000000
-0.0000000000
0.0000000000
0.0000000000
0.0000000000
0.0000000000
0.0000000000
0.0000000000
0.0000000000
0.0000000000
0.0000000009
0.0000000000
0.0000491640
0.0000000000
0.0000000000
-0.0000000000
-0.0000000000
0.0000000000
0.0000000003
-0.0000000000
-0.0000000000
0.0000000000
-0.0000000000
-0.0000000000
-0.0000000000
0.0000000000
-0.0000000000
0.0000000005
0.0000000000
0.0029292121
0.3483481705
0.0000000061
0.0000000000
-0.0000000000
0.0000000000
-0.0000000000
-0.0000000000
-0.0000000000
0.0000000000
0.0000000000
0.0000000000
-0.0000000000
0.0000000095
0.0000000000
0.0000000000
-0.0000000000
0.0000000000
-0.0000000000
-0.0000000000
0.0000000000
0.0000000000
0.0000000000
0.0002479156
0.0000000000
-0.0000000000
0.0000000000
0.0000000000
-0.0000000000
-0.0000000000
-0.0000000000
0.0000000000
-0.0000000000
0.0000000000
-0.0000000000
0.0000000000
0.0000000000
0.0000000000
0.0000000000
-0.0000000000
0.0000000000
0.0000000000
0.0000000000
0.0000000000
0.0169471744
-0.0000000000
0.0000000000
-0.0000000000
0.0000000000
0.0000000286
-0.0000000000
0.0310214814
0.2391219437
0.0000000000
0.0000000000
0.0000000000
-0.0000000000
-0.0000000000
0.0000000000
-0.0000000000
-0.0000000000
-0.0000000000
0.0000000013
-0.0000000000
0.3876905441
-0.0000000000
0.0000000000
0.0000000000
-0.0000000000
0.0000000000
-0.0000000000
0.0000000000
0.0000000000
0.0000000000
-0.0000000000
-0.0000000000
-0.0000000000
0.0000000000
0.0000000000
0.0000000000
0.0000000000
0.0000000000
-0.0000000000
0.0000000000
0.0000000000
-0.0000000000
0.0000000000
0.0000000000
-0.0000000000
-0.0000000000
0.0000000000
0.0000000000
0.0000000000
-0.0000000000
-0.0000000000
0.0000000000
0.0000048560
0.0000000000
-0.0000000000
0.0000000000
-0.0000000000
-0.0000000000
0.0000000000
0.0000000000
-0.0000000000
-0.1706638485
0.0000000000
0.0000000000
0.0000000000
-0.0000000000
-0.0000000000
-0.0000000000
-0.0000000000
-0.0000000000
-0.0000000000
0.0000000000
0.0000000000
0.0000000000
-0.0000000000
-0.0000000000
-0.0000000000
0.0000000000
0.0000000000
0.0000000000
0.0000000000
0.0000000000
0.0000000000
-0.0000000000
-0.0000000000
0.0094638970
-0.0000000000
0.0000274500
-0.0000000000
0.0000000000
-0.0000000000
-0.0000000000
-0.0000000000
0.0000000000
-0.0000000000
-0.0000000000
-0.0000000000
0.0000000000
0.0000000000
0.0142905284
-0.0000000000
0.0000899594
-0.0000000000
0.0021913364
0.0044220751
-0.0000000000
0.0000000000
-0.0000000000
0.0000000000
0.0000000000
-0.0000000000
-0.0000000000
-0.0000000000
0.0000000000
0.0000000000
0.0000000000
0.0000000000
0.0000000000
0.0000000000
0.0000000000
0.0000000000
-0.0000000000
0.0000000000
0.0000000000
0.0000000000
-0.0000000000
0.0000000000
-0.0000000000
0.0000000000
0.0000000000
0.0000000000
0.0559395254
-0.0000000000
0.0000000000
0.0000002824
0.0000000000
0.0234102011
-0.0000000000
0.0000000000
0.0000000000
0.0000000000
0.0000000000
0.0000000000
0.0000000000
0.0000000000
-0.0000000000
-0.0000000000
0.0000000000
-0.0000000000
-0.0000000000
0.0000000000
-0.0000000000
0.0000000000
-0.0000000000
-0.0000000000
0.0000000000
0.0000000000
0.0000000000
0.0000000053
0.0000000000
-0.0000000000
0.0000000000
0.0014468661
0.0007126874
0.0000000000
0.0000000000
0.0000000000
-0.0000000000
0.0000000000
-0.0000000000
-0.0000000000
0.0000000000
0.0000000000
0.0000000000
-0.0000000000
0.0000000000
0.0000000000
-0.0000000000
0.0000000000
0.0010688654
0.0000000000
0.0000000000
0.0000000000
-0.0000000000
-0.0000000000
-0.0000000000
-0.0000000000
0.0000000000
0.0000000000
-0.0000000000
-0.0000000000
-0.0000000000
0.0000000000
0.0000000000
0.0000000000
0.2435453236
0.0000000000
-0.0000000000
-0.0000000000
0.0015740434
0.0000000000
0.0000000000
0.0000000000
-0.0000000000
-0.0000000000
0.0000556707
-0.0000000000
-0.0000000000
0.0000000000
0.0000000000
0.0000000000
-0.0000000000
0.0000000000
0.0000000000
-0.0000000000
0.0000000000
-0.0000000000
-0.0000000000
0.0000000000
0.0000000000
-0.0000000000
-0.0000000000
-0.0000000000
-0.0000000000
0.0000000000
-0.0000000000
0.0000000992
0.0000000000
0.0000000000
0.0000000000
-0.0000000000
0.0000000000
0.0000000000
0.0000000000
0.0000000000
0.0000000000
-0.0000000000
-0.0000001143
-0.0000000000
-0.0000000000
-0.0000000000
0.0000000000
-0.0000000000
-0.0000000000
0.0000000000
0.0019840840
0.0000000000
0.0000000000
-0.0000000000
0.0000000000
-0.0000000000
0.0000000000
-0.0000000000
-0.0000000000
-0.0000000000
-0.0000000000
-0.0000000000
-0.0000000000
0.0000000000
-0.0000000000
0.0014343434
0.1022193208
-0.0000000000
-0.0000000000
-0.0000000000
0.0000000000
-0.0000000000
-0.0000000000
0.0000000000
-0.0000000000
-0.0000000000
0.0000000000
0.0000000000
-0.0000000000
0.0000000000
-0.0000000000
-0.0000000000
-0.0000000000
-0.0000000000
0.0000000000
-0.0000000000
0.0000000000
0.0000000000
0.0000000000
0.0000003181
0.0000000000
0.0000000000
0.0000000143
0.0000000000
-0.0000000000
-0.0000000000
0.0000000000
0.0001243699
-0.0000000000
0.2846949697
0.2720525265
-0.0000000000
-0.0000000000
-0.0000000000
0.0000000000
-0.0000000000
-0.0000000000
-0.0000000000
0.0000000023
0.0000000000
0.0000000000
-0.0000000000
0.0000000000
0.0000000000
-0.0000000000
0.0000003789
-0.0000000000
0.0001229737
-0.0000000000
0.0000000000
0.0000000678
0.0000000000
-0.0000000000
-0.0000000000
-0.0000000000
-0.0000000000
0.1321955621
0.0000041424
-0.0000000000
-0.0000000000
0.0000000000
0.0000000000
0.0000000000
-0.0000000000
-0.0000000000
0.0000000000
0.0000000000
0.0000000000
0.0000000000
0.0000000003
0.0000000000
0.0000000000
0.0000000000
-0.0000000000
-0.0000000000
-0.0000000000
0.0000000000
-0.0000000000
0.0000000000
-0.0000000000
0.0000000000
-0.0000000000
0.0000000000
0.0000000000
0.0000000000
0.0000000000
0.0000000000
0.0000000000
-0.0000000000
0.0000000000
-0.0000000000
0.0000000000
0.0000000000
0.0000000000
0.0000000000
0.0000000000
-0.0000000000
0.0000000005
-0.0000000000
-0.0000000000
0.0000000000
-0.0000000000
0.0000000000
0.0000000000
-0.0000000000
-0.0000000000
0.0000000000
0.0000000000
0.0000000000
-0.0000000000
0.0000000000
0.0000000000
-0.0000000000
-0.0000000000
0.0000000000
0.0000000000
0.0000000000
-0.0000000000
-0.0000000000
-0.0000000000
0.0000000000
0.0000000000
-0.0000000000
-0.0000000000
0.2514376044
0.0000000000
0.0000000000
0.0000000043
0.0000000000
-0.0000000000
0.0000000000
0.0000000000
0.0000000000
-0.0000000000
-0.0000000000
0.0000000000
0.0000000000
0.0000000000
-0.0000000000
-0.0000000000
0.0000000000
-0.0000000000
0.0000000000
0.0000000000
0.0000000000
0.0000000000
-0.0000000000
0.2226630002
-0.0000000000
0.0000000000
0.1709276140
0.0000000000
-0.0000000000
0.0000000000
-0.0000000000
0.0000000012
0.0000000000
0.0000000000
-0.0000000000
-0.0000000000
0.0000000185
0.0000000000
-0.0000000000
0.0000000000
-0.0000000000
-0.0000000000
-0.0000000000
0.0000000000
-0.0000000000
-0.0000000000
0.0011819986
0.0000000000
0.0000000000
0.0000000000
-0.0000000000
0.0000000000
0.0000000000
-0.0000000000
0.0000000000
0.0000000000
-0.0000000000
-0.0000000000
-0.0000000000
-0.0000000000
0.0000000000
0.0000000000
0.0000000000
0.0000000000
0.0000000000
0.0000000000
0.0000000000
0.0000000000
0.0000000000
0.0000000000
0.0000000000
0.0000000000
-0.0000000000
0.0000000000
-0.0000000000
-0.0000000000
-0.0000000000
0.0000000000
-0.0000000000
-0.0000000000
-0.0000000000
-0.0000000000
0.0000000000
-0.0000000000
0.0000000000
-0.0000000000
-0.0000000000
0.0116742821
0.0000000000
0.0000000000
0.0000002668
0.0000000000
-0.0000000000
-0.0000000000
0.0000000000
0.2534475923
0.0000000000
0.0000000000
0.0000000000
-0.0000000000
0.0000000000
0.0000000000
-0.0000000000
0.0000000000
-0.0000000000
0.0000000000
0.0000000000
0.0000000000
0.0000000000
0.0000000000
0.0000000000
0.0000000000
0.0000000000
0.0000000000
0.0000000000
-0.0000000000
0.0000707443
-0.0000000000
0.0000000000
0.0000000000
0.0000000000
-0.0000000000
0.0000000000
-0.0000000000
-0.0000000000
0.0000000000
0.0000000000
-0.0000000000
-0.0000000000
0.0000000001
0.0000000000
0.2929579020
0.0000000000
0.0000000000
-0.0000000000
-0.0000000000
0.0000000000
-0.0000000000
0.0000000000
0.0000000000
0.0000000000
0.0000000000
0.0000000000
-0.0000000000
0.0000000000
-0.0000000000
0.0000000000
0.0000000007
-0.0000000000
0.0000000000
0.0000000000
-0.0000000000
-0.0000000000
0.0000000000
0.0000000000
0.0000289694
0.0000000000
0.0000000000
-0.0000000000
-0.0000000000
0.0000000000
0.0039286991
0.0000000000
0.0000000000
-0.0000000000
-0.0000000000
0.0000000000
-0.0000000000
-0.0000000000
-0.0000000000
-0.0000000000
-0.0000000000
-0.0000000000
0.0000000000
-0.0000000000
0.0000000000
0.0000000000
-0.0000000000
0.0000000000
0.0000000000
0.0000000000
0.0000000000
0.0044841310
-0.0000000000
0.0000000000
-0.0000000000
0.0000000000
-0.0000000000
0.0000000000
-0.0000000000
-0.0000000000
-0.0000000000
0.0001032000
0.0001356636
0.0317215621
-0.0000000000
0.0000000002
-0.0000000000
0.0000736860
0.0000000000
-0.0000000000
0.0000000000
0.0000000000
-0.0000000000
0.0000000000
0.0000000000
-0.0000000000
-0.0000000000
-0.0000000000
-0.0000000000
-0.0000000000
0.0000000000
-0.0000000000
-0.0000000000
0.0000000000
0.1957942545
-0.0000000000
-0.0000000000
0.0000171866
-0.0000000000
0.0000000000
0.0000024921
0.0000000000
0.0000000000
-0.0000000000
-0.0000000000
0.0000000000
0.0000000000
0.0000000000
0.0000000000
-0.0000000000
0.0000000000
-0.0000000000
0.0000000000
0.0000000000
0.0000000000
0.0000000000
-0.0000000000
0.0000000000
-0.0000000000
-0.0000000000
-0.0000000000
-0.0000000000
-0.0000000000
-0.0000000000
0.0000000000
0.0000000000
0.0000000000
-0.0000000000
0.0000000000
0.0000000000
-0.0000000000
0.0000000000
0.0000000000
0.0000002547
0.0000000000
0.2531541884
0.0000000000
-0.0000000000
0.0000000000
0.0000000000
-0.0000000000
-0.0000000000
-0.0000000000
-0.0000000000
0.0000000000
0.0000000000
0.0000000000
-0.0000000000
-0.0000000000
0.1576628238
-0.0000000000
0.0000000000
-0.0000000000
0.0000000000
0.0000000000
0.0000000000
0.0000000000
-0.0000000000
0.0000000000
0.0000000000
-0.0000000000
0.0000000000
-0.0000000000
-0.0000000000
-0.0000000000
0.0000000001
0.0000000000
0.0000000000
0.0000000000
-0.0000000000
0.0000000000
0.0000006302
-0.0000000000
0.0000000000
0.0000000000
-0.0000000000
-0.0000000000
0.0000000000
0.0000000000
0.0000000000
-0.0000000000
-0.0000000000
-0.0000000000
0.0000000000
0.0000000000
0.0000000016
0.0000000000
-0.0000000000
-0.0000000000
-0.0000000000
0.0000000000
0.0000000000
0.0000000000
0.0000000000
0.0000000001
-0.0000000000
0.0000000000
-0.0000000000
-0.0000000000
-0.0000000000
-0.0000000000
-0.0000000000
0.0000033330
0.0000000000
0.0000000000
-0.0000000000
-0.0000000000
0.2340689152
0.0000000125
-0.0000000000
0.0000000000
0.0013709614
-0.0000000000
0.0000000000
0.0000000000
0.0000000000
0.0000000000
0.0000000000
0.1559579223
-0.0000000000
0.0000274829
0.0000000000
0.2452922165
-0.0000000000
0.0000000000
0.0064605260
0.0000000000
0.0000000000
-0.0000000000
0.0000429586
-0.0000000000
0.0000000000
-0.0000000000
-0.0000000000
-0.0000000000
0.0000000000
0.0000000000
0.0000000000
-0.0000000000
0.0000000000
-0.0000000000
0.0000000092
0.0000000000
-0.0000000000
0.0000000000
-0.0000000000
0.0000000000
0.0000000000
0.0000000000
0.0000000022
0.0000001582
-0.0000000004
-0.0000000000
0.0000000000
-0.0000000000
-0.0000000000
-0.0000000000
0.0000416583
-0.0000000000
0.0000000000
0.0000000000
0.0000000000
0.0000000000
-0.0000000000
-0.0000000000
0.0000000000
-0.0000000000
-0.0000000000
0.0000000000
0.0000000000
-0.0000000000
-0.0000000000
0.0000000000
0.0000000000
0.0000000000
-0.0000000000
0.0000000000
0.0005510268
0.0000000000
0.0000000000
0.0000000000
-0.0000000000
-0.0000000000
0.0000000000
-0.0000000000
0.0000000000
0.0000000000
-0.0000000000
-0.0000000000
0.0000000259
0.0000000000
0.0000000079
0.0000000000
0.0000000000
0.0000000000
0.0000000000
-0.0000000000
0.0000000000
-0.0000000000
-0.0000000000
-0.0000000000
0.0000000000
0.0000000000
0.0000000000
0.0000000000
-0.0000000000
-0.0000000000
0.0000000000
0.0000000000
-0.0000000000
-0.0000000000
-0.0000000000
-0.0000000000
-0.0000000000
-0.0000000000
-0.0000000000
-0.0000000000
-0.0000000000
0.0000000000
-0.0000000000
-0.0000000000
0.0000000000
-0.0000000000
-0.0000000000
0.0000000000
0.0000000000
0.0000000000
0.0000000000
0.0000000000
-0.0000000000
0.0000000000
0.0000000000
0.2961045802
-0.0000000000
0.0000000000
-0.0000000000
0.0000000000
-0.0000000000
-0.0000000000
0.0000247064
0.0000000000
0.0000000000
0.0000284688
0.0000000000
0.0000000512
-0.0000000000
0.2476194203
0.0000024232
0.0000000000
0.1203244105
0.0000000624
0.0720345005
0.0000000000
0.0000000000
0.0000002123
-0.0000000000
-0.0000000000
0.0000000000
0.0000000000
-0.0000000000
0.0000000000
-0.0000000000
0.0000000000
0.0000000000
0.0000000000
-0.0000000000
0.0000000000
-0.0000000000
0.0000000000
0.0000000023
-0.0000000000
-0.0000000000
0.0000000116
-0.0000000011
-0.0000000000
-0.0000000000
-0.0000000000
-0.0000000000
0.0000000000
0.0000000000
-0.0000000000
0.0000000000
0.0000000000
0.0000000000
0.0000000000
0.0000000000
-0.0000000614
-0.0000000000
0.0000000000
0.0000000000
-0.0000000000
0.0000000000
0.0000000000
0.0000000000
0.0000000000
-0.0000000000
0.0000000000
0.0000175893
0.0000000000
-0.0000000000
-0.0000000000
0.0000000471
0.3046996891
0.0000000000
-0.0000000000
0.0000000000
-0.0000000000
0.0000000000
0.0000000000
0.0000000000
0.0000000000
-0.0000000000
0.0000000000
0.2226493955
0.0000000000
0.0000000000
-0.0000000000
-0.0000000000
0.0000000000
0.0000000000
0.0000000000
0.0000000000
0.0000000000
-0.0000000000
-0.0000000000
-0.0000000000
-0.0000000000
0.0000000210
-0.0000000000
0.0000000000
-0.0000000000
-0.0000000000
-0.0000000000
0.0000000000
0.0000000000
0.0000000000
0.0000000000
0.0000000000
-0.0000000000
-0.0000000000
0.0000000000
0.0000000000
-0.0000000000
0.0000000000
-0.0000000000
0.0000000000
-0.0000002179
0.0000000000
-0.0000000000
-0.0000000000
0.0000000000
0.0000000000
0.0000000000
-0.0000000000
0.0000000000
-0.0000000000
-0.0000000000
0.0007300749
-0.0000000000
0.0000034926
-0.0000000000
0.0000000000
0.0000197780
-0.0000000000
0.0000000000
0.0000000000
0.0000000000
0.0000000000
0.0000000027
-0.0000000000
0.0071144914
0.0000000000
-0.0000000000
0.0000000000
0.0000000000
-0.0000000000
0.0000000000
-0.0000000000
-0.0000000000
-0.0000000000
0.0000000000
0.0000000000
0.0000000000
0.0006823000
0.0000000000
0.0000000000
-0.0000000000
0.0000000000
-0.0000000000
-0.0000000000
0.0000000000
-0.0000000000
-0.0000000000
-0.0000000000
0.0000000000
-0.0000000000
-0.0000000000
0.1050813049
0.0000000000
0.0000000000
0.0000000000
0.0000000000
-0.0000000000
-0.0000000000
0.0000000000
0.0000000000
0.0000000000
-0.0000000000
-0.0000000000
-0.0000000000
-0.0000000000
0.0000000000
-0.0000000000
-0.0000000000
0.0000000000
0.0000000000
-0.0000000000
-0.0000000000
-0.0000000000
-0.0000000000
0.0000000000
-0.0000000000
-0.0000000000
0.0000000000
0.0000000000
-0.0000000000
0.0000000000
-0.0000000000
-0.0000000000
-0.0000000000
-0.0000000000
0.0000000000
0.0000000000
-0.0000000000
0.2718192935
-0.0000000000
0.0000000000
0.0000000000
0.0000000000
-0.0000000000
0.0000000000
0.0000013779
0.0000000000
-0.0000000000
-0.0000000000
0.0000000000
0.0000000000
-0.0000000000
0.0008596758
0.0000000000
0.0000000000
0.0000000000
0.0000000000
0.0000000000
-0.0000000000
0.0000000000
-0.0000000000
0.0000000000
0.0000000000
0.0000000000
-0.0000000000
-0.0000000000
0.0000000000
0.0000000000
0.0000023683
0.0000000000
-0.0000000000
0.0829368979
0.0000000000
-0.0000000000
0.0000000000
-0.0000000000
-0.0000000000
0.0000000000
0.0000000271
-0.0000000000
0.0000000000
-0.0000000000
0.0000000000
0.0000000000
-0.0000083606
-0.0000000000
-0.0000000000
-0.0000000000
-0.0000000000
-0.0000000000
-0.0000000000
-0.0000000000
-0.0000000000
-0.0000000000
0.0000000000
0.0002082064
-0.0000000000
0.0000000000
0.0000000000
-0.0000000000
-0.0000000000
0.0025177074
-0.0000000000
0.0000000000
0.0000000000
-0.0000000000
-0.0000000000
0.0000002812
0.0000000000
-0.0000000000
-0.0000000000
-0.0000000000
-0.0000000000
0.0000000000
-0.0000000000
0.0000000000
-0.0000000000
-0.0000000000
0.0000049635
0.0000000000
-0.0000000000
0.0000000000
0.0000000000
-0.0000000290
-0.0000000000
0.0000000000
-0.0000000000
0.0000000000
0.0000000000
0.0000000000
-0.0000000000
0.0000000000
0.0000004118
-0.0000000000
0.0000000000
-0.0000000000
-0.0000000000
0.0000000000
0.0000000000
0.0000000000
0.0000000000
0.0000000000
-0.0000000000
-0.0000000000
-0.0000000000
0.0000000000
0.0000000000
0.0000000000
-0.0000000000
0.0000000000
0.0000000000
0.0000000000
0.0000000000
-0.0000000000
0.0000000000
-0.0000000000
0.0000000000
-0.0000000000
0.0000000000
-0.0000000000
0.0000000000
0.0000000000
-0.0000000000
-0.0000000000
0.0000000000
-0.0000000000
-0.0000000000
0.0000000000
0.3086141646
-0.0000000000
0.0000000000
-0.0000000000
0.0000000000
-0.0000000000
-0.0000000000
0.0000000000
-0.0000000000
0.0000000000
0.0000000001
0.0000000000
-0.0000000000
-0.0000000000
0.0000000000
0.0000000000
-0.0000000000
0.0000000238
0.0000000000
0.0000000000
0.0000000000
0.0000000000
-0.0000000000
0.0000000000
0.0000010325
-0.0000000000
0.0000000000
-0.0000000000
0.0000000000
0.0000000000
-0.0000000000
0.0000000128
-0.0000000000
0.0000074996
0.0000000000
0.0000000000
-0.0000000000
-0.0000000000
-0.0000000000
0.0000000076
-0.0000000000
-0.0000000000
0.0000000000
0.0000000000
-0.0000000000
0.0000000000
-0.0000000000
0.0000000000
-0.0000000000
-0.0000000000
-0.0000000000
0.0000000000
0.0000000000
-0.0000000000
0.0000000000
0.0000000000
-0.0000000000
0.0000000000
0.0000000000
0.0000000000
-0.0000000000
0.0000000000
0.0000000000
0.0000000018
0.0000000000
0.0000000000
-0.0000000000
0.0000000000
0.0000000000
-0.0000000000
-0.0000000000
0.0000000000
0.0000000000
0.0000000000
-0.0000000011
-0.0000000000
-0.0000000000
-0.0000000000
0.0000000000
-0.0000000000
0.0000000000
-0.0000000000
-0.0000000000
0.0000000000
0.0000000000
0.0000000061
0.0000000000
0.0000000000
0.0000000000
0.0000000000
0.0000000000
-0.0000000000
-0.0000000000
-0.0000000000
0.0000000000
0.0000000000
0.0000000000
-0.0000000000
0.0000007291
0.0000000000
0.0000000000
0.0000000000
0.0000000000
0.0000000000
-0.0000000000
0.0000000000
0.0000000000
0.0000000000
0.0000514017
-0.0000000000
-0.0000000000
0.0000000000
-0.0000000000
-0.0000000000
0.0000000000
0.0000000000
0.0000000000
-0.0000067325
-0.0000000000
-0.0000001085
0.0000000000
0.0000000000
-0.0000000000
-0.0000000000
0.0000000000
-0.0000000000
0.0000000000
-0.0000000000
0.0000000000
-0.0000000000
-0.0000000000
0.0000000000
0.0000000000
-0.0000000000
0.0000000000
0.0000000000
-0.0000000000
-0.0000000000
0.0000000000
0.0000000000
-0.0000000000
0.0000000000
0.0000000000
-0.0000000000
0.0000000000
0.0000000000
0.0000000000
0.0000000000
0.0000000000
-0.0000000000
-0.0000000000
-0.0000000000
0.0000000000
0.0000000000
0.0000000000
-0.0000000000
0.0000000000
-0.0000000000
0.0000115694
0.0000000000
-0.0000000000
0.0305841323
0.0000000000
-0.0000000000
-0.0000000000
0.0000000000
0.0000000000
0.0000000000
-0.0000000000
0.0000000000
-0.0000000001
-0.0000000000
0.0000000000
-0.0000000000
-0.0000000000
0.0000000000
0.0000000000
0.0000000000
-0.0000000000
-0.0000000000
-0.0000000000
0.0000000000
0.0000000000
0.0000000000
0.0000000000
0.0000000000
0.0000000000
-0.0000000000
0.0000000000
0.0000000000
-0.0000000000
0.0000000000
0.0000000000
0.0000000000
0.0000000000
0.0000000000
-0.0000000000
-0.0000000000
0.0000000000
-0.0000000000
-0.0000000000
-0.0000000000
0.0000000000
0.0000000000
0.0000000000
-0.0000000000
-0.0000000000
-0.0000000000
-0.0000000000
0.0000000000
0.0000000000
-0.0000000000
0.0000051154
-0.0000000000
-0.0000000000
0.0000000018
-0.0000000000
-0.0000000000
-0.0000000000
-0.0000000000
0.0000000000
-0.0000000000
0.0000000000
0.0000000000
-0.0000000000
0.0000000000
-0.0000000000
0.0000000000
0.0000000000
0.0000000000
-0.0000000000
0.0000000000
0.0000000000
0.0000000000
-0.0000000000
-0.0000000000
0.0000000000
0.0000000000
-0.0000000000
0.0000000000
-0.0000000000
0.0000000000
-0.0000000000
-0.0000000000
-0.0000000000
-0.0000000000
0.0000000000
-0.0000000000
0.0000000000
0.0000000000
0.0000000000
-0.0000000000
0.0000000000
0.0000000000
0.0000000124
-0.0000000000
-0.0000000000
0.0000000000
0.0000000002
-0.0000000000
-0.0000000000
0.0000000000
-0.0000000000
-0.0000000000
0.0000000000
-0.0000000000
0.0000000000
-0.0000000000
-0.0000000000
-0.0000000003
0.0000000000
-0.0000000000
-0.0000000000
-0.0000000006
0.0000000000
0.0000000000
-0.0000000000
0.0000000000
0.0000000002
-0.0000000000
0.0000000000
0.0000000000
-0.0000000000
0.0000000000
-0.0000000000
0.0000003145
0.0000000000
-0.0000000000
-0.0000000000
-0.0000000000
0.0000000000
0.0000000000
0.0000000000
0.0000000000
-0.0000000000
0.0000000000
0.0000000000
0.0000000000
0.0000000000
-0.0000000000
-0.0000000000
-0.0000000000
-0.0000000000
0.0000000000
0.0000000000
-0.0000000000
-0.0000000000
-0.0000000000
-0.0000000000
0.0000000000
0.0000000000
-0.0000000000
0.0000000000
0.0000000000
0.0000000000
-0.0000086603
0.0000000000
0.0000000000
0.0000000000
-0.0000000000
-0.0000000000
0.0000000000
0.0000000000
0.0000000000
0.0000000000
-0.0000000000
-0.0000000001
0.0000000000
-0.0000000000
-0.0000000294
0.0000000000
-0.0000000000
-0.0000000000
0.0017009117
-0.0000000000
0.0000000000
0.0000261281
0.0000000000
-0.0000000000
0.0000000000
-0.0000000000
0.0000000000
-0.0000000000
0.0000000000
0.0000000000
-0.0000000000
0.0000000000
-0.0000000000
-0.0000000000
0.0000000000
0.0000000000
0.0000000006
0.0000000000
-0.0000000000
-0.0000000000
0.0000155305
-0.0000000000
0.0000000000
0.0014252273
0.0000000000
0.0000000000
-0.0000000000
-0.0000000000
0.0000000000
0.0000000000
-0.0000000000
0.0000000000
0.0000000000
0.0000000000
0.0000025396
0.0000000000
0.0000000000
-0.0000000000
-0.0000000000
-0.0000000000
-0.0000000000
-0.0000000000
0.0000000000
-0.0000000000
-0.0000000000
0.0000000000
0.0000000000
0.0000000000
-0.0000000000
-0.0000000000
0.0000000000
0.0000000000
-0.0000000000
0.0000000000
0.0000000000
0.0000000000
-0.0000000000
-0.0000000000
0.0000000000
-0.0000000000
0.0000000000
-0.0000000000
0.0000000000
0.0214718170
-0.0000000000
0.0000000000
-0.0000000000
0.0000000000
0.0000000000
0.0000000000
-0.0000000000
0.0000000000
-0.0000000000
0.0000000000
0.0000000000
-0.0000000000
-0.0000000000
-0.0000000000
0.0000000000
-0.0000000000
-0.0000000000
-0.0000000000
0.0000003479
0.0000000000
-0.0000000000
0.0000000000
-0.0000000000
0.0000000000
0.0000000000
-0.0000000000
0.0000000000
0.0000000000
0.0000000000
-0.0000000000
-0.0000000000
0.0000000000
0.0000000000
-0.0000000000
-0.0000000000
-0.0000000000
0.0000000000
-0.0000000000
-0.0000000141
0.0000000000
-0.0000000000
0.0000000000
0.0000000000
0.0000000000
0.0000000000
-0.0000000000
0.0000000000
-0.0000000000
-0.0000000000
0.0000000000
-0.0000000000
0.0000000000
0.0000000000
-0.0000000000
-0.0000000000
0.0000000000
-0.0000000000
0.0000000000
-0.0000000000
0.0000000000
-0.0000000000
-0.0000000000
0.0000000000
-0.0000000000
0.0000000000
0.0000000000
0.0000000000
0.0000000000
-0.0000000000
-0.0000000000
0.0000000000
0.0000000000
-0.0000000000
0.0000000000
0.0000000000
-0.0000000000
0.0000000000
0.0000000000
-0.0000000000
0.0000000000
0.0000000012
0.0391965695
-0.0000000000
-0.0000000000
0.0000000000
-0.0000000000
-0.0000000000
-0.0000000000
-0.0000000000
0.0000405117
-0.0000000000
0.0000000000
0.0000000000
0.0000000000
-0.0000000000
0.0000000000
0.0000000000
0.0000000000
-0.0000000000
0.0000000000
-0.0000000000
0.0000000000
-0.0000000000
-0.0000017971
-0.0000000000
0.0000000000
-0.0000000000
-0.0000000000
-0.0000000000
0.0000000000
-0.0000000000
-0.0000000000
0.0000000000
-0.0000000000
-0.0000000000
-0.0000000000
0.0000082434
-0.0000000000
0.0000000000
-0.0000000000
-0.0000000000
-0.0000000000
-0.0000000000
0.0000000000
0.0000000000
-0.0000000000
0.0000000000
0.0000000000
0.0000000000
-0.0000000000
0.0000000000
0.0000000000
0.0886029527
-0.0000000000
-0.0000000000
-0.0000000000
0.0000000000
-0.0000000000
0.0000000000
0.0000000000
0.0000000000
0.0000000000
0.0000000000
-0.0000000000
-0.0000000000
0.0000000000
0.0000000000
0.0000000000
-0.0000000000
-0.0000000000
0.0000000000
-0.0000000000
0.0000000000
0.0000000000
-0.0000000000
0.0000000000
-0.0000000000
-0.0000000000
-0.0000000000
-0.0000000000
-0.0000000000
0.0000000000
0.0000000000
0.0000000000
-0.0000000000
-0.0000000000
0.0000000000
0.0000000000
0.0000000000
-0.0000000000
-0.0000000000
-0.0000000000
-0.0000000000
-0.0000000000
0.0000000000
-0.0000000000
-0.0000000000
0.0000000002
-0.0000271394
0.0000000000
-0.0000000000
-0.0000726872
-0.0000000000
-0.0000000000
0.0000000000
-0.0000000000
0.0000011554
0.0000000000
-0.0000000000
0.0000000000
-0.0000000000
-0.0000000000
-0.0000000000
0.0000000000
0.0000000000
0.0000000049
0.0000000000
0.0000000000
0.0000000000
0.0000000000
-0.0000000000
0.0000000000
0.0005978976
0.0000000000
-0.0000000000
-0.0000000000
0.0000000000
-0.0000000000
-0.0000000000
-0.0000000000
0.0000000025
-0.0000000000
-0.0000000000
-0.0000000000
-0.0000000000
0.0568696409
0.0000339619
-0.0000000000
0.0000000000
0.0000000000
0.0000000000
0.0000000000
0.0000000000
0.0000000000
0.0000000000
0.0050670062
-0.0000000000
0.0000000000
-0.0000000000
-0.0000000000
0.0000000000
-0.0000000000
0.0000000000
-0.0000000000
0.0000000000
-0.0000000000
-0.0000000000
-0.0000000000
0.0000000000
-0.0000000000
0.0000000000
-0.0000000000
-0.0000000000
-0.0000000000
0.0000000000
0.0000000000
-0.0000000000
0.0000000034
0.0000000000
0.0000000000
0.0000000000
0.0000000000
0.0000000000
0.0000000000
0.0000000000
-0.0000000000
0.0000000000
-0.0000000000
0.0000000000
-0.0000000000
0.0000000000
-0.0000000000
-0.0000000000
0.0000000000
-0.0000000000
0.0000000000
-0.0000000000
-0.0000000000
0.0000000000
0.0007149716
-0.0000000000
0.0000000000
