0.0176551789
0.0076161074
0.0449309163
0.0682361200
0.1809632033
0.1197997630
0.0508021601
0.0047389632
0.0192428902
0.0150133865
0.2198455334
0.0479402356
0.1603741497
0.0453575402
0.0267829224
0.0246711709
0.0237245075
0.0032405581
0.0474437624
0.4706688225
0.0087503279
0.1009877697
0.0436935239
0.0460916646
0.0034629677
0.0057946839
0.0406189598
0.0035255910
0.0207721218
1.0821266174
0.0117441313
0.1645150036
0.0129159307
0.0095827533
0.0941460058
0.0364783779
0.0040938170
0.0455629230
0.1336232871
0.4370656908
0.0106815826
0.0350333750
0.2033101320
0.4373278022
0.0667983666
0.2971158028
0.0179481301
0.4746976197
0.1015889272
0.0153087573
0.0049175685
0.1096061841
0.0036878460
0.0484885648
0.0314889252
0.0051215803
0.0198082626
0.9222466946
0.0043486478
0.0246117283
0.0684808865
0.0063357386
0.9355536103
0.0055035488
0.0039913855
0.0150225312
0.5300423503
0.1224760041
0.0191260576
0.3756342232
0.2083361298
0.0251798108
0.0180766247
0.1412711889
0.3596963584
0.0371047929
0.0048306109
0.0165975653
0.0481579639
0.0185872596
0.0302588716
0.9412178993
0.0350572430
0.0111773591
0.0065139085
0.0221559480
0.0243188944
0.0295311231
0.0637432933
0.2543557882
0.0390683599
0.0087462654
0.1109808013
0.0242332295
1.0348572731
0.0408534147
0.0442845114
0.1373729706
0.8068348169
0.0475592948
0.1363018900
0.0037461817
0.0707328767
1.0203804970
0.0317183472
0.0082708737
0.0087158708
0.0395787768
0.0939101875
0.0601350591
0.9148208499
0.0644075871
0.0175332446
0.0074031423
0.0075027812
0.0213412438
0.0075596347
0.2261296064
0.0537832864
0.5516983867
0.0744779781
0.7918302417
0.2471288145
0.0032300157
0.0105299465
0.0090673519
0.0051932726
0.0095588276
0.0208834969
0.0181589350
0.2791925669
0.1827856302
0.0042897002
0.1032483280
0.9295956492
0.0044395500
0.2530161738
0.0201849602
0.0206992514
0.9514078498
0.0195320696
0.0371840969
0.0113184452
0.3805238008
0.0090393974
0.0044258442
0.0066428347
0.0118720811
0.1882230490
0.0278296154
0.0140648186
0.1737707257
0.0684866011
0.0060198149
0.0188910924
0.0426972881
0.0820166916
0.0098215584
0.0048757144
0.0271029938
0.0057160342
0.5095342398
0.0163180083
0.0513901338
0.0767629966
0.0663363934
0.8735442162
0.1932641417
0.4328177869
0.1540820152
0.0122477738
0.0111757712
0.0432727672
0.0633917451
0.0583753027
0.0130029302
0.7058776021
0.0308583993
0.3615231216
0.6697419286
0.0206748489
0.1282867491
0.0572597310
0.0285417140
0.0048887143
0.0683091506
0.0766692534
0.0813939646
0.4942657053
0.8287523389
0.0108464211
0.0034036587
0.0193142928
0.0224404819
0.0043002958
0.0261133052
0.0685843751
0.0034722169
0.3056170642
0.4570319057
0.0069385231
0.0442653820
0.0173153281
0.0128010483
0.0032922651
0.0045326636
0.1559444517
0.0119430358
0.0156990215
0.0628012717
0.0726354420
0.0647448450
0.5013792515
1.0599725246
0.1305420846
0.0562887155
0.2592858076
0.0058808373
0.0220476761
0.0137601616
0.0046588131
0.0168721173
0.0318842307
0.0562622957
0.0161079243
0.0664524138
0.0431124307
0.6107463241
0.5777294636
0.5996899605
0.0563633032
0.0787396878
0.0187287796
0.0195089635
0.5658332109
0.0112873903
0.0670305192
0.0559020564
0.0747174472
0.0098983636
0.0194210447
0.0113233645
0.1626395583
0.0095582632
0.0093938783
0.0120340539
0.0195730794
0.0648552999
0.0210352521
0.0263370499
0.0459907204
0.0941732824
0.0346709080
1.0004206896
0.0742751434
0.0076898555
0.5819332600
0.0082332101
0.0207720120
0.0292549133
0.0157665536
1.0893946886
0.0073669185
0.0332370400
0.0076143616
0.2674007714
0.0033089344
0.0480910204
0.0683865249
0.0083654001
0.0204947107
0.0056102467
0.0103412485
0.0229421388
0.0957840905
0.0063371966
0.0579754971
0.0416217409
0.0369780734
0.9423044920
0.0852403790
0.0059557050
0.0703156292
0.4594973028
0.0272826310
0.8104436994
0.0531547219
0.0598533563
0.0815302134
0.4480765462
0.0038333817
0.0087544378
0.7183982730
0.0169786066
0.6964587569
0.0287542976
0.0336749218
0.0989671722
0.1840078682
0.6428738832
0.4713065028
0.0032242532
0.3094731271
0.0120256208
0.0110579235
0.0662420914
0.0205336828
0.0105568171
0.6755757332
0.0667170212
0.0100985821
0.6514443159
0.1704795957
0.1155394018
0.0135093601
0.0157616492
0.7396504283
0.0050467802
0.0297146421
0.0391511172
0.9330989122
0.0386144705
0.4701120257
0.0056871185
0.1078932583
0.6516870260
0.0519239232
0.0177675318
0.0069654146
0.0451943018
0.0177003276
0.3449257314
0.0120603712
0.1139364094
0.0479394197
0.0188580602
0.3434042335
0.0846887603
0.0410584621
0.0422232412
0.0141082946
0.0337899029
0.0652870387
0.0491537675
0.0143576888
0.0734911561
0.0457823537
0.0076430808
0.0480406061
0.8857108951
0.0298431497
0.0030067943
0.0030558205
0.0338160805
0.7045885921
0.0608925186
0.2085785568
0.0915108472
0.0177073628
0.0187283512
0.4065485597
0.0090916334
0.0297137015
0.0139657110
0.0264003482
0.5255632401
0.5971196890
0.0131452726
0.0345676616
0.0051384894
0.0103734685
0.0237644948
0.0438191220
0.0362951905
0.0470229797
0.1264187545
1.0207397938
0.0031120300
0.2830842137
0.0284684580
0.0415255986
0.0033417463
0.0124302758
0.0053050430
0.0176467858
1.0679072142
0.0050962446
0.0198159534
0.0038662888
0.0196204204
0.0045129051
0.0532358252
0.5229781866
0.0291870907
0.0258720089
0.9096211195
0.0057258401
0.9878548980
0.0388473719
0.0102963606
0.0200055391
0.0319083743
0.0140196048
0.0094089694
0.0437060297
0.0034901788
0.0471778810
0.1072630957
0.0030172311
0.0290435869
0.0094852829
0.0060176942
0.0379849300
0.0347638242
0.0108427396
0.2165015489
0.0543924831
0.0075314357
0.4663778245
0.0847059041
0.9715917110
0.0279623214
0.0149998534
0.2789725363
0.9003248811
0.0046053412
0.0337547772
0.0279371347
0.2378025204
0.0728257820
0.0136648966
0.4186982214
0.3732340038
0.0158335082
0.3065450191
0.6927855015
0.1946364045
0.5423030853
0.1002463847
1.0787650347
0.1230131760
0.0314958729
0.0117919967
0.0259033274
0.1300897896
0.4700413644
0.0552301332
0.8683910966
0.0378837399
0.7643349767
0.0295781307
0.7413079739
0.0569500625
0.0897060558
0.0476239473
0.0174413174
0.0451898091
0.0085999304
0.0145266354
0.0622457713
0.0169583540
0.0513006710
0.0168920979
0.2418237031
0.0137216505
0.0363580473
0.0191899184
0.0529854596
0.9814786315
0.0622765981
0.0089405589
0.0529310219
0.0159921385
0.0037625285
0.7855079174
0.9828289151
0.4727542996
0.0210909043
0.0081570474
0.0292948671
0.0284114815
0.0065995259
0.0625422150
0.9676263332
0.0408643931
1.0572032928
0.6720112562
0.0268182103
0.9366943240
0.0103642130
0.0143760545
0.0342018008
0.0081598181
0.0362572074
0.0251367912
0.0217293762
0.0551696531
0.0672797561
0.0121343760
0.0523144230
0.0748635903
0.0037587257
0.0134873334
0.0199825633
0.0580010824
0.0148255620
0.0223016851
0.0607782416
0.0476565920
0.0033130446
0.0295225121
0.2940169275
0.0081544369
0.0477748252
0.4285365939
0.0479585193
0.0068285395
0.0628531724
0.0903942659
0.1106446087
0.0086453389
0.0616333038
0.0427096300
0.0169897787
0.1037296504
0.0376698114
0.0099200774
0.0051851878
0.0434583873
0.0046524033
0.3390793800
0.0540344343
0.3434068263
0.1409491152
0.0164634474
0.1651269346
0.7055761218
0.0493431687
0.0646268874
0.9919939637
0.9809597135
0.0366371758
0.0173627567
0.0222212393
0.0283673927
0.2310922593
0.0194791388
0.0442121103
0.2602776289
0.0279402677
0.0134634115
0.0062953061
0.0409157276
0.0143618081
0.1758013070
0.0149549795
0.0262780674
0.0068555446
0.7726559043
0.0548393242
0.0192485116
0.0058171735
0.0182750542
0.0114892386
0.0356355049
0.0241869539
0.0038681240
0.8702994585
0.9629247189
0.0067616627
0.0468657613
0.0162028186
0.0136340978
0.7583317757
0.0684173256
0.0033973053
0.0306974147
0.0190372877
0.8226649761
0.0097456761
0.0056376453
0.0157043263
0.0776124075
0.0708492398
0.0641777068
0.0175367165
0.1323906034
0.3858340681
0.0109378211
0.3722327948
0.7207720280
0.0267981328
0.0690135583
0.1663206965
0.0131965829
0.9710245132
0.0631980821
0.0041157394
0.0296312962
0.0637808591
0.0143879605
0.0262893904
0.0059209438
0.2477504313
0.0055926787
0.0198160149
0.1097953692
0.9398895502
0.0423085578
0.5005589128
0.0310816150
0.0201185998
0.0144519070
0.0631962717
0.2123867571
0.0763942450
0.5090879798
0.0298349857
0.0109191425
1.0370947123
0.0114518059
0.6542283893
0.0734996125
0.0116056679
0.0403867997
0.0266790334
0.0079156756
0.0149341784
0.0254692361
0.0242080726
0.0656909794
0.0428503305
0.0213828702
0.0967992470
0.1152976602
0.1438493878
0.0685009509
0.0620371923
0.0029930535
0.9019845128
0.0046924753
0.0435868949
0.0477960967
0.0976572186
0.0375569910
0.0099469842
0.0695547387
0.6276115775
0.0070708743
0.0074490253
0.8568300009
0.0823014230
0.0537280031
0.0039046807
0.0323058628
0.0264499020
0.9634724259
0.8297335505
0.0202070978
0.6345238090
0.5661050081
0.0663213506
0.7585782409
0.0049289428
0.0140832392
0.0596867017
0.0555665046
0.1148955822
0.8806615472
0.0571514070
0.0053830645
0.8949556351
0.0117351608
0.0779060870
0.0877456591
0.0340645015
1.0160970688
0.0517780669
0.9538761377
0.0713531598
0.0633819327
0.0117589841
0.0109577961
0.0539434217
0.0131030567
0.0104686264
0.9563045502
0.7008434534
0.0032759693
0.0175840259
0.1528572589
0.0401730873
0.0280351192
0.0557113029
0.0417230204
0.0051294845
0.0854739398
0.0034377116
0.0526899360
0.0615851469
0.0030253043
0.0491214730
0.1311474890
0.0056786239
0.0772261396
0.0305430908
0.0261765327
0.0488255844
0.1328126490
0.0551251285
0.4907286167
0.0370199978
0.0221710876
0.0565319397
0.4195830226
0.0216619857
0.4436906874
0.5598667264
0.0059016966
0.0097436346
0.0073526115
0.0631571859
0.1307973415
0.3491528332
0.0670077354
0.2898308933
0.0388505347
0.0674029738
0.0167410206
0.4631141722
0.0610388964
0.0168196745
0.0083235493
0.0102236299
0.6144255400
0.4543997645
0.0071403235
0.0303085279
0.0217676144
0.0036953504
0.0029388100
0.7614382505
0.0186585113
0.0073331269
0.9346960783
0.0310890954
0.0593708567
0.0549641401
0.0715846196
0.0078625754
0.0040336559
0.0157287009
0.0108375186
0.0838517472
0.8203080893
0.3832955658
0.0044173431
0.4125769436
0.0029215666
0.0036590833
0.0053648376
0.0356537178
0.0180146694
0.0153412987
0.0350933969
0.0734060705
0.0355580337
0.0058237892
0.0054696226
0.0044599413
0.0168289002
0.2346749902
0.0385017656
0.0342898443
1.0408772230
0.0348683111
0.0038922436
0.0846754834
0.0280356109
0.0046176002
0.3013080955
0.0208690129
0.6846762896
0.0088668400
0.0217744391
0.0936826169
0.0142942453
0.7670491338
0.0249944441
0.0163882338
0.0357449986
0.5140765905
0.0344032124
0.0240688249
0.0072601987
0.0649379939
0.0112084672
0.2477266341
0.0524372943
0.0052526770
1.0346277952
0.0112666050
0.0190741848
0.9904423952
0.2130882889
0.0776758268
0.0035886397
0.0064680148
0.4352852404
0.0049933284
0.0652473196
0.0030014548
0.0245428439
0.0197952650
0.2973936200
0.0155079421
0.0055497834
0.1128839776
0.0255662296
0.0408642888
0.1509134918
0.1177873611
1.0336265564
0.0045306091
0.0737692788
0.0590946525
0.0678929314
0.1371921450
0.0455942638
0.0265136547
0.0496850386
0.0049085547
0.0491671823
0.0081768632
0.0111733926
0.0928821117
0.0047836448
0.0201087240
0.0056395945
0.0314369202
0.0092420001
0.0310961790
0.0055834223
0.0249650758
0.0662605911
0.0228080172
0.0265506227
0.1408780515
0.0075354264
0.0453361198
0.0032813228
0.1507188231
0.0037498942
0.0047148145
0.8883540630
0.9622420669
0.0525534227
0.0128604723
0.0223414022
0.0102403397
0.0409458205
0.0051331171
0.0690805912
0.0242312774
0.0113200266
0.3727149665
0.0198896881
0.4892192483
0.0233828463
0.0126207257
0.0123012615
0.0194507968
0.0064552566
0.0530679673
0.0582453869
0.0131600238
0.0222397763
0.6789339781
0.0673282072
0.0377126485
0.0247828849
0.0132151982
0.0072766650
0.0083853155
0.0115769431
0.0075296345
0.3526410460
0.0665023625
0.0566438399
0.0569428243
0.7445892096
0.0927597061
0.0175817665
0.0418954715
0.0448415540
0.0573160909
0.0108081633
0.1968542337
0.0094953058
0.0475006662
0.0547435582
0.0163369682
0.8372933269
0.1091495380
0.6366196275
0.1472139955
0.5481169224
0.1466547251
0.0305658970
0.0331235863
0.0405146442
0.0196653139
0.0085220914
0.0122903697
0.0120850606
0.0183825083
0.5189304948
0.0147181172
0.0350807160
0.0189238135
0.0119826021
0.0316734202
0.0180103071
0.0049608732
0.0762946457
0.9921914339
0.9385726452
0.0242272355
0.0932836384
0.4369430542
0.0573121272
0.1050909236
1.0046585798
0.8806579113
0.0405195020
0.0673481226
0.0709248185
0.0380536839
0.1351962090
0.0476448014
0.0046013426
0.0973823369
0.0053138719
0.0664238036
0.3113424182
0.9709997177
0.0185625404
0.0410154201
0.2124695629
0.5808399320
0.0214997008
0.0061281077
0.5404818654
0.0065958239
1.0104917288
0.0060440879
0.2005920857
0.0088821491
0.0443948433
0.0092707435
0.1211745217
0.0542188585
0.0060736672
0.0184978377
0.1076795310
0.0328005329
0.1228160337
0.0082530277
0.4770660698
0.5772879720
0.0179422125
0.0073492690
1.0557038784
0.0197376404
0.5931297541
0.0427958407
0.8103583455
0.0684268996
0.0286346320
0.0292584132
0.0184341166
0.0473186150
0.3065399826
0.2624165416
1.0748090744
0.0087367995
0.0610339902
0.0756537616
0.0448117368
0.4633943737
0.0198061243
0.1668588221
0.0378292836
0.0111739924
0.0114224441
0.6444436908
0.8595339656
0.0038610518
0.0266217254
0.1880052388
0.0040851152
0.0167570412
0.0319249071
0.6171828508
0.0380831584
0.0155878877
0.0368227214
0.0736586899
0.2639628649
0.0280662403
0.0077744224
0.0050648134
0.0045299875
0.0199903809
0.0478642285
0.0319982171
0.0041303397
0.0195115823
0.0468431823
0.3605505228
0.7276545763
0.0250490103
0.2149281651
0.0882256702
0.0186107028
0.1369586438
0.3102430105
0.2112264931
0.0134046879
0.0282933023
0.0138249313
0.0132779842
0.0646656975
0.0275949128
0.0029519438
0.0059885113
0.0258294065
0.1521696746
0.8375542164
0.8847881556
0.0523284599
1.0350555182
0.0273833312
0.5265035033
0.3949169219
0.0356503539
0.0226401761
0.0061876494
0.0132271592
0.0254775211
0.1081181094
0.0186689459
0.0640633851
0.3871497512
0.5537212491
0.4980647862
0.0132287238
0.0067419540
0.1652837843
0.0113981189
0.0153193465
0.0283511858
0.0080412216
0.0637530312
0.0568284355
0.0801160783
0.0330102816
0.3446231484
0.0258917809
0.0031444950
0.0043138196
0.0037531103
0.0383469723
0.0120708439
0.0558536388
0.0402677432
0.0034160593
0.4881646633
0.0662708357
0.0341763683
0.0155713502
0.0123044634
0.0102271121
0.0466531664
0.0240556318
0.0369810499
0.0068637817
0.0085680187
0.0613181479
0.0463511720
0.0497028567
0.0374689847
0.0627424568
0.0063111586
0.0406325385
0.3861143291
0.0179833286
0.4012208581
0.0088337166
0.0050398489
0.0073383157
0.0428961292
0.0038847488
0.0143001787
0.0041040960
0.0053416593
0.0574467294
0.0426718071
0.0050559235
0.0213647727
0.0222632699
0.2222164571
0.0118682189
0.0074858549
0.8653504252
0.0405652002
0.2471200526
0.2308362275
0.7373149395
0.0048630359
0.9111626148
0.0265698452
0.0144650778
0.0446327813
0.0125579368
0.0197125264
0.0169881154
0.0566477180
0.0560783222
0.0169772785
0.0805575252
1.0039050579
0.0685530156
0.0137647493
0.5154615641
0.2890284657
0.0372058861
0.0090525504
0.0101207718
0.0534820482
0.0360592157
0.0043026847
0.8186054230
0.0037568093
0.0045772735
0.0030249546
0.0357812978
0.0985522196
0.0345277935
0.0265974980
0.0669671372
0.6401748061
0.7294629216
0.0137178786
0.0071308897
0.0236064978
0.3481342793
0.0181874987
0.0095977485
0.0935490727
0.0299836714
0.0263347737
0.0562664047
0.1008574888
0.3085666001
0.1125096157
0.0099065769
0.0208748411
0.0231125727
0.0041849720
0.0566295162
0.0142184487
0.0473119691
0.0032320190
0.0226703174
0.0088008661
0.0043213656
0.0459663533
0.0104263294
0.2326981127
0.3674801588
0.0533910617
0.0077485950
0.0284608100
0.0175246596
0.5966107845
0.0410882421
0.0529925562
0.1998323500
0.0937351361
0.0103955856
0.0115722883
1.0521880388
0.8804499507
0.0268252268
0.6799844503
0.0205645487
0.0068935947
0.0103795584
0.1010584757
0.0168581698
0.2675700188
0.4735733569
0.1286637783
0.1282582134
0.3621444702
0.0523039885
0.0479637422
0.2578199804
0.5946196914
0.0171895623
0.0053026010
0.0298463516
0.0225910619
0.0575977154
0.1033549085
0.0336987488
1.0419479609
0.0115335342
0.0130931521
0.0034467552
0.0068532415
0.0065537728
0.7113353014
0.7569858432
0.1588620991
0.3498071730
0.0280033946
0.0541520081
0.0034533436
0.1492587626
0.0934369639
0.0056687836
0.0518865064
0.4752364457
0.1764089763
0.0033538784
0.0322875567
0.0048185159
0.0400942788
0.0646146387
0.0185736790
0.0180985220
0.0082149049
0.0041430159
0.9529099464
0.0424268208
0.0128051154
0.0313953087
0.0915844515
1.0635811090
0.0167449377
0.0490020551
0.4855971336
0.0041423487
0.0480014384
0.0469934717
0.0066510350
0.0120805120
0.0089828530
0.0246697199
0.0273065232
0.0366319679
0.0286515635
0.5197938085
0.0035204014
0.0058243722
0.0035550257
0.2310189754
0.1118914038
0.0041515087
0.6408321261
0.0276433136
0.0227472223
0.0692699999
0.0263478532
0.0461095236
0.0623474903
0.0173948985
0.0044337530
0.0593698770
0.0030413065
0.0454574898
0.0078158332
0.0606507584
0.0057929545
0.0104123969
0.0064396528
0.0330513343
1.0312188864
0.0083205448
0.0198186301
0.0212202650
0.0061789225
0.9307673573
0.0055652899
0.0163456760
0.0234652329
0.2666703165
0.7275886536
0.0038774463
0.3881054819
0.0056139603
0.0123372637
0.9851156473
0.0197136216
0.0365669169
0.0037098036
0.0650486425
0.0093012694
1.0481940508
0.0387780927
0.0043831165
0.0092409691
0.5036562681
0.1229952946
0.0380456969
0.0040161624
0.0162513275
0.0051363679
0.0042623212
0.0540289059
0.0608404577
0.0119977230
0.0127993003
0.0252048355
0.0161388796
0.0429036319
0.0032390500
0.0716462135
0.0195495002
0.0040782811
0.0159415454
0.0088623594
0.0127277384
0.0047842334
0.0255865082
0.3713706434
0.0081135286
0.0195836164
0.0770232230
0.0445447303
0.0685929507
0.0102515221
0.0634747967
0.6491618752
0.0966065228
0.0090425396
0.0700390637
0.0891206264
0.0172561854
0.0735853389
0.0107651073
0.0434487760
0.1873601973
0.0230745915
0.0233771354
0.2964241803
0.1969079226
0.1007123441
0.1036415026
0.9717348814
0.0052108467
0.0035175190
0.6561634541
0.0278513469
0.0332012884
0.0085119046
0.0079115601
0.0282549579
0.0031247658
0.0228129309
0.0064550922
0.0519728996
0.0031243016
0.0116134733
0.3692434728
0.0043869060
0.0182556696
0.0410834067
0.0060606822
0.0104154740
0.0343592241
0.0049696625
0.1039295644
0.0239808280
0.4464713931
0.0087983813
0.0174925122
0.0062348065
0.0306539126
0.5937137604
0.0038129052
0.0275791157
0.0152448593
0.0029514583
0.0079482924
0.0148902321
0.4522986114
0.0072787157
0.0037597453
0.0037782176
0.0116349189
0.0179331470
0.0256262384
0.3464705348
0.0562122613
0.0238778424
0.3231506050
0.0729862005
0.0215173550
0.8709053993
0.0541127026
0.0657630861
0.1248801574
1.0125834942
0.8261014819
0.0186191015
0.0414149165
0.7304976583
0.0056016441
0.0069185370
0.0410360061
0.9435476065
0.1590531617
0.0079615470
0.3478433788
0.0027499010
0.2450806797
0.0148708783
0.0186842214
0.0050625978
0.2041470408
0.0314983390
0.0136878388
0.0134347882
0.0923735276
0.0144993607
0.0544994175
0.0119474260
0.0054917536
0.0277326964
0.0033734438
0.0072620660
0.0483969301
0.1468196958
0.0134564824
0.0666994527
0.6483806372
0.0174618345
0.0077551645
0.0603031069
0.0080593824
0.0086376676
0.0510538146
0.1697709560
0.0286648367
0.0453202501
0.0577194579
0.0157629345
0.0139349354
0.0183944106
0.0105251968
0.0067902780
0.3085280955
0.0161928646
0.5165343881
0.0779789463
0.0139431683
0.0299052354
0.0040292419
0.0101784039
0.0224957298
0.0273431372
0.0076669529
0.0870376006
1.0783247948
0.0296521746
0.0215229075
0.0220094752
0.0040345155
0.0407838598
0.0307307262
0.0062575527
0.0592455864
0.0533508100
0.0070018172
0.0078759603
0.0105914045
0.7690175176
0.0454094410
0.0687888637
0.2142908871
0.0496428199
0.0053450922
1.0761396885
0.3755106926
0.0356833711
0.8829104900
1.0907529593
0.0045600678
0.1555386186
0.0164082553
0.0056381919
0.0167964194
0.0101627931
0.2249528617
0.1359485984
0.0275287610
0.0154862916
0.3796724081
0.0508086719
0.9022015929
0.2598425150
0.0232247245
0.0060850498
0.0051171379
0.2732635140
0.4046244621
0.3102125227
0.0353098549
0.1835707277
0.0507731363
0.9264436364
0.1830618531
0.0087732896
0.0149881011
0.2024960220
0.1563029736
0.0136562604
0.0208629500
0.0372310802
0.0137963649
0.0490777045
0.0332162678
0.0824988782
0.0645435378
0.7901283503
0.1856915206
0.0539209209
0.0348620974
0.0359731242
0.0042492980
0.0191953145
0.1132778153
0.0836232528
0.4130852222
0.0325906873
0.0888257772
0.0691769347
0.0046518012
0.0423344672
0.0038786104
0.0431676395
0.0248542558
0.0514683500
0.0092525259
0.0141068418
0.0527238287
0.0917348489
0.0856580138
0.0035822503
0.0151814092
0.0153070744
0.7260873318
0.0327321999
0.0079393331
0.0080237463
0.0099034943
0.0268845335
0.0547032990
0.0346557014
0.0164430439
0.0531851240
0.0440312251
0.0407185592
0.0042086928
0.0732114762
0.0264409799
0.8074887395
0.6385638118
0.0271455534
0.9711463451
0.0659142211
0.0744958967
0.0053004129
0.0100845369
0.0256467722
0.0462998115
0.0135616204
0.0733923167
0.0109446300
0.6090436578
0.0084139211
0.3065246344
0.0286378544
0.7435984015
0.0158141889
1.0652455091
0.0198944863
0.0056959800
0.0276301075
0.0134267788
0.0119004967
0.0551555753
0.0108221555
0.0400948264
0.4235560298
0.0134565048
0.0032062023
0.0095858462
0.0048760138
0.0105667291
0.0136507954
0.0199354608
0.9056184292
0.0123927556
0.0574584417
0.0892250165
0.9732905626
0.0408629626
0.0795214251
0.1498093307
0.0204011556
0.8678941131
0.0150449267
0.0486340635
0.0231588241
0.0080984952
0.0058297650
0.8012387156
0.0030886205
0.0056064096
0.0029770264
0.0607029200
0.0317009687
0.0064755976
0.0251377933
0.0725422874
1.0766115189
0.7724768519
0.0597035140
0.0046536145
0.0347210318
0.0176809169
0.4725187123
0.0430862308
0.0378196537
0.0370672829
0.0073732333
0.0045423503
0.0887733251
0.0036287431
0.0673926845
0.0054733660
0.0036137803
0.0227745809
0.4209690690
0.0210138392
0.0097522084
0.0059595145
0.0186978020
0.0037030664
0.0084864330
0.0860066414
0.0090258447
0.0031972353
0.4264775217
0.0407505110
0.9845966697
0.0494265370
0.8957709670
0.0407364368
0.9684783220
0.2176198959
0.0038769420
0.0512668230
0.6198419929
0.0267616287
0.0032827531
0.0087991729
0.0193931349
0.0662658885
0.0124407485
0.0032715793
0.0385248549
0.2729457915
0.0567104667
0.0531316698
0.0414814278
0.1415560693
0.8630635142
0.0041186665
0.0111765349
0.0201275013
0.0324422829
0.0287525300
0.0030657663
0.0170521513
0.0055325786
1.0910249949
0.0232209507
0.0096464511
0.0473371707
0.0694939494
0.7239053249
0.0276762415
0.0053932569
0.9606183171
0.0134274112
0.7793728709
0.0344928689
0.0071213115
0.0337507874
0.0032652495
1.0172535181
0.0180822480
0.0063852686
0.0167045537
0.0187016223
0.0163078420
0.5063865781
0.1264722049
0.0413434580
0.0154800378
0.0718547478
0.0407944955
0.1073272452
0.0423387215
0.4612078369
0.0069398042
0.0622675903
0.1682788730
0.1200245097
0.0140855564
0.0724346340
0.0120136896
0.6178412437
0.0213647913
0.0103277229
0.0309280232
0.1298108995
0.1715018153
0.1144750416
0.0094578378
0.0231780112
0.0246762168
0.0063720010
0.0329515450
0.0124340151
0.0153732114
0.0134315426
0.0032898488
0.0037496290
0.0118391411
0.8271821141
0.0085431086
0.0294471849
0.0046402798
0.0358151533
0.0038168882
0.0138982218
0.0081616836
0.0459233969
0.0728814751
0.8214348555
0.0117189819
0.0317939408
0.0455364212
0.0339963138
0.8449921012
0.0311569050
0.1300890148
0.0700333491
0.0753879324
0.1138257161
0.9989902973
0.3177174926
0.0387773961
0.0224917475
0.0045515043
0.0052829781
0.0071106805
0.0218109861
0.0137269786
0.9395915866
0.0089039383
0.0042300532
0.0110174585
0.0135460515
0.0184958912
0.0259224512
0.0042349938
0.0387165695
0.0381481797
0.0406477191
0.0042544273
0.0296792239
0.0111580966
0.0714603066
0.0056111813
0.0045406255
0.0335508175
0.0113460468
0.0149229225
0.8290349841
0.0046225893
0.7539116144
0.0306219254
0.0126198623
0.0502417199
0.0051915585
0.0116994986
0.8746644855
0.0168781839
0.0288684256
0.0625698194
0.0380023457
0.0052380585
0.0058449572
0.0182142146
0.0101819765
0.0518810973
0.0097380942
0.8882271051
0.0119835678
0.0605315156
0.0589234941
0.0595661588
0.0604236536
0.0070595765
0.0111720096
0.0616104752
0.0150847724
0.0041940766
0.0123799490
0.0220424477
0.6827226281
0.0100267986
0.7973710895
0.4395316243
0.0147452997
0.0417395420
0.0039167036
0.0314648859
0.0036823465
0.0656914040
0.0439043269
0.0578380115
0.0125409244
0.0464584753
0.1055640429
0.0289950669
0.0030643144
0.0408390127
0.0297768638
1.0471965075
0.0162901524
0.0100702355
0.0038315514
0.0070986263
0.0604187734
0.9923622608
0.0095129870
0.0322052315
0.0134246293
0.7854858041
0.0680969954
0.0370316170
0.0127822338
0.0343948193
0.0053996257
0.0133947469
0.8673160076
0.8106765747
0.0120632499
0.9062080979
0.0724217668
0.0620867908
0.0341522507
0.0615700707
0.0678444207
0.7009368539
0.8141169548
0.0869689435
1.0123283863
0.8342690468
0.0092968615
0.0057826205
0.0072358511
0.0682823807
0.0201387722
0.1359829903
0.0033457875
0.0061320416
0.0649455190
0.2569162250
0.1101445556
0.0130892424
0.8474178314
0.7565573454
0.0637489110
0.0590537749
0.0229643285
0.0764520019
0.0068196007
0.0032389748
0.0645334795
0.0250430666
0.3358459771
0.0305438451
0.0194335803
0.0362776220
0.0327958092
0.0650188103
0.1276289374
0.5128151178
0.0348203257
0.1001108065
0.0070802495
0.0564856976
0.0384700522
0.0188643634
0.0112556368
0.0075229849
0.0280647799
0.0095061958
0.0331263728
0.0504296236
0.0103134727
0.3903535604
0.0267777704
0.0357056260
0.0638239011
0.6448832154
0.7373552322
0.8222168088
0.0333544426
0.0097444896
0.0025752392
0.0134608224
0.0193741210
0.0097925011
0.0066443291
0.0275762044
0.0271897856
0.2463088930
0.0099676326
1.0214658976
0.0032352128
0.0088798301
0.0295624826
0.0462231413
0.0164388716
0.0039519216
0.0108823841
0.0053949221
0.9247038960
0.0039398111
0.0654952750
0.0108071379
0.2104458064
0.0053800116
0.0157437772
1.0907852650
0.0192533638
0.1336123049
0.0606842600
0.0334350094
0.0228101611
1.0483552217
0.0435559601
0.0701668188
0.9789575934
0.0507757403
0.0233143903
0.0325038061
0.0453226119
0.0695885345
0.0534377918
0.8995047212
0.8533173203
0.0118607720
0.0076842797
0.0047413683
0.0060944483
0.0130091300
0.9363801479
0.0198704544
0.0394981913
0.0600460432
0.0030993482
0.7508687377
0.0167427436
0.0557898246
0.2829484046
0.0307402462
0.0928565636
0.0041943341
0.0086909886
0.0796108246
0.0067301826
0.0595979057
0.0038422078
0.0045010890
0.7443484068
0.0036174285
0.0044831247
0.0427317061
0.0087131755
0.9678953290
0.0048185172
0.0198163018
0.0033647227
0.0047938544
0.0271037240
0.0071337787
0.9080500007
1.0034483671
0.0598275363
0.2810662985
0.9792251587
0.0071877032
0.0143550625
0.0060837511
0.0397720784
0.0155406240
0.0090074167
0.0306444280
0.0169433765
0.9434054494
0.0059112557
0.0247505754
0.8546886444
0.0762310252
0.9049656391
0.9431935549
0.7981959581
0.2883197367
0.0211984236
0.2014163435
0.0030664522
0.5290006399
0.0299319942
0.0121900095
0.0180789493
0.0719277859
0.0505876057
0.0177758224
0.0038948290
0.0456738025
0.0111789079
0.0763117000
0.0283141136
0.4749645591
0.0334091857
0.9326323867
0.0738508627
0.1061121523
0.0209832992
0.1982309520
0.0353604145
0.0089664431
0.0271580778
1.0080224276
0.0600829422
0.1983329207
0.0220382810
0.0361721031
0.0365453623
0.0032826317
0.0120068295
0.0083837062
0.0276442226
0.0162714459
0.0032865359
0.0040360303
0.0124010928
0.7463389635
0.0056648399
0.0438841879
0.0255293082
0.0378672294
0.9684782028
0.0219179783
0.0412050039
0.8448905945
0.7741771936
0.8580121398
0.0117644705
0.0172303990
0.0579964072
0.0598673336
0.0183101222
0.0135062607
0.0136677828
0.0038690455
0.4520131648
0.8751201630
0.0090356916
0.0035871218
0.0717134625
0.0068877679
0.4005511999
1.0597259998
0.0083267661
0.0029845359
0.0084424810
0.9022380710
0.0623928867
0.1543347836
0.0035434321
1.0803561211
0.0065209894
0.0258131400
0.0207842737
0.6221185327
0.0561413504
0.0070475084
0.0036996480
0.0066119302
0.0633565933
0.0148125961
0.3391599357
0.0662422776
0.3713647127
1.0137940645
0.0417251661
0.0033363840
0.0133898109
0.0228691436
0.7013283372
0.0081186434
1.0341507196
0.0047724433
0.0048676329
0.0140044466
0.2437095791
0.0060686893
0.0507409424
0.0055967560
0.9020427465
0.0091796098
0.0207381435
0.0091005974
0.0066443281
0.0190403014
0.0294343419
0.0154827274
0.0119740330
0.0064453566
0.0573431179
0.0660189092
0.0180983152
0.0572175123
0.0035256792
0.0467103273
0.0210946240
0.0075321742
0.0103697609
0.0254169945
0.0216122791
0.6908054352
0.0497134328
0.0547083654
0.0299566668
0.0044020549
0.0361064710
0.0509494655
0.0968606845
0.0050384668
0.0056803739
0.0789176896
0.4186852574
0.0941460580
0.0054844939
0.0613884218
0.0051310402
0.0133279655
0.0096744085
0.0237370525
0.0034294082
0.0128499549
0.2622127533
0.2669294477
0.0258383583
0.1022027954
0.0338129438
0.0463659316
0.0161737707
0.0142672379
0.0084750345
0.0222069286
0.0271012299
0.5529615283
0.0651521757
0.0361042283
0.6838020086
0.7824361324
0.0051566651
0.0506266095
0.0646379143
0.8806750774
0.0320079438
0.0462296978
0.0184003338
1.0888189077
0.0047236751
0.0317711681
0.0216447804
0.0286549125
0.9706368446
0.0463254675
0.0039560441
0.4307340980
0.0154747069
0.0274592638
1.0312970877
0.0137540326
0.9748060703
1.0963400602
0.0052254670
0.9210732579
0.0334150866
0.0055245748
0.0134057114
0.0635991916
0.9863763452
0.0040489319
0.0525743887
0.0229699668
0.0913672224
1.0104262829
0.0205039866
0.0498738736
0.0622851402
0.0557793006
0.0236095916
0.0555867031
0.0099276118
0.0046167220
0.3390432298
0.0120867854
0.0175177921
0.0274222437
0.0325642340
0.0036245263
0.0130051412
0.0213017240
0.0309516061
0.8806839585
0.0561412014
0.0479503199
0.1068369448
0.1296017021
0.0080416668
0.0253557153
0.0615468659
0.0070696026
0.0098280925
0.0228378177
0.0530636981
0.7747415900
0.0063440176
0.0047103046
0.0089687565
0.0141970832
0.0063048466
0.0037322938
0.0121781090
0.0086483806
0.0435463563
0.0220548157
1.0494629145
0.0168417078
0.0046742684
1.0739040375
0.8500141501
0.0638622865
0.0063626687
0.0426980108
0.0343126841
0.0070210993
0.0635531098
0.0149151953
0.0048629213
0.2091561258
0.0592787638
0.0395823568
0.0036557682
0.0174448844
0.0621067844
0.0050561903
0.0612121634
0.0356170014
0.0405989476
0.0919475108
0.0047354121
0.0041010915
0.0095210029
0.0311626419
0.6074100137
0.0040008225
0.0175604913
0.0096211825
0.0097729871
0.0044898256
0.0576352589
0.0696727857
0.0638173446
0.4916543663
0.7485077381
0.0039874795
0.0172460228
0.2548039258
0.0505776331
0.0403098799
0.0711266696
0.0468201637
0.0367322080
0.0040521626
0.0031215653
0.9946525693
0.0079338420
0.0710702538
0.8485987186
0.0478378683
0.0276333261
0.0381869264
0.0532678850
0.0048353178
0.0128324712
0.0240923204
0.0177611168
0.0353787541
0.0310551636
0.0029915960
0.0037435021
0.0198214091
0.9502019286
0.8585499525
0.0567926057
0.0117635205
0.0451252051
0.0064249556
0.0348055884
0.0074459040
0.0517422669
0.0380636454
0.0027647403
0.0351829343
0.9822359085
0.0623616762
1.0433319807
0.6657918096
0.0116924234
0.0033212348
0.0132671613
0.0304511711
0.0058718706
0.0247151069
0.0219651368
0.6532311440
0.0303157698
0.0035964851
0.0455956236
0.0307920612
0.0590709560
0.0084502194
0.0128370719
0.0284863859
0.6213536859
0.1237176433
0.0355545059
0.0675344691
0.9938532710
0.0200670455
0.0091285836
0.0039981143
0.0484968647
0.0514463186
0.0046835840
0.0451946892
0.0141906496
0.0434098914
0.0043904157
0.1360936016
0.9370906949
0.0086253555
0.2395059913
0.0236270726
0.9504150748
0.0262941625
0.0528721102
0.8672897220
0.0441062413
0.0643525794
0.8485345840
0.8567920327
0.5716797113
0.8770416975
0.0199478194
0.9865787029
0.3771518469
0.0113843968
0.0423528589
0.0155820297
0.0083463667
0.0050199106
0.0078499038
0.0486300141
0.0091987206
0.0722233951
0.0443736017
0.0284606498
0.0070394580
0.0273827054
0.7589136362
0.6963580847
0.0299237277
0.4374564886
0.0856138840
0.0058340747
0.0483148322
0.1682750583
0.0400872156
0.0672507659
0.0202123001
0.0688721612
0.0065400316
0.0313031301
0.0253773145
0.0654823929
0.0258706082
1.0241047144
0.0717868283
0.0423200019
0.0130763566
0.0076090991
0.0697512925
0.0815564618
0.0603692494
0.0117640784
0.9445134401
0.8152307868
0.0428811833
0.0403900258
0.0140224220
1.0506213903
0.0276273061
0.0032122433
0.0057778889
0.0151918270
0.0360222794
0.7645974159
0.0645703450
0.0229948349
0.0738017559
0.0058814134
0.0031040066
0.0042766952
0.7282496691
0.8654679656
0.0102897892
0.0062088100
0.0063978201
0.0034707969
0.0130295623
0.0096267620
0.0064791739
0.0394792669
0.0336204916
0.0650148317
0.0082591809
0.0197581425
0.4549116492
0.0474946126
0.0140603185
0.0065115876
0.1128893569
0.8385613561
0.7477554679
0.0335538015
0.1075354815
0.8645374179
0.0281349607
0.4652599990
0.0358519591
0.0255348589
1.0392585993
0.0073061269
0.1222529411
0.0071341125
0.0194921494
0.0677975267
0.0456580482
0.0450553894
0.0258611608
0.8034720421
0.1517971009
0.0383257456
0.0133112893
0.0439211354
0.6460441351
0.0463622101
0.0647665486
0.1055464521
0.0038004061
1.0751609802
0.0160483532
0.0106903305
0.0052400716
0.0155215599
0.0430203788
0.9218198061
0.0262616593
0.8782239556
0.0097706774
0.1727253795
0.0637001693
0.0040805610
0.0207820833
0.8527830839
0.0078789117
0.0029180537
0.0125921741
0.0157887954
0.0369134732
0.9584255219
0.9520162940
0.0637534261
0.9983649254
0.0177039262
0.0656178743
0.0898044333
0.0376333147
0.6504052281
0.8251504302
0.0939194113
0.0449840426
0.0634707808
1.0587730408
1.0106384754
0.0051597431
0.8595283628
0.0638395473
0.1585472822
0.4379662275
0.0038587658
0.0048052119
0.0272303913
0.0125435721
0.0241116825
1.0172287226
0.1729442477
0.0553984158
0.0033730103
0.0502265841
0.2087040991
0.0163054112
0.1305036843
0.0734344348
0.0592770167
0.0215253718
0.0085333157
0.0145877004
0.0121975942
0.1843831241
0.0253198221
1.0290491581
0.0340162702
0.1023539528
0.9553257227
0.0175036322
0.6368998885
0.4094948173
0.0319553353
0.9753724933
0.9102441072
0.8201386333
0.0660922751
0.0035310264
0.0166798495
0.0327833407
0.0686018467
0.0514297225
0.0034408013
0.0432089455
0.0385971591
0.9151863456
0.9144101739
0.0536513552
0.0037861678
0.0210510064
0.0108840941
0.9292746186
0.0243773777
0.0047668316
0.0088451849
0.0082784602
0.0404461175
0.0347795226
0.0567379519
0.0044682925
0.0105482666
0.5478624105
0.0044018957
0.1678052545
0.0561020076
0.0278355032
0.0280250553
0.0133376718
0.0231350064
0.0293154996
0.0955289900
0.9231599569
0.0217730161
0.0420551039
0.4054675698
0.0510895550
0.8118299842
0.0055930023
0.0130829737
0.0491348542
0.0067326385
0.0339707322
0.0242588632
0.0274273232
0.0150903501
0.0533124432
0.2522196472
0.0264004152
0.0609948002
0.0137193762
0.0755159631
0.3787774146
0.0039271084
0.0522562116
0.9583643079
0.6972287893
0.0190796219
0.0077227005
0.6344127059
0.0089615388
0.0200136974
0.0921180248
0.0304813944
0.0546417795
0.0055123870
0.7560880184
0.2182979882
0.0469957106
0.0048920852
1.0603305101
0.0406401493
0.8487986922
0.0370418429
0.0260476153
0.0201237146
0.0358231775
0.0152961444
0.0112225274
0.0263794456
0.2418392748
0.9612928629
0.0538194142
0.0182741880
0.0091940211
0.0195070505
0.8976595998
0.0050506708
0.0316092186
0.0090260115
0.0150398882
0.0044445987
0.8757286668
0.0069084479
0.0548105128
0.0107312445
0.3574572802
0.0690333173
0.0590561330
0.0283797365
0.8767006993
0.0125383073
0.0032229591
0.1815937459
0.0105210049
0.0482071936
0.0519518033
0.0110120624
0.0714163631
0.0090125473
0.0069219293
0.0266581699
0.0160078201
0.0148224691
0.0561396591
0.4632366002
0.0041539245
0.0043990565
0.0820803642
0.0120638367
0.8641265035
0.2190797329
0.8611589670
0.0638464466
0.0651406199
0.0150447944
0.8667155504
0.8218148351
0.0086041531
0.9121636748
0.0188586954
0.0263307467
0.0313025191
0.4561013579
0.0240816772
0.0454142019
0.0053444733
0.0099591073
0.0078721130
0.0059024920
0.0073150690
0.0029897522
0.9732051492
0.0139634777
0.0132457269
0.0287957694
0.0065829796
0.0203285422
0.0110937795
0.0050448552
0.0190175492
0.8437964916
0.7444689274
0.0742032230
0.9640666246
0.0065725436
0.0416357629
0.9740366340
0.0057618278
0.0626094788
0.0043076682
0.0037438066
0.0462589227
0.0092558144
0.1299559772
0.0221447740
0.0412706956
1.0731910467
0.0031346534
0.0274753254
0.0101356935
0.0445542149
0.0050027184
0.0383641124
0.0255195610
0.0098856641
0.0192276463
0.3705865145
0.0095796585
0.0591032207
0.0055370606
0.0707891807
0.1523995847
0.3189239204
0.0215841793
0.2178018093
0.2274598628
0.1131799966
0.1496012211
0.0058170808
0.0044359351
0.0186201874
0.1050883308
0.0260738805
0.7637292147
0.0553201959
0.2562027872
0.0487767607
0.0400837436
0.0139487311
0.0203462895
0.0300656669
0.0457272753
0.9210988283
0.0058704107
0.9252443910
0.0536451116
0.0668686628
0.0513553619
0.0413940102
1.0461798906
0.0652790889
0.8299114108
0.0057804300
0.0708288997
0.8694226742
0.0405664928
0.0161923021
0.8088189363
0.1227099374
0.0137309879
0.0056833583
0.4774055779
0.1553177685
0.5518408418
0.0103268800
0.0326929279
0.0492219292
0.0341925249
0.0723845735
0.0052047949
0.0034012964
0.0451092534
0.0281133894
0.0729387254
1.0839818716
0.0031306555
1.0167227983
0.0036208960
0.0171376765
0.7391850352
0.0654809698
0.0047897864
0.7039777040
0.0259319246
0.0179308951
0.0338817164
0.0618730038
0.4940588474
0.8367725611
0.0596110970
0.0066784699
0.0676683187
0.0057022721
0.0512423962
0.0052353945
0.0047948491
0.0701720119
0.0265870392
0.3018645048
0.0832468793
0.0089592356
0.0483545661
0.0402294360
0.9774702787
0.0420380048
0.0094492715
0.0271520484
0.0205964893
0.2037264556
0.0232528225
0.0262111798
0.0050666169
0.0590811484
0.0318701603
0.4512288570
0.0236632880
0.0061008860
0.0376224481
0.0096013024
0.0285337251
0.0060634711
0.1957505494
0.0130502759
0.0425718576
0.0063334033
0.0073240837
0.0033089099
0.1164037287
0.0044999588
0.6515278220
0.7249825597
0.4776956737
0.0283882413
0.0511479937
0.0341434553
0.5672408938
0.0164052155
0.7926198840
0.0552576855
0.0661222562
0.0204035342
0.0164376572
0.2886576653
0.2216184586
0.0417849571
0.0202486496
0.6101441383
0.0151944552
0.0125908386
0.0037081344
0.0128199980
0.0183831677
0.0097315125
0.1398648620
0.8973574638
0.0532298684
0.9526548386
0.8171556592
0.0596249662
0.0264290441
0.0173577592
0.0494420864
0.9522715807
0.9596272111
0.0403594524
0.0097819418
0.0070568323
0.0043750135
1.0257103443
0.0047248811
0.6457278132
0.6252211332
0.0191454552
0.0130545273
0.0265387129
0.9342708588
0.0111773163
0.8542048335
0.0130949421
0.3130136728
0.0391812697
0.0086546894
0.0271623302
0.9361748099
0.0373462476
0.0543768555
0.9060465097
0.0084513836
0.4810647070
0.0238732006
0.0059391521
0.0304883886
0.7865216732
0.2668195665
0.0716251954
0.0042358907
0.0145713659
0.7562499046
0.8426688910
0.1101967469
0.0495033711
0.0459080189
0.0689953268
0.0032403420
0.1136618778
0.0378059894
0.0055622417
0.0401295535
0.0429062508
0.0254732557
0.0345164090
0.9696372747
0.6841792464
0.0234271828
0.0376064591
0.0393715352
0.0044972040
0.4355204701
0.0717781410
0.0635213777
0.0333490632
0.8819030523
0.0089371232
0.0295162648
0.0342536755
0.0034133331
0.0049018562
0.0439510494
0.0388111323
0.0266111363
0.0079061426
0.9663227201
0.0054445276
0.0124045471
0.0548476465
0.0109966081
1.0460077524
0.0417315364
0.0094309580
0.0158445723
0.7154784799
0.4391830266
0.0270028003
0.0029344019
0.7997719646
0.0063616675
0.0344108604
0.0201649908
0.0073905438
0.0089721773
0.1867827326
0.0149789508
0.0071055917
0.6732468009
0.0227820743
0.9614651203
0.0574443489
0.7307798266
0.0034840575
0.0464381836
0.0285624377
0.0172341727
0.0077557382
0.0158128366
0.0660635829
0.5674831271
0.3185789287
0.0108018359
0.0212904513
0.0274139494
0.0402662903
1.0119073391
0.0111504635
0.0059543443
0.0029245813
0.0033547827
0.0204289891
0.0222546458
0.0537701510
0.7547795773
0.0122627597
0.0096218279
0.1982688755
0.4394363463
0.0581557192
0.0163574815
0.0030300645
0.0062583680
0.9502881765
0.0559991300
0.0420705378
0.0102609051
0.4925743639
0.0680321157
0.0529260300
0.0365555957
0.0039307135
0.0336770117
0.0118155153
0.0123697203
0.0366335139
0.0073939655
0.0109488769
0.0100889560
0.0279627535
0.2609568536
0.0613206364
0.0519417375
0.0145724928
0.7791010737
0.0080566918
0.0160034653
0.0358623490
0.0219208095
0.0473472849
0.5010503531
0.0236510225
0.8430449367
0.0617202260
0.0114558497
0.4401446283
0.0389513671
0.0091361878
0.0342877246
0.2843898535
0.4580644369
0.0071444181
1.0320703983
0.6894500852
0.0286855977
0.0055845249
0.0823015645
0.3054389656
0.0514141247
0.0814742371
0.1055524871
0.2012106925
0.0031554729
0.5719950795
0.0573272221
0.2707512081
0.4975995123
0.0304963645
0.0389900357
0.0468996353
0.9384676814
0.0597150363
0.0048986906
0.9824374914
0.0163722150
0.0101008788
0.5973791480
0.1432774067
0.0052846964
0.0532228909
0.0389576107
0.0048395735
0.8836835027
0.0124054234
0.1667988002
0.0327777006
0.9976806045
0.0372314341
0.0241347197
0.0480399057
0.0039357892
0.0188013222
0.0368312821
0.0161109976
0.0604348853
0.6465163231
0.0116730956
0.1713763773
0.0260260887
0.0190125089
0.0605233051
0.0040664612
0.9478358626
0.1436952353
0.1233595163
0.0147489477
0.0073040510
0.0406705029
0.5662930012
0.0101132244
0.7302293777
0.0109372111
0.7532458305
0.0523878895
0.0233038906
0.0049409252
0.0064071245
0.0735723898
0.0056254445
0.0097234361
0.0304961037
0.0077383048
0.0491768941
0.7223870158
0.0069634221
0.0272762515
1.0306577682
0.1162636802
0.2344529182
0.0384138711
0.0032256637
0.8340210915
0.0040279818
0.6348890662
0.0403956957
0.0446383245
0.5054407716
0.0841693357
0.0904733017
0.0038790978
0.0306648277
0.0112627028
0.0108994422
0.0477548577
0.8296445608
0.1412818134
0.2664470375
0.0246273838
0.8674914241
0.0287518390
0.6000862718
0.5827034116
0.2149641812
0.5075337887
0.0047301422
0.0531510413
0.3837388754
0.0086182663
0.0207545366
0.4490012825
0.0142367724
0.0162576642
0.0322435126
0.0044936799
0.0567776822
0.0446520112
0.0728401989
0.5644559860
0.0039789560
0.0169411488
0.0134987365
0.0099041192
0.0317251235
0.0054779379
0.3100309372
0.0864540488
0.0419613980
0.1143499166
0.0143643506
0.2473171204
0.0262650177
0.0268785041
0.0674973652
0.0906073749
0.0376462378
0.0468654558
0.0278949104
0.0623576790
0.0062712370
0.0072070030
0.0635693222
0.0035178759
0.0614433885
0.0031754009
0.0316120200
0.0107408362
0.0190149397
0.0114676151
0.0644777790
0.0125231110
0.0726561174
0.0681868643
0.0234456006
0.1990364045
0.0091739092
0.3028227985
0.0379800610
0.0262658428
0.0818062946
0.0592094809
0.0293004215
0.2239448130
0.0524160787
0.9682706594
0.8883465528
0.8055548668
0.0077136089
0.0371205807
0.0746642426
0.0156263467
0.4876069427
0.3670190871
1.0272514820
0.2299803495
0.0084027713
0.0084606558
0.0104436744
0.0306574646
0.6735718250
0.9563072920
0.5398947001
0.6827457547
0.0230648555
0.0212741029
0.0282274559
1.0239655972
0.0085637514
0.0260928627
0.0112911193
0.9765707850
0.1617455631
0.0107905501
0.0061574485
0.0056206412
0.9986627698
0.0048641223
0.0504017472
0.0724936426
0.0821314976
0.0050731092
0.0095154447
0.0433520973
0.0947894081
0.4990319014
0.0524144955
0.0106483130
0.0176342577
0.0712830722
0.0275433157
0.0751001015
0.0098024486
0.1819549948
0.0048403121
0.0408676006
0.0149853704
0.1838905513
0.0376471281
0.0844151005
0.0781355798
0.9235434532
0.7519094348
1.0349562168
0.0127978623
0.0034276408
0.8210574985
0.8283995986
0.0303621273
0.0122306235
0.0044597401
0.0102875335
0.3671671152
0.0046467395
1.0893110037
0.0122771161
0.0634897128
1.0325438976
0.8168147802
0.0175446495
0.8582643270
0.0699010566
1.0052691698
0.0233390648
0.0197472330
0.0037428706
0.1277637482
0.0047945343
0.9400891662
0.2717662752
0.0066822344
0.4086135328
0.0571506917
0.0292721167
0.0356769264
0.0494251847
0.0209662970
0.0078337397
0.8131942749
0.0156638343
0.0559428781
0.2822007835
0.0236367211
0.0045372769
0.0155575611
0.0047255629
0.0159515478
0.0385466516
0.0364398547
0.0388286449
0.0040961490
0.0052416627
0.0590768903
0.0055953036
0.0700746253
0.0059525152
0.0476060845
0.0051184008
0.0705351755
0.0227166004
0.4144161940
0.0620314479
0.2491561621
0.8497954607
0.0051085195
0.0250923056
0.8502731919
0.0364193730
0.0519321933
0.0072102477
0.2144379318
0.0397303142
0.0177486967
0.0068859551
0.6911223531
0.7841061950
0.1266439259
0.0749273598
0.7863924503
0.5319699645
0.2206790298
0.0114983255
0.0083811581
0.0148643190
0.0609780103
0.0104233846
0.0035388141
0.1782391667
0.0116961366
0.0095115788
0.0044336924
0.0625802651
0.0079845209
0.0181362759
0.0285238028
0.0619305819
0.0542354472
0.0660077408
0.0060886531
0.0051189414
0.0050999573
0.0547430366
0.0144324722
0.0610319898
0.0267623570
0.0277664941
0.0133212898
0.3435397744
0.0082761711
0.0691298842
0.0060592187
0.7679135799
0.7478648424
0.1752308905
0.0069710012
0.0098758433
0.0077855387
0.0044271080
0.2165400088
0.2672931850
0.0078473305
0.0094393501
0.0078727156
0.0105398903
0.0211959910
0.0122559313
0.2034389228
0.0083579216
0.0273244400
0.9165697694
0.0074056392
0.0776167884
0.9328550696
0.0091649313
0.1933240891
0.0099526467
0.1336590350
0.0075723650
0.0576024912
1.0453894138
0.0322540738
0.0263020005
0.0067293467
0.9817887545
0.0102978237
0.0072463946
0.0177319143
0.1056083217
0.0097205620
0.0289473608
0.7609127164
0.0075937151
0.0143735847
0.1268930286
0.0292520784
1.0650913715
0.0543093272
0.0340771861
0.0189834330
0.0310417078
0.4001806676
0.0208964236
0.1402107626
0.0146849761
0.0198616274
0.0546547286
0.0858887658
1.0732401609
0.0188978538
0.0558137186
0.0344292149
0.0700306222
0.0191250648
0.0696846694
0.0574034490
0.0707566366
0.1579623073
0.2032482773
0.0056772307
0.0378651507
0.0393026695
0.3422826231
0.0197577123
0.0122055709
0.0141305262
0.0513678528
0.0069581806
0.0100165708
0.0152327400
0.0592201501
0.5609102845
0.3697119653
0.1137703955
0.0664813071
0.0303956140
0.0701919794
0.0057141217
0.0457014553
0.0575828217
0.0261829067
0.0179234948
0.0491394550
0.0050898055
0.0182515718
0.0185333155
0.0311770458
1.0966488123
0.0242997166
0.0033846260
0.0077706282
0.0369918533
0.0294999015
0.0213978440
0.0986060575
0.0476962142
0.0641646907
0.0403415710
0.0064824466
0.0077316011
0.0348791331
0.0309931934
0.2924819589
0.0534101240
0.0061597028
0.0345963873
0.0602841713
0.0390804261
0.0040581031
0.0235551614
0.0677208677
0.0212336592
0.0092554567
0.3088714778
0.4575490355
1.0043655634
0.0071821865
0.0059841424
0.1917113960
0.1815421432
0.0463883914
0.0135456808
0.0485076569
0.2773306966
0.4007276297
0.0248921067
0.0039383853
0.0566637889
0.0678042173
0.0281289313
0.0152232293
0.0435491130
0.9269502759
0.0111183934
0.0043266378
0.4262989461
0.0110636661
0.0076859165
0.0253612194
0.0445707552
0.0373044312
0.0312759280
0.0522953905
0.0045682979
0.1212070808
0.0117549226
0.0045769969
0.0063696769
0.1731007099
0.0339561887
0.0537132137
0.0577988848
0.0372824110
0.0127909537
0.0724860206
0.0128124934
0.0677420497
0.0622389652
0.0487591550
0.0604570210
0.0096762544
1.0038814545
0.1538171619
0.2812227011
0.0122053958
0.0570213906
0.0066043404
0.0055448688
0.0040323399
0.4500410259
0.0036087404
0.0136370566
0.1287026703
0.0152655113
0.0069685774
0.0466819927
0.0149702849
0.0703656748
0.0207083412
0.0030310741
0.0377166271
0.1538576186
0.0269764941
0.0078236787
0.0329946727
0.0089244265
0.0057197539
0.6817770600
0.0508527942
0.0215310901
0.0672073588
0.0046514589
0.0283506252
0.0413317345
0.2756574750
0.1219689995
0.0105646225
0.0151210781
0.0228472725
0.0206593517
0.0998879969
0.0047984510
0.0073613552
0.0039120396
0.0159265362
0.0947548151
0.0483348258
0.0388329625
0.0033962047
0.0092728827
0.9647578001
0.0435568169
0.0436032042
0.0362824537
0.1011542380
0.0178540703
0.0993944854
0.9037004113
0.0627782941
0.0169814546
0.0096204448
0.0171003658
0.0168461110
1.0641510487
0.5600576997
0.0361886472
0.0079963254
0.0703211799
0.0119953239
0.9118199348
0.0059066634
0.0049101915
0.0110062547
0.0296771415
0.0076419543
0.0282528494
0.0102663627
0.0129803484
0.0190170910
0.0131907538
0.0359595791
0.1197655275
0.0211088881
0.0045454740
0.0690939352
0.3812750280
0.0250015203
0.1072642356
0.1062039360
0.3369885683
0.0260131545
0.4620772600
0.0317342170
0.1290213466
0.0411711074
0.0601530187
0.0076257484
0.1983737350
0.2777728438
0.0659545735
0.0438958891
0.0211498160
0.0385276340
0.0138524910
0.0203599241
0.0243341625
1.0160950422
0.0061484962
0.4658298194
0.1980528831
0.1084560379
0.0720502213
0.0465631261
0.0486391708
0.0364137441
0.0444643982
0.0080946740
0.0078176036
0.0134125492
0.0158192553
0.0666539669
0.2437032163
0.0107498132
0.0364911593
0.8885655403
0.0720414519
0.0202907734
0.2134612948
0.0207354948
0.2905550301
0.0055733500
0.0099737085
0.0688503757
0.4805412591
0.0106998505
0.0212318245
0.0421431586
0.0506600961
0.5806968808
0.1148833632
0.0105681987
0.0227329209
0.5630087256
0.0248931460
0.0221934896
0.0088072121
1.0163466930
0.0529410243
0.0037424190
0.3550044596
0.0116239116
0.0191179849
0.0130283413
0.0558207892
0.0488640778
0.2547031939
0.3593023419
0.0111435354
0.0298030321
0.0351014398
0.0645415187
0.0568168946
0.0129302591
0.0265246071
0.0706094801
0.0574676879
0.0101340981
0.0134200230
0.0050477837
0.0434028953
0.0037160635
0.0135246757
0.0235706475
0.2598424256
0.0301815830
0.8962951303
0.0094102882
0.0106592430
0.0142997019
0.0272274222
0.0455642752
0.8948211670
0.0615738258
0.0161561370
0.0417610742
0.0670354366
0.1771881878
0.0474014357
0.0047249580
0.0229798276
0.0285272058
0.0053535830
0.9266532063
0.0339597315
0.0173010621
0.0032505817
0.0033428688
0.0036928102
0.0556590669
0.0579131544
0.1473153830
0.0029666917
0.0081928531
0.1043699980
0.0066038058
0.0336665474
0.0856283903
0.0974370316
0.0147572625
0.0067304019
0.0131097417
0.1210766509
0.0500282608
0.0094417557
0.6725260615
0.1568468064
0.0063332492
0.0060319346
0.0253808238
0.6449041367
0.1133234426
0.0367756411
0.0694028512
0.0283777695
0.0085213054
0.0231605861
0.9466364980
0.0468566567
0.0089649204
0.2416899353
0.0139476750
0.0063251839
0.0483168326
0.0723716170
0.0049626012
0.0075850147
0.0121657988
0.8853085041
0.0284161456
0.0099673457
0.0585096814
0.9041748643
0.3366816044
0.0279022455
0.0303370114
0.9235295653
0.0085100932
0.9250223041
0.0232792776
0.0656690821
0.0097953472
0.0117957229
0.2267356962
0.0756411850
0.1944423914
0.0247120615
0.0577382334
0.0956572071
0.4969670475
0.0733197257
0.3431366086
0.0279607940
0.0107035181
0.2405530661
0.0501846895
0.0468298867
0.0384261236
0.0089475857
0.1967254132
0.9520037770
0.0112790754
0.0122507326
0.0160044916
0.1267684847
0.0643075109
0.0137026981
0.0061382935
0.1048040539
0.0400163271
0.0727413669
0.0431885421
0.0225150660
0.0210052803
0.0315561630
0.0119152069
0.0041890955
0.0851661265
0.0297286082
0.0130767664
0.0652401075
0.1587623060
0.5236803293
0.2644628286
0.0320756473
0.0038817062
0.3067629039
0.0228042305
0.0460362323
0.0581871234
0.0156837143
0.0531590544
0.7421020865
0.3400287032
0.0112867951
0.9338945746
0.0509817451
0.0718441829
0.0356450602
0.0362155102
0.0352080539
0.0552012958
0.0060217851
0.7323228717
0.0073117823
0.3568674326
0.0052024899
0.0323737152
0.0135834860
0.9622108340
0.0495948680
0.0166466851
0.0077837990
0.0157667976
0.0033634177
0.0062282356
0.0075455317
0.0163866356
0.6118457913
0.0421455875
0.0163077489
0.0561682768
0.0117392940
0.0051752282
0.0182454623
0.0098219560
0.2733407617
0.0044210316
0.0217526220
0.0674523413
0.0043753618
0.0094882576
0.2621547580
0.3264317214
0.2335619181
0.0165545158
0.5600779653
0.0302938372
1.0324633121
0.0043505104
0.0803918242
0.0945825949
0.3917871118
0.0044594370
0.5005187392
0.2476779372
0.0698678493
0.0863895565
0.0354700573
0.0145372981
0.0599239767
0.0282850750
0.0575839579
0.0371965915
0.2565231025
0.1763221622
0.0071824342
0.0113824438
0.0659209415
0.0088211782
0.0033181508
0.0335403457
0.0159872007
0.0538657457
0.0069050496
0.0562021285
0.0047138399
0.0286285318
0.0734004602
0.0245141331
0.6502023339
0.0125964545
0.0126900915
0.0300114527
0.0535532795
0.0404795595
0.0289557967
0.0531311631
0.0417711027
0.0104307234
1.0077439547
0.0150739439
0.9366492629
0.4462255538
0.1328789592
0.1769915819
0.0093631707
0.0268359818
0.0185181182
0.0713513717
0.6222997904
0.0160565712
0.0544403940
0.0105716484
0.0836200714
0.0041943719
0.1345881075
0.0311462209
0.0039459476
0.0559710525
0.0062613622
0.0927071124
0.0303624794
0.0074183177
0.4110881090
0.0339672901
0.0142544508
0.0087938830
0.0216192491
0.0562928021
0.0714581758
0.0046157283
0.0557259209
0.0240431670
0.0188267957
0.0239027683
0.0189676005
0.3931955993
0.1971522868
0.0194551554
0.0041374825
0.0073067020
0.0362528078
0.0304340720
0.2541952133
0.2295097411
0.0124731977
0.0042864121
0.0034838160
0.0923351720
0.0721538588
0.0375476927
0.0668919533
0.0532569662
0.3928962648
0.0309039075
0.0714386106
0.2103937864
0.0038787306
0.0837396681
0.2608856559
0.0074519762
0.0398147702
0.1117966324
0.0245282371
0.2573688626
0.0111148963
0.0397258624
0.0604298413
0.2775264382
0.5715648532
0.0151181063
0.0073294337
0.3362822235
0.0114710657
0.9752609134
0.0311121140
0.0243849177
0.0059847618
0.0156187955
0.0293524619
0.0102820862
0.0093096113
0.0115782991
0.0193435773
0.0046665543
0.5636830926
0.2629886568
0.0049075964
0.0086577320
0.0056553823
0.0576303676
1.0058876276
0.0278069656
0.0036858812
0.0069903559
0.0901168063
0.2357260585
0.0062396568
0.0185423139
0.0089529622
0.0086917998
0.0083356537
0.0275617912
0.0235906933
0.0130940080
0.0269412547
0.0056432658
0.0198337547
0.0522464812
0.0309130661
0.0029910230
0.0197711308
0.1201837286
0.0685296655
0.0540272668
0.0088874903
0.0102254078
0.0554373674
0.0469881110
0.0407672301
0.0040594819
1.0713759661
0.0117586730
0.0530900061
0.2168606371
0.2800323963
0.0808306858
0.5379927158
0.0294353087
0.0404521152
0.0414288007
0.0159787536
0.0158433523
0.0230368320
0.0229615699
0.0140819587
0.9578971863
0.7018265128
1.0517220497
0.0521109179
0.0138894338
0.0161273591
0.0032893943
0.0556232296
0.0134848710
0.2392236292
0.0049971780
0.0449962988
0.0208629575
0.0125278439
0.0103685576
0.0528953634
0.0174116511
0.0065569165
0.0039708419
0.0558309630
0.0223591402
0.0032395951
0.0254497733
0.0641304255
0.0136224534
0.0169324186
0.0559589453
0.0067825522
0.0048060119
0.0116783027
0.0030323181
0.0397180654
0.0068087215
0.0637099743
0.0663313568
0.1200668812
0.0481729768
0.0396417677
0.3379788697
0.0180651508
0.0526785553
0.0559712052
0.0545301251
0.0657797307
0.0856362432
0.0073862425
0.4474819303
0.0443469658
0.0741371363
0.0154867433
0.1741374284
0.0058343005
0.0527067818
0.0168419443
0.0625056177
0.0452813916
0.0470413715
0.0818198249
0.0374262817
0.0437922962
0.1392259151
0.9468563199
0.0053073056
0.0039556087
0.0468395725
0.0315143317
0.0651426986
0.0677205473
0.0270192772
0.0701477081
0.0625854880
0.0481801443
0.0250157788
0.4740678668
0.0235484075
0.0490039177
0.0398387052
0.0215873774
0.0566362813
0.0469510891
0.0057439227
0.0598717481
0.0032645075
0.0537758432
0.0070235366
0.0041737463
0.0675448924
0.0165613815
0.0507888794
0.0089557990
0.0336858630
0.0050620330
0.0314458199
0.0279892124
0.0031623193
0.0668058172
0.0623123311
0.0137563432
0.0078161526
0.0422386006
0.0501642823
0.1908930689
0.0300667379
0.6694457531
0.0032167709
0.0077753477
0.0889611468
0.0077803009
0.0430623144
0.0730464607
0.0117767565
0.0048673698
0.0287178103
0.2328417152
0.0170734003
0.1115298346
0.0215629879
0.0353291407
0.0042273067
0.0280570295
0.0061476496
0.0150548322
0.0681686103
0.0234954674
0.0050475406
0.0064755594
0.0043896679
0.0680347532
0.0549952909
0.0519939549
0.0358237699
0.6110892892
0.0724245608
0.0513819158
0.0664534941
0.0573447943
0.0332611538
0.0033327057
0.0617611445
0.0398703925
0.0093720620
0.0034470696
0.0122473529
0.0228113942
0.0582121275
0.0245882124
0.0074199173
0.0226839706
0.0568850078
0.0077599101
0.0541603602
0.0038516072
0.0234724954
0.0595048182
0.9078809023
0.0408824645
0.0039234278
0.0194440316
0.0089782504
0.0495576262
0.0576763712
0.0041995365
0.0823800415
0.0399952494
0.0051305862
0.0339896642
0.0174275432
0.0349519216
0.0115023106
0.0634764582
0.0182606429
0.0093567995
0.0110722017
0.0088230632
0.0032050989
0.0129328538
0.0467327200
0.0280331187
0.0480069518
0.0160247143
0.0049014539
0.0049382178
0.0343816914
0.0110783912
0.0046749632
0.0109854965
0.0106758000
0.0080490559
0.0361834578
0.0174432676
0.0335397124
0.0291904379
0.0034245420
0.0044526188
0.0247744881
0.0075672478
0.0687793940
0.2361300737
0.0264868420
0.0235487167
0.2173707932
0.0207516272
0.0028849209
0.0320793763
0.0297626276
0.0084980996
0.0118178651
0.0462686457
0.0139348330
0.0675206184
0.0196558796
0.0031788375
0.0096108643
0.0206212625
0.0037063344
0.0157045592
0.0121985748
0.0536664315
0.0418872051
0.0070581757
0.0555558316
0.0169702116
0.0244985744
0.1822353750
0.0485046133
0.0548833534
0.0724838227
0.0160760004
0.0050175693
0.0599265695
0.0221876483
0.0308840889
0.2940464020
0.0052327914
0.0382318646
0.0234310851
0.2357720286
0.0416122153
0.0359599665
0.0223335829
0.0487840585
0.0187636744
0.0316933654
0.0064102616
0.0084998058
0.0381213650
0.0163104236
0.0146170286
0.0215906128
0.0258986373
0.0872828364
0.0034934338
0.0127082942
0.0258164424
0.0717729405
0.0127803814
0.0338787250
0.0121978167
0.0147421155
0.0402960032
0.0453355014
0.0355642959
0.0477179363
0.0701734424
0.0278006736
0.0214446150
0.0348265618
0.2050023824
0.0043254555
0.0395755768
0.0052114381
0.0568511486
0.0240995996
0.0041148015
0.0076799160
0.0098839961
0.0032135497
0.0062349010
0.0057166936
0.0275704991
0.0159508903
0.0056677298
0.0512409136
0.0092448527
0.0179603919
0.0050883587
0.0056571397
0.0559065640
0.0680725798
0.0511243939
0.0499196574
0.0164146423
0.0033806658
0.0172596835
0.0232113376
0.0353444815
0.0671665519
0.0722613782
0.0238920469
0.0057938034
0.0480038412
0.0214446671
0.0452137105
0.0439369790
0.0665165260
0.0401517451
0.0044322317
0.0037245117
0.0039193677
0.0082813511
0.0320923850
0.0712318420
0.0055458145
0.0348087437
0.0231052358
0.0257666577
0.0213714186
0.0142728109
0.0208706632
0.0065462734
0.0372668207
0.0282096155
0.0067697274
0.0657842830
0.0188925434
0.0693644211
0.0681886673
0.0279381014
0.0576161295
0.0547289550
0.0458988659
0.0302564651
0.0220018141
0.0474531278
0.0504868105
0.0224642772
0.0273235161
0.0414412245
0.0390594862
0.0040026736
0.0033930570
0.0235430654
0.0474481545
0.0434076674
0.0231763572
0.0042142528
0.0040354775
0.0342840068
0.0032118093
0.0042562843
0.0663219094
0.0495123863
0.0614231825
0.0340142250
0.0669711754
0.0390356332
0.0311666057
0.0255039074
0.8472472429
0.0112619465
0.0588226095
0.0561484322
0.0193616133
0.0124579947
0.0040619187
0.0206696726
0.1259796619
0.0492960364
0.0179785565
0.0707436427
0.0088737700
0.0263313502
0.0268498082
0.0353030488
0.2782024443
0.0712508336
0.0838445351
0.0294126812
0.0171309412
0.0527430214
0.0675301328
0.0312516205
0.0273171011
0.0040852302
0.0042473194
0.0186018441
0.0339436233
0.0338554606
0.0163257755
0.0044402932
0.0160281118
0.0727743655
0.0182515960
0.0660008863
0.0725488737
0.0298885256
0.0047174934
0.0183076486
0.0283684675
0.0554058477
0.0441541038
0.0470534377
0.0124805197
0.0482390262
0.0255651176
0.0946016759
0.0046916092
0.0138907265
0.0077090515
0.0702348351
0.0171130840
0.0480139628
0.0402405113
0.0147409709
0.0034554726
0.6653571725
0.0186487790
0.0531748496
0.0204901211
0.0127411503
0.0505691208
0.0074020661
0.0225492306
0.0196832195
0.0053877300
0.0145416996
0.0078009558
0.1604856104
0.0121211717
0.0327102244
0.0155334845
0.0254860409
0.0037455068
0.1073905006
0.1848628223
0.0667563528
0.0345728584
0.0107436981
0.5904542208
0.0036156047
0.0104666604
0.0197472833
0.0093553718
0.0032234555
0.0429152809
0.0319136493
0.0486484021
0.0196954515
0.0097219348
0.0099939788
0.0774356946
0.0083988393
0.0320512056
0.0647893548
0.0326084495
0.0234126914
0.0231849942
0.0853291079
0.0051118480
0.0032494969
0.0617231950
0.0446581170
0.0088072056
0.0061662812
0.0648262650
0.0315596499
0.0056426520
0.0093852337
0.0525783859
0.0095371893
0.0440003052
0.0447474122
0.0125008160
0.0464929491
0.0079611130
0.0213658717
0.0637978390
0.0060644220
0.0054342258
0.0422874615
0.0323339403
1.0690338612
0.0032702440
0.1273505837
0.0091560166
0.0752601996
0.0994102433
0.0058098664
0.0251654088
0.0607196242
0.0683161840
0.0718705952
0.0089250943
0.0182063915
0.0058761938
0.0092580784
0.0606996082
0.0206104834
0.0566516705
0.5455077887
0.0158476029
0.0434103832
0.0040410948
0.0029588232
0.0064452835
0.0399323069
0.2982859612
0.0078313444
0.0068038860
0.0229361206
0.0892846435
0.0033250819
0.0459464118
0.0207646526
0.0169606749
0.0111857112
0.0127844019
0.0030602305
0.0100091938
0.1173112169
0.2743716538
0.0569602214
0.0073670852
0.0558381788
0.0339283012
0.0096631413
0.0119048124
0.0243560057
0.0216101445
0.0265482143
0.0036510760
0.0380396321
0.0083783092
0.0357585698
0.0451241396
0.0469676740
0.0037932862
0.1017363444
0.0056259246
0.4989257455
0.0603999533
0.0826715231
0.0336872861
0.0272216629
0.0195685551
0.0580558851
0.0205597170
0.0101343775
0.0369322412
0.0224671103
0.8739796877
0.0140118822
0.0792713538
0.0065231416
0.3048895001
0.0105963768
0.0464666747
0.0196903162
0.0081863329
0.0323644839
0.0047110817
0.0659439415
0.1974633485
0.0188785549
0.0570758134
0.1777219772
0.0060850019
0.3811904788
0.0282539763
0.0286079142
0.0490135029
0.0414367579
0.0374628454
0.0372188613
0.0161999855
0.0074880570
0.0245676003
0.0061901393
0.0468476266
0.0153997215
0.0192646869
0.0189418234
0.0354194492
0.0421363078
0.0035765425
0.0061881035
0.0494693331
0.0664007887
0.0850541964
0.0223320201
0.0048658177
0.0220699683
0.0723988116
0.0505593531
0.0095813815
0.0172903631
0.0082304711
0.0248056781
0.0048746369
0.9607394338
0.0185725857
0.0274174344
0.0172584374
0.0099447593
0.0173591524
0.0142974099
0.0691831484
0.1801664084
0.0136053162
0.0043427199
0.0032208671
0.0058744904
0.0490388870
0.0285140555
0.0193397291
0.0046768365
0.0451702140
0.0110414615
0.0301194135
0.0154759847
0.0578451045
0.0322612785
0.0196975600
0.0441609286
1.0296406746
0.0414599665
0.0098023610
0.0190589726
0.0331317708
0.0126728108
0.0060760388
0.0143460790
0.0541450530
0.0037839853
0.0395050421
0.0055264705
0.0340810381
0.0697049126
0.0192473140
0.0483326390
0.0378498621
0.0036889391
0.0323480703
0.0129323266
0.0709058940
0.0113697806
0.0081313699
0.0286880191
0.0395874232
0.0070097395
0.0118420310
0.0346222110
0.0125000374
0.0047692000
0.0233574044
0.0039666318
0.1210949570
0.0099827778
0.0281470250
0.0067622014
0.9559085965
0.1361219436
0.0656316727
0.0368634500
0.0453984626
0.0231890064
0.0616600029
0.0053051463
0.0372533165
0.4530050755
0.1432500184
0.0408570804
0.0177061576
0.0665379912
0.0069898958
0.0964155495
0.0187134370
0.0262361262
0.2150590420
0.0430840440
0.3055778444
0.0275542755
0.0266319420
0.0688608661
0.0179341361
0.0049522528
0.1059944555
0.0170446336
0.0457043089
0.0038230205
0.0278423540
0.0060064932
0.0435558893
0.0310529154
0.0437747054
0.0314918272
0.0169148762
0.0524814203
0.0153227281
0.0045754798
0.0569648631
0.0096479459
0.0512551405
0.0611544177
0.1842714697
0.0087794373
0.0750320479
0.0183214732
0.0132541135
0.1111058369
0.0161731336
0.0271253940
0.0085613113
0.0179820936
0.0396961160
0.0099495472
0.0605578013
0.0732848421
0.0049837399
0.2386955321
0.0158795156
0.0109683247
0.0212164670
0.0135210687
0.0064084046
0.0157898199
0.0082437191
0.0047587585
0.0031717806
0.1812197715
0.0099570230
0.0322240405
0.0275129732
0.0495253652
0.0571334548
0.8192819953
0.0191375893
0.0052259415
0.0154459439
0.0074353581
1.0721658468
0.0208943952
0.0196803845
0.0340124369
0.0046633198
0.0607577339
0.0519164503
0.0662446022
0.0588782579
0.0196831673
0.0703975931
0.0386688672
0.0494555160
0.0064312727
0.0459944457
0.0458066389
0.0082368730
0.0037146159
0.0538544133
0.0183003936
0.0272653848
0.0244055819
0.0132919336
0.0314194560
0.0079709683
0.0099190716
0.0276910085
0.0402047038
0.0081342263
0.0033984506
0.0102104014
0.0092702452
0.0203869138
0.0283290409
0.0054572732
0.0097506680
0.0074221059
0.2462971658
0.3444053233
0.0238248631
0.0050523472
0.0390760452
0.0130684040
0.0695564598
0.0033496171
0.0102173416
0.0214399844
0.0930658206
0.0706791729
0.0043487805
0.0085805561
0.0176627729
0.0379209854
0.0230729170
0.0051120361
0.0065256893
0.0827348903
0.0417682752
0.0678841099
0.0206377096
0.0180208925
0.0228363834
0.0035870052
0.0031337915
0.0047382694
0.0173628479
0.0064880596
0.0684963316
0.0405535959
0.0100761941
0.0055515263
0.0065698102
0.0056607835
0.0031692695
0.0391668826
0.2139972895
0.0266933460
0.0160162877
0.0402747542
0.0043852008
0.0678485781
0.0653358549
0.0215226319
0.0472743064
0.0684110373
0.0458377786
0.0030102527
0.0141539574
0.1626668870
0.0289388429
0.0038393761
0.1205126420
0.0426406376
0.0112869814
0.0032391420
0.0068818345
0.0728958026
0.0133907357
0.0486553796
0.0132058505
0.1101807281
0.0087893372
0.0721197799
0.0591208376
0.0200483464
0.0460167564
0.0186669044
0.0236585867
0.0805334970
0.0196769610
0.0211174972
0.0171290934
0.0353392102
0.0029751400
0.3975888491
0.0516392067
0.0172072873
0.9395483136
0.1496509910
0.1067078859
0.0029268214
0.0376118831
0.0103598684
0.0454200357
0.0127465185
0.0641053021
0.0398678184
0.9537806511
0.0273170359
0.0033887608
0.0041461540
0.0041827732
0.0044211010
0.0169377308
0.0060662660
0.0040518236
0.0134492926
0.0405318476
0.0429360643
0.0376196764
0.0362791121
0.0048353239
0.0419733860
0.0148423146
0.8196820021
0.0427013859
0.0442701392
0.0232310407
0.0505174845
0.0090221707
0.0328179635
0.0303416420
0.0107541233
0.0206914246
0.0071203532
0.0343306772
0.0439854600
0.0224692263
0.0403395034
0.0099984491
0.0320455804
0.0033402888
0.9736576676
0.0299055558
0.0635583848
0.0060250149
0.0238601808
0.0354322456
0.1370458752
0.0392956212
0.0033913015
0.0207132082
0.0939414501
0.0184890740
0.0146350693
0.0501690879
0.0201715641
0.0075635682
0.0125808800
0.0177440476
0.0117791723
0.0666598231
1.0825703144
0.0339014493
0.0042648101
0.0641463399
0.0495503172
0.0209468454
0.0226310864
0.0542594306
0.0354926139
1.0799778700
0.0284681432
0.0042567388
0.0588490851
0.0450674482
0.0032857934
0.0722924545
0.0475135595
0.0567181595
0.0144557729
0.0344977342
0.0049733147
0.0814530179
0.0151382554
0.1179956421
0.0288418271
0.0364018083
0.0073349494
0.0390804969
0.0227587130
0.0034026473
0.0053650085
0.0226314291
0.0594476014
0.0109801199
0.0302098021
0.0203163084
0.0215537045
0.2826661468
0.0457621738
0.0045148861
0.0948895589
0.0208058115
0.0046426291
0.0629392862
0.0161271784
0.0178326573
0.0097774845
0.0657823756
0.0066373399
0.0398199409
0.0162513778
0.0746644214
0.0074333297
0.0037569937
0.0172937717
0.0537708700
0.0702241138
0.0032320523
0.0537813269
0.0377455540
0.0269576702
0.0030215557
0.0106158368
0.0343174711
0.3581920266
0.0068867365
0.3540506661
0.0426273867
0.0094394619
0.0114871953
0.0472134575
0.0916488692
0.0172550734
0.0073587899
0.0151857501
0.0217331070
0.0097724721
0.0458887443
0.0234246980
0.0423104689
0.0374064669
0.7059507966
0.0225251205
0.0393659212
0.0194624383
0.0243903473
0.0408808067
0.0106576867
0.0683705732
0.0559388921
0.0538217425
0.0278193522
0.0295227580
0.0194257572
0.0036854369
0.0428290702
0.0090399189
0.0070127156
0.0674897954
0.0078465929
0.0076078288
0.0653906390
0.0519028008
0.2388634235
0.0503293313
0.0069596660
0.0214732587
0.0052129934
0.0056301397
0.0152590340
0.0082375724
0.0342220739
0.0106620230
0.0205837041
0.1850880533
0.0292941108
0.0175104290
0.0551690832
0.0354840234
0.0096682962
0.0054958300
0.0110719912
0.0170350969
0.0636362359
0.0476068556
0.0654334500
0.0059880633
0.0036403418
0.0175291058
0.0312406216
0.0627265945
0.0190613419
1.1054755449
0.0648434013
0.0196703710
0.0843887627
0.0198863298
0.0341406129
0.0193057433
0.0047651180
0.0721003860
0.0043418854
0.0176884141
0.0101465052
0.0521518886
0.0100127533
0.0141476430
0.0064074029
0.0711143315
0.0056416229
0.0242149252
0.0687923804
0.0592182428
0.0052035782
0.0158469826
0.0120027587
0.0154711949
0.0072774002
0.0520160161
0.0666539893
0.0155984890
0.0236566402
0.0283088535
0.0043809735
0.0144507987
0.4145766795
0.0307933521
0.0175034571
0.0169059671
0.1659981906
0.0088743968
0.0403770544
0.0239546038
0.0400101058
0.0337907411
0.0560324118
0.0849258006
0.0508409478
0.0224234704
0.0428869203
0.0034887425
0.0621869303
0.0659617707
0.0274035484
0.0500937961
0.2403487712
0.0091580646
0.0225887429
0.0218144190
0.0053433082
0.0358071178
0.0524621159
0.0575986393
0.0060940050
0.0451321900
0.0350589603
0.0371846668
0.0140552716
0.0236811507
0.4150477648
0.0366920270
0.0211000219
0.0090855574
0.0160122979
0.0508656502
0.0221372899
0.0135400919
0.0480881445
0.0186351836
0.0245731883
0.0247717574
0.0451412350
0.0048583192
0.0462415926
0.0723168552
0.0111234989
0.0031687985
0.0347942337
0.0809241831
0.0059942910
0.0038449175
0.0398580506
0.0585219860
0.0258575920
0.0036010302
0.1631096601
0.0288602971
0.0101226512
0.0640187860
0.0585026853
0.0522639044
0.0627213046
0.0276409499
0.1453400999
0.0258727875
0.0315026492
0.0670737699
0.0085922955
0.0142570715
0.0047281352
0.0151850106
0.0043819221
0.0488123782
0.1526457369
0.1378734857
0.0040449165
0.0035676563
0.0759122595
0.0285494998
0.0373474248
0.0083258599
0.0321342833
0.0029979991
0.0222685598
0.0646917000
0.1705179214
0.0372343212
0.0677794814
0.1113600284
0.0683275014
0.0049798884
0.0042834166
0.0137802195
0.0098290285
0.0075180428
0.0281631164
0.0041812323
0.0067038159
0.0056796172
0.0248801745
0.0039185449
0.0037046585
0.0175419934
0.0568186864
0.0440029465
0.0077011781
0.0039138263
0.0061527113
0.0267939698
0.0330876596
0.0608495288
0.0031935971
0.0214261785
0.0090735173
0.0239289515
0.0714338496
0.0100333821
0.0104330909
0.0244198982
0.4089495838
0.0083812624
0.0899899751
0.0307688005
0.0115120076
0.0035562492
0.0094542177
0.0316871516
0.0432497561
0.0166534223
0.0471558198
0.0149182035
0.0158240758
0.0192808099
0.0625377372
0.0424447618
0.0352905169
0.0242783446
0.0662750900
0.0186786875
0.0844101906
0.0099881422
0.0041291681
0.0367584936
0.0046417546
0.0032041436
0.0152662452
0.0125379153
0.0302120280
0.0106159672
0.0068077524
0.0440902524
0.0401845798
0.0036851852
0.0031143583
0.0621511899
0.0475018583
0.0062552299
0.0435700864
0.0079953941
0.0035695615
0.0093073873
0.0151252085
0.0152423158
0.0054780422
0.0060992804
0.0292315185
0.0708712712
0.0282984283
0.0053487914
0.0187532175
0.0121879922
0.0563401356
0.0085376082
0.0083592795
0.0091851475
0.0143091651
0.0072867488
0.0356700756
0.0493219532
0.0625599250
0.0220175330
0.0103169931
0.0175484177
0.0033969497
0.0255231895
0.0695103332
0.0633461252
0.0060168393
0.0067186062
0.0664250851
0.0050878907
0.0266378354
0.0101792216
0.0040691486
0.0135354847
0.0064639258
0.0157530420
0.0189983565
0.0479658246
0.0539220199
0.0086243488
0.0648147464
0.0088543864
0.0162350070
0.0156371333
0.0279383976
0.0035316169
0.0408635326
0.0047961357
0.0116600581
0.0716807097
0.0100164553
0.0222082939
0.0458829366
0.0029788588
0.1624105275
0.0527188480
0.0197114293
0.0243036803
0.0034827231
0.0927041620
0.0248623118
0.0048542586
0.0036274812
0.0042172968
0.0101166219
0.0601107739
0.0076512825
0.0037731291
0.0350896604
0.0042596851
0.0592205822
0.0051198467
0.0050471439
0.0141126290
0.0145048862
0.0105187967
0.0039843745
0.0052927956
0.0216484684
0.0121707069
0.0225694980
0.0101421652
0.0062570204
0.0063505340
0.0739329383
0.0139153562
0.0307572074
0.0544060990
0.1272598505
0.0266586766
0.0529866926
0.0142145781
0.0229680501
0.0378548019
0.0205143783
0.0510617904
0.0036431970
0.0038515583
0.0150955617
0.0353981294
0.0130551709
0.0109656677
0.0525150225
0.0579118542
0.0045489301
0.0030686131
0.0086416090
0.1593624651
0.0288237929
0.0036102412
0.0052942540
0.0393482298
0.0702797472
0.0188721363
0.0092053600
0.0478324145
0.0047395583
0.0638486296
0.0198713075
0.0210165922
0.0036782138
0.0475098491
0.0043333801
0.0037810556
0.0250989832
0.0506938584
0.0134800160
0.0034100092
0.0206311531
0.0039943852
1.1227859259
0.0197055098
0.0038680849
0.0242075603
0.0338258445
0.0241202228
0.0553132147
0.0574433543
0.0221479293
0.0133794323
0.0065397583
0.0104229618
0.0169262532
0.0053329212
0.9633149505
0.0081626326
0.0447036475
0.0267269816
0.0050029042
0.0162811186
0.0411730036
0.0174720194
0.0107239578
0.0420045815
0.0038522535
0.0266857948
0.0053973477
0.4545274377
0.0703036413
0.0038871306
0.1688093692
0.0124935331
0.0589362457
0.0079741906
0.0408070907
0.0646155179
0.0294867847
0.0279797707
0.0373263247
0.0394755937
0.0089194989
0.0714028701
0.0144843543
0.0106283491
0.0156719014
0.0212643985
0.0207550917
0.0084523158
0.0698576495
0.0472157001
0.0299665220
0.0616742074
0.0458468832
0.0098247854
0.0194077231
0.0129521610
0.0524552017
0.0075018601
0.0322891660
0.0216548014
0.0267141555
0.0334825888
0.0397459492
0.2378522754
0.0436334088
0.0503143147
0.0110456683
0.0642280430
0.0552660227
0.0649874434
0.0210932288
0.0522655100
0.1951045692
0.0312019344
0.0041789189
0.0361596271
0.0353241898
0.0711748302
0.0132494988
0.0746441409
0.0062844269
0.0296852309
0.0309835691
0.0769127384
0.0334544480
0.0081548691
0.0618114807
0.0177060235
0.7853010297
0.0155863343
0.0258172099
0.0041618212
0.0043551247
0.0236346666
0.0030912131
0.0141616771
0.0492351614
0.0572770685
0.0316566154
0.0032725963
0.0473448224
0.0605389439
0.0782317221
0.0052754204
0.0036294297
0.0030151291
0.0431068353
0.0104073174
0.0159557238
0.0547465533
0.0298803356
0.0228237454
0.0060155122
0.0031445068
0.0426448062
0.0043428205
0.0051643760
0.0100946082
0.0995268673
0.0249314308
0.0398698747
0.0068380651
0.0312478971
0.0701291338
0.0250160061
0.0347733200
0.0251155850
0.0140729863
0.0045931367
1.1387195587
0.0118100028
0.2552141845
0.0571402982
0.0050762598
0.0124168284
0.0655183569
0.0357314646
0.0054043364
0.0331100710
0.0309109241
0.0100195203
0.0121091409
0.0050505516
0.0052331099
0.0106305517
0.0179285873
0.0448663086
0.3611710668
0.0210746732
0.0164079722
0.0097747855
0.0138154579
0.0677585825
0.6355531812
0.0198541470
0.0112354327
0.0307780560
0.0197808258
0.0055432455
0.0615997016
0.0297581796
0.0184676684
0.0199279897
0.0205943044
0.0103942715
0.0679863319
0.0361277834
0.0219129603
0.0903930664
0.0670914724
0.0313849859
0.0051212125
0.0221337583
0.0422358178
0.0037249527
0.0319675617
0.0033084224
0.0791643783
0.0081102950
0.0317708366
0.0523124784
0.0484251045
0.0107557513
0.0413006246
0.0039356677
0.0117596649
0.0271270815
0.0261228327
0.0720480084
0.0253232922
0.0218037367
0.0240674950
0.0046481751
0.0646381229
0.1379697770
0.0473353378
0.0135526108
0.0199144408
0.0378418304
0.2506783605
0.0070013148
0.0082314145
0.0691474602
0.0404435657
0.0181085914
0.0727310106
0.0232052337
0.0071792891
0.0070111542
0.0422831029
0.0222026147
0.0410862938
0.0288922768
0.0374505892
0.0066097830
0.0512078740
0.0339931287
0.1690706313
0.0615248233
0.0192598645
0.1041162983
0.0462603644
0.0264699161
0.0032051562
0.0181990582
0.0081276894
0.5738017559
0.0040835282
0.0689135790
0.0284280684
0.1627390981
0.0065797730
0.0102980891
0.0104957744
0.0652969629
0.0126628270
0.0038151722
0.0598703995
0.0034747433
0.0045030876
0.0405649096
0.0694700778
0.0268156100
0.0254111364
0.0247533862
0.0396062396
0.0637267530
0.0570355654
0.0620507821
0.0068785609
0.0120741567
0.0217430387
0.0168826524
0.0137764188
0.0083429944
0.0318461172
0.0062183784
0.0564076193
0.0061835074
0.0428264216
0.0277742073
0.0409360789
0.0100503620
1.0241544247
0.0053054085
0.0034780414
0.0269647483
0.0242923815
0.0072546718
0.1490693092
0.0632827729
0.0074309404
0.0236961059
0.4104734659
0.0277514681
0.0455843285
0.0103090545
0.0043813302
0.0430142023
0.0102882767
0.0052583641
0.0113948667
0.1309620440
0.0328220464
0.0173683614
0.0359262191
0.0034960923
0.0314120948
0.0173853505
0.0148164043
0.0041455580
0.0327471904
0.0121189151
0.0631652251
0.0159481689
0.0035874883
0.0677895024
0.0078905020
0.0046483264
0.0030814395
0.9878980517
0.0690663233
0.0126194730
0.0513073355
0.0382226892
0.0247034132
0.0332583897
0.0129564069
0.0379163623
0.3142221272
0.0174434595
0.0121055590
0.0253968872
0.0584731288
0.0101947244
0.0085453615
0.0079808868
0.0166346859
0.0543572754
0.0277454797
0.0324356072
0.0035303817
0.0045751031
0.0234936960
0.0039966502
0.0382204130
0.0249817483
0.0172445755
0.0045194719
0.0715382099
0.0059052180
0.0466235839
0.0118512027
1.0574808121
0.0698991269
0.0394536667
0.0348536782
0.0082199993
0.0663886443
0.0665544346
0.0369473509
0.1087910831
0.0075387936
0.0224593226
0.6271342635
0.0129586272
0.0125527214
0.0396219529
0.0054618013
0.0044563268
0.0110489447
0.0340817273
0.2798952460
0.0485294871
0.0398635641
0.0481543504
0.0736995041
0.0031161478
1.0565934181
0.0045649763
0.0206269082
0.0079043098
0.0366480537
0.0054911897
0.0696224496
0.0084857009
0.0348437764
0.0364870802
0.0314548761
0.0046172468
0.0186513755
0.0179958995
0.0035487770
0.0146352751
0.0608674623
0.0044384534
0.0117709655
0.0436055735
0.0297466572
0.0084256846
0.0723274648
0.0051201945
0.0444593690
0.0601544343
0.0727706552
0.0313024335
0.0130597642
0.0674740523
0.0050204038
0.0393497571
0.1823762506
0.0053534769
0.0131280720
0.0171795059
0.0583235025
0.0591379851
0.0110360505
0.0167403147
0.0106751956
0.0060944073
0.0060093687
0.0094238967
0.0295980815
0.0040496890
0.0060728285
0.0401365235
0.0379403159
0.0043579633
0.0091218716
0.0096865743
0.0146646705
0.0570310913
0.0234617442
0.0033599676
0.0100418376
0.0190767590
0.0237211287
0.0721163005
0.0343164541
0.0385517366
0.0090289060
0.0464392044
0.0260936506
0.0679784641
0.0330559015
0.0432823934
0.0843439773
0.0284435079
0.0396781191
0.0176838227
0.0175792091
0.0345820375
0.0595972016
0.0212270766
0.0353364423
0.0411962308
0.0031865351
0.0687390119
0.0192801114
0.0111443158
0.0366502404
0.0107996454
0.0040128832
0.0033372913
0.0613212734
0.0467545539
0.0153702013
0.0157297868
0.0092171934
0.0076152240
0.0056500486
0.0185762532
0.0206721388
0.0192881655
0.0030852421
0.6790165305
0.0355108604
0.0033311043
0.0137483757
0.0263553504
1.1228511333
0.0239764228
0.0029756047
0.0552953184
0.0452739224
0.0063136634
0.0120181357
0.0709450021
0.0360538252
0.7727302909
0.0062203081
0.0639170557
0.0655818135
0.0347663611
0.0111087747
0.0608622171
0.0118022216
0.0129458541
0.0295013692
0.0033996399
0.0387504473
0.0049020322
0.2955645025
0.0256625358
0.0321819820
0.0332089849
0.0465976484
0.0340101048
0.1840294451
0.0041962448
0.0131396586
0.0196543932
0.9955036640
0.0132616172
0.0611157119
0.0060112425
0.0072552604
1.1566277742
0.0387269221
0.0122732511
0.0084217861
0.0056979614
0.0569074787
0.0147014093
0.0144912712
0.0033320615
0.0057342285
0.0382054895
0.0312235523
0.0092890989
0.0226726029
0.0556509420
0.0360669754
0.0056667472
0.0318394452
0.0409417935
0.0149400691
0.0091204559
0.0100882426
0.0458470099
0.0042151883
0.0088226683
0.0218658149
0.0176466256
0.0710815862
0.0140617462
0.0163300410
0.3921271563
0.0665319860
0.0123768123
0.0081619304
0.0321800485
0.0061131595
0.0514629446
0.0032872369
0.0392322056
0.0192079898
0.0540348329
0.0034193678
0.0063698404
0.0179220252
0.0094849374
0.1300229728
0.0033415486
0.0080479812
0.0046234033
0.0508378781
0.0285108481
0.0134641444
0.0706709549
0.0241092723
0.0219474174
0.0127565963
0.0388657823
0.0148339458
0.0071476777
0.0709899142
0.0506046452
0.0195797049
0.0360765457
0.0674652383
0.0045870449
0.0267689228
0.4295110404
0.0154717462
0.0066302605
0.0507023297
0.0669707283
0.0643583611
0.0109008839
0.0033573520
0.0081465803
0.0415704735
0.0489093289
0.0053236769
0.0088931499
0.0522208288
0.0288182199
0.0694984347
0.0046036327
0.0267923623
0.0456454754
0.0221718177
0.0044349823
0.0166111868
0.0923269540
0.0062754019
0.0260607470
0.0375055037
0.0093153007
0.0212704819
0.0593352877
0.0685920715
0.0128205447
0.0241054166
0.0704687834
0.0084761651
0.0324292034
0.0120286141
0.0182130747
0.0073831594
0.0389333442
0.0570738651
0.0700878501
0.0666465238
0.0462835990
0.0691158995
0.0114587033
0.0573472008
0.0290771313
0.0088615483
0.0338754691
0.0477476306
0.0184960552
0.0075269132
0.0395626202
0.0122986296
0.0042386893
0.0034788493
0.0896590427
0.4761219621
0.4486893713
0.0143666174
0.0075643193
0.0635931641
0.0079317391
0.0190800894
0.0240908600
0.0362238325
0.0230314005
0.0184801556
0.0266332161
0.0105445581
0.0169929862
0.0094824815
0.0105483178
0.0127436016
0.0265774932
0.0055830022
0.0130173322
0.0271757096
0.0335107110
0.0491461307
0.0111787636
0.0665274337
0.0336366929
0.0404922999
0.0333482437
0.0274401102
0.0066303816
0.0099238921
0.0214361902
0.0109424572
0.0255384091
0.0610768348
0.0046154368
0.0174982715
0.0546264835
0.0039806105
0.0098165721
0.0607014932
0.2605905831
0.0404959321
0.0042676092
0.0033003448
0.0055923406
0.0303836446
0.0816168636
0.0546649992
0.0057441592
0.0309257284
0.1025627330
0.0580509119
0.0412090309
0.0607464090
0.0191020668
0.0346679054
0.0177356564
0.0082645593
0.0035349110
0.0151629653
0.0289155170
0.0127780614
0.0045972234
0.0064992686
0.0038443371
0.0118084596
0.0164711904
0.0261005349
0.0177449696
0.0323067866
0.0147856772
0.0340550765
0.0220008828
0.0029324477
0.0222470816
0.0036094547
0.0038729089
0.0501090661
0.0312675983
0.0397537313
0.0063736765
0.0073094275
0.0093517853
0.0627570972
0.0083007459
0.0384194106
0.0214188136
0.0031811593
0.0373756513
0.0093312338
0.0619136617
0.0330960602
0.0210449062
0.0055216532
0.0255043916
0.0088961953
0.0257418640
0.0067501427
0.0126449745
0.0111659756
0.0485915318
0.0331020430
0.0179200880
0.0481062271
0.0429120138
0.0196582340
0.0324866101
0.0296015684
0.0442055166
0.0085823424
0.0164564103
0.0056679300
0.0068050781
0.0130966380
0.0303373225
0.0547322892
0.0065616434
0.0155792488
0.1265440136
0.9761313200
0.0284404252
0.0338566825
0.2509365976
0.0428250022
0.0697794929
0.0076547172
0.0322472081
0.0270292740
0.0738148689
0.0609474666
0.0691825747
0.0477060862
0.0417595841
0.0047199293
0.0431006216
0.0117410934
0.0301074199
0.0396831408
0.0281283371
0.0237787738
0.0389092639
0.0118607003
0.0368834957
0.0039246478
0.0448264107
0.0029229538
0.0035652365
0.0633369684
0.0042999261
0.0546926893
0.0100042745
0.0252485294
0.0095976926
0.0219193846
0.0339307487
0.0194351356
1.0617830753
0.0117252516
0.0030449713
0.0103700859
0.0439038277
0.0516285412
1.0021445751
0.0347008258
0.0067807231
0.0041290745
0.0061778487
0.0035773634
0.0564033724
0.0475195982
0.0522274785
0.0215269309
0.0169500560
0.0245278329
0.2123375684
0.0120620364
0.0105715599
0.1246246994
0.0092344126
0.0450527668
0.0285185222
0.0104121380
0.0527901836
0.0707389340
0.0634367839
0.0306380987
0.0182196163
1.0025248528
0.0276931003
0.0291947108
0.0128198219
0.0099255089
0.0048364480
1.1380332708
0.0558857433
0.0381176583
0.0045980816
0.0170354713
0.0438951477
0.0072676111
0.0638940334
0.0333925523
0.0506168455
0.0160051547
0.0575752594
0.0368132293
0.0644857362
0.0262861941
0.0051953518
0.0069582970
0.0107104406
0.0096839108
0.0369443186
0.0448581502
0.0337079354
0.0159553327
0.0361639746
0.0257543009
0.0088508027
0.0667161569
0.0167482663
1.1182821989
0.0220925417
0.0357229933
0.0240802187
0.0049818414
0.0366982669
0.0420210510
0.0166740119
0.0247464813
0.0395098515
0.0083768815
0.0567138754
0.0083456151
0.4600060880
1.0992256403
0.0226052292
0.0221361648
0.0613107719
0.0084998282
0.0164625198
0.0082243774
0.0158744864
0.0768123195
0.0192014612
0.0174048338
0.0241818763
0.0051880353
0.0346648619
0.0398808941
0.0455688648
0.0410895348
0.0457113385
0.0036434566
0.0582177117
0.0043566590
0.0263726022
0.0102198878
0.0133124990
0.0086339256
0.0461600199
0.1067590863
0.0657868236
0.0366132036
0.0328119062
0.0450430401
0.0456959568
0.0481439047
0.0255296230
0.0553024970
0.0044887755
0.0700539798
0.0507048480
0.0225151591
0.0220250376
0.0205048583
0.0176326614
0.0086896345
0.0069493358
0.0319865718
0.0131903943
0.0056797070
0.0154606476
0.0053502456
0.0125455502
0.0424684808
0.0542271659
0.0342913829
0.0220430028
0.0052570729
0.5266706944
0.0112245753
0.0313614979
0.0182563253
0.0096290931
0.0734548196
0.0338037498
0.0432890132
0.0671891719
0.0052657709
0.0601485483
0.0221428871
0.6836465001
0.0124411741
0.0603730604
0.0454344749
0.0230344497
0.0170178451
0.0068174959
0.0654422939
0.0091178715
0.0393970944
0.0682281405
0.1096438468
0.0245076101
0.0327007547
0.2106160223
0.0540999770
0.0204149466
0.0138549376
0.1388489604
0.9846227765
0.0133224865
0.0044062962
0.0058595347
1.0133548975
0.0273300186
0.0331876986
0.0442259163
0.0595370866
0.0070393602
0.0223100036
0.0216238834
0.0313623622
0.0339595042
0.0258545894
0.0622203238
0.0325002484
0.0034313388
0.0036504117
0.0498404019
0.0134727443
0.0158398598
0.0220103338
0.0143585131
0.0533585958
0.0516480878
1.1504371166
0.0057516051
0.0172087532
0.0146814408
0.0093969824
0.0627240166
0.0515274256
0.0145286582
0.0324290954
0.0720228106
0.0069200476
0.0287002400
0.0290734991
0.3624342978
0.0199286882
0.0036549494
0.0576501936
0.0047292369
0.0147536211
0.0354555883
0.0204402953
0.0034057444
0.1038388535
0.0117217777
0.0360755771
0.0068867668
0.0451127961
0.0092066275
0.0105575686
0.0312545151
0.0157351363
0.0156066194
0.3562001586
0.0184326917
0.0645162240
0.0395517200
0.0297653340
0.0049625169
0.0420435853
0.0157805793
0.0464184359
0.0049494654
0.0403450988
0.0621381626
0.0310193188
0.0181078166
0.0123964101
0.0064406283
0.0062725432
0.0282084681
0.0616336241
0.0266839676
0.0396776237
0.0420857593
0.0629221126
0.0274965540
0.0278925467
0.0548239686
0.0699851885
0.0687578022
0.0171806496
0.0338815451
0.0353506878
0.0278692283
0.0161143616
0.0816558823
0.0070807459
0.0172704272
0.0220563877
0.0119860750
0.0035031121
0.1792742461
0.0039680102
0.0390275829
0.0041811513
0.0182066746
0.0716019347
1.0811120272
0.0259237234
0.0074666473
0.0044074175
0.9840530157
0.0772360712
0.0738957077
0.0468571968
0.0054908181
0.0318278931
0.0594905391
0.0063978727
0.0194516052
0.0046120542
0.0177061763
0.0301690064
0.0320623294
0.0178758390
0.1635768265
0.0255735070
0.0950182602
0.0089946641
0.0447550975
1.0044327974
0.0318519995
0.0546000786
0.6432454586
0.0319135077
0.0161476675
0.0240357947
0.0227981173
0.0639949739
0.0056619449
0.0458554476
0.0114648668
0.0345906354
0.0053795110
0.0092367390
0.0296066087
0.0039923079
0.0084890481
0.0075906655
0.0220372956
0.0655556545
0.0036007450
0.0261800606
0.0154857812
0.0236917213
0.2277257890
0.0271744262
0.0704495609
0.0282070618
0.0076661403
0.0452516489
1.0799696445
0.0092549296
0.0933348462
1.0800769329
0.0305647496
0.0458141826
0.0215511024
0.0317503437
0.0148413498
0.0204599835
0.0060940268
0.0511670969
0.0059505417
0.0433792882
0.0171706881
0.0142133432
0.3088558912
0.0078480467
0.0432583168
0.0274294019
0.0898191631
0.0107780742
0.5572562218
0.0224452056
0.0273823123
0.0122951707
0.0313982219
1.0927788019
0.0041955281
0.2770017385
0.0411325134
0.0051726047
0.0314425342
0.0475910045
0.0419036895
0.0106511489
0.0124733439
0.0291979443
0.0363663882
0.0492711291
0.0098677035
0.0523194075
0.0152171673
0.0235926732
0.0046927384
0.0093187243
0.0082015563
0.0095106196
0.0032748503
0.0067705456
0.0686113611
0.0643523559
0.0523856878
0.0207059458
0.0036575282
0.0147105772
0.0320127904
0.0031923351
0.0342322625
0.3219583035
0.0113937929
0.0232444089
0.2960678935
0.0225934088
0.0642190650
0.0039663860
0.0683825985
0.0148666864
0.0165304244
0.0109175919
0.0721321404
0.0141936401
0.0130460141
0.0086328257
0.0045692930
0.0527551360
0.0710993037
0.0123890452
0.0683826581
0.0236292630
0.0049355654
0.2472524643
0.0202800743
0.0209226329
0.0075233220
0.0262013096
0.0269566942
0.0293078832
0.0535984300
0.0520751700
0.0457234718
0.0294186026
0.0510132089
0.3754123747
0.0072978511
0.0076215765
0.0071599027
0.0348168351
0.0313105807
0.0671778619
0.0592097864
0.0099840201
0.0170369186
0.0115054063
0.0347155333
0.0639809296
0.0078659384
0.0053326758
0.0411888920
0.0428043865
0.0075694481
0.0715856105
0.0226702858
0.0219497103
0.0223206021
0.0094958665
0.0604671761
0.0237765163
0.0256186221
0.0139503563
0.0060721808
0.0143565265
0.0412395149
0.0772353113
0.0067290934
0.0031633091
0.0215016752
0.0041714711
0.0157750212
0.0054963846
0.0097621437
0.0054347259
0.3221164048
0.0112068187
0.0161629990
0.0178546067
0.0520304814
0.0657070577
0.0113414070
0.0171989612
0.0664053261
0.6144290566
0.0085636256
0.0064750514
0.0170334559
0.0629811808
0.0702341944
0.0327921100
0.0168257188
0.0591794401
0.0183572918
0.0079485923
0.0337127373
0.0105912536
0.0048018121
0.0163678136
0.0096921055
0.0121680992
0.0156339519
0.0144868949
1.0933837891
0.0580969825
0.0334689766
0.0078692976
0.0246710237
0.0090409406
0.0327579640
0.0097908536
0.0449602157
0.0167460348
0.0267730094
0.1365066916
0.0166693199
0.0057556345
0.0178457405
0.0342421122
0.0595875047
0.0233270060
0.0158081856
0.0686559007
0.0042133457
0.0139210317
0.0782085136
0.0095416177
0.0050347550
0.0369638018
0.0095198788
0.0150394924
0.0200228337
0.0708535761
0.0105234878
0.0173809398
0.0343955830
0.6672946811
0.0088020591
0.0121034114
1.0433095694
0.0070151119
0.0282315072
0.0041327267
0.4934572577
0.0030960063
0.0293168426
0.0492823087
0.0167537965
0.0355788581
0.0073478231
0.0103196781
0.0648807734
0.0076672900
0.0463405252
0.0369376019
0.0074135740
0.0215633865
0.0234894641
0.0130721908
0.0428916141
0.0115817729
0.0315184332
0.0523452163
0.0245208703
0.0310621075
0.0176896863
0.0294695720
0.0067913076
0.0646311119
0.0108069004
0.0590666272
0.0398243554
0.0208217725
1.0786788464
0.0428155698
0.0664638653
0.0098085199
0.0695973858
0.0469446145
0.0628131479
0.0038203597
0.0032192187
0.0207984559
0.0047288029
0.0178635754
0.0554080568
0.0536791235
0.0040614093
0.0198438726
0.0372298062
0.0058486867
0.1333921999
0.0044543780
0.0171509832
0.0075863386
0.0039121788
0.0705921203
0.0441549458
0.0590059049
0.0427410156
0.0135155274
0.0045182109
0.0649784580
0.0723399743
0.0049970974
0.0355918258
0.1264547110
0.0238560587
0.0030529548
0.0321880057
0.0077819014
0.0484753288
0.0057755555
0.0067568044
0.0169066601
0.0067449277
0.0448944494
0.0413473248
0.0032281787
0.0180169139
0.0476895198
0.0048287665
0.0159749668
0.0410188511
0.0036527144
0.9747282267
0.0064848615
0.6400399208
0.0297550522
0.0112044150
0.0695134774
0.0043300283
0.8151949048
0.0904429555
0.0055568167
1.1164176464
0.1226587445
0.0540155098
0.0031410146
0.0144769596
0.0035852112
0.0397347435
0.0056876997
0.0330413878
0.0588380955
0.0673762336
0.0659391880
0.0281230323
0.0030722097
0.0271211155
0.0531645082
0.0706074089
0.0047298018
0.0195805840
0.0324798562
0.0304075181
0.0039156354
0.0557026751
0.0042478745
0.0164020099
0.0641569048
0.0590317957
0.0132289054
0.0078449296
0.5414994359
0.0042109233
0.0354847461
0.0124365715
0.0607633516
0.0065072551
0.0180538129
0.0505479500
0.0105496235
0.0325172059
0.0838588178
0.0219732784
0.0061391406
0.0153671773
0.0042851595
0.0526889116
0.0233318899
0.0382694378
0.0045437831
0.0048706410
0.0276552290
0.0089999316
0.0297577977
0.0169140324
0.0042015412
0.0051433430
0.0094092274
0.0301362351
0.0399665982
0.0480098575
0.0458023027
0.0173217691
0.0060254452
0.0386144742
0.0073295175
0.2463823706
0.2067501694
0.0357772820
0.0289100762
0.0072661750
1.1167668104
0.0419582948
0.0456562154
0.0439794064
0.2739706933
0.0054850769
0.0215692017
0.0377346426
0.0219603591
0.0564068221
0.0157415867
0.0045408560
1.1351625919
0.0348669328
0.0204112288
0.0559833869
0.0856790915
0.0112042557
0.0081447950
0.0226881243
0.0696621463
0.0810353160
0.0198184419
0.0535852835
0.0110059604
0.0210927147
0.0253186915
0.0132061541
0.0052004950
0.0574010722
0.0111035518
0.0315261781
0.0411844105
0.0246451646
0.0049040737
0.0709042847
0.0250024684
0.0375436991
0.0077832881
0.0111937560
0.0319633558
0.0095044598
0.0541584976
0.0080534117
0.0087424889
0.0211084206
0.0073545496
0.0135471942
0.5082029700
0.0259783193
0.0190975834
0.0544477068
0.0115033183
0.0213992707
0.0078159319
0.0324779712
0.0247010347
0.0925161690
0.0271238592
0.0472439304
0.0063763461
0.0682408065
0.0371588618
0.0232607201
0.0245741978
0.0290687997
0.0031111299
0.0133999707
0.0200379603
0.0424525328
0.3944627345
0.0160145164
0.0305442978
0.0063003511
0.0471044667
0.2933372855
0.0030262885
0.0280202553
0.0390939973
0.0723902285
0.0053199194
0.0309881549
0.0073143416
0.0442541577
0.0666495264
0.6761991382
0.0262022112
0.0075424411
0.0188313834
0.0520601012
0.0391919017
0.0656565204
0.0632023886
0.0112376139
0.0399846248
0.0608622693
0.0490374081
0.0116978390
0.0351804905
0.0205601193
0.1628614366
0.0114512537
0.0058189821
0.1819266528
0.0816695541
0.0230056308
0.0045424695
0.0030641507
0.0045886342
0.0100687444
0.0705327913
0.0160514619
0.0494951308
0.0044986410
0.0105370777
0.0031523088
0.0139192278
0.0148849171
0.0365134664
0.6915056705
0.0100952545
0.0120132761
0.0033919564
0.0164795164
0.1391283125
0.0659950450
0.0168084931
0.0163938515
0.0738807544
0.0198505707
0.0409623198
0.1415930390
0.0118179508
0.0643441752
0.0670390502
0.0677021593
0.0490741841
0.0036711651
0.0630925298
0.0118080648
0.0248632394
0.0184570998
0.0142385457
0.0620056838
0.0061275079
0.0104951207
0.0189031027
0.0056656078
0.0186260995
0.0561258830
0.0198858846
0.0050764238
0.0672497153
0.0131660011
0.0148944668
0.0114015099
0.0189907551
0.0415415466
0.0718950182
0.0446652509
0.0502786189
0.0035145821
0.0050343308
0.0569366440
0.0678426176
0.0276450962
0.0505439788
0.0143152932
0.0075116204
0.0082030417
0.0857033059
0.0042822221
0.0056233155
0.0087166708
0.0098623894
0.0063103787
0.0118398704
0.0094413077
0.0037065507
0.0032000635
0.0104416972
0.0460744947
0.0407309607
0.0148809394
0.0059121093
0.0217549577
0.0336939022
0.0676965266
0.2190151066
0.0379546173
0.0755302459
0.0063630845
0.0044132741
0.0105781071
0.0236051045
0.0056362688
0.0529416278
0.0040451433
0.0096931197
0.0375345424
0.0063571082
0.0061914180
0.1044622585
0.0629088432
0.0032466012
0.0047058905
1.1421458721
0.0034458630
0.0592171550
1.0983128548
0.0215464514
0.1952223927
0.5194509625
0.3195621967
0.0074713365
0.0107769864
0.0054057157
0.0134386988
0.0035364779
0.0402791053
0.0045637004
0.0190606955
0.0547153205
0.0209284909
0.0028640511
0.0114496471
0.9579702020
0.0383314751
0.0433311984
0.0617963448
0.0224209949
0.0048498213
0.0405402221
0.0054479055
0.0097062346
0.0187747441
0.0041395896
0.0128664998
0.0267848223
0.0470306426
0.0140852453
0.0127234105
0.0230582803
1.0655634403
0.0456523336
0.0336824208
0.0040456140
0.0415070802
0.0295736399
0.0252734348
0.0414431281
0.0145226754
0.0052432618
0.0035551556
0.0659416467
0.0040338370
0.6900430322
0.1384326071
0.0052842572
0.0104333824
1.0784596205
0.0694904402
0.0303053446
0.1060951501
0.0287833810
0.0487171188
0.0236503482
0.0226525199
0.0151711339
0.1025114655
0.0436876528
0.0200081337
0.0087340632
0.0547293201
0.9402068257
0.0305035096
0.0109271845
0.0240403917
0.0105261141
0.0250519738
0.0174412578
0.0710827932
0.0073859454
0.0457849763
0.0241556074
0.0373486690
0.0079049282
0.0403994136
0.0593186282
0.0320493877
0.0178430527
0.0113108046
0.0081205312
0.0567789078
0.0394337960
0.0657646954
0.0217501707
0.0628205538
0.0336436704
0.0326531231
0.0410792530
0.0561907627
0.0722649992
0.0449696220
0.3032114506
0.0129182199
0.0382131450
0.8594889045
0.0269378331
0.0118280705
0.0065649543
0.0323496647
0.0713546276
0.0226209201
0.0505083241
0.0254336819
0.0090552224
0.0037412173
1.0243735313
0.0236690305
1.0762161016
1.0768785477
0.0035931214
0.0086581055
0.0208703969
0.0203324221
0.0251131989
0.0730185211
0.0127166603
0.0061813677
0.0177070964
0.0222085323
0.0124879759
0.0714642406
0.0508557111
0.0029224183
0.0046635852
0.0370028727
0.0394429155
0.0157790352
0.0155131295
0.0115619134
0.0474046953
0.0082793906
0.0246295631
0.0080001792
0.0050927387
0.0599584058
0.0303534120
0.0126074860
0.0125858244
0.0051863221
0.0067694820
0.0109228035
0.0544115119
0.0107331639
0.0119501194
0.0181542318
0.0087251030
0.0097998958
0.0380644873
0.0292851813
0.0171532389
0.0907259211
0.0051041036
0.0241129175
0.0044445470
0.0084133372
0.0563476980
0.0096657015
0.0459396765
0.0030639772
0.0730933994
0.0083306842
0.2336795777
0.0324664004
0.0402275994
0.0707106441
0.0206139740
0.0196606070
0.0049299840
0.0030222395
0.0033273920
0.0065035461
0.0077341110
0.0136330677
0.0169532448
0.0823061317
0.0037792015
0.0372077264
0.1982273012
0.0535963923
0.0272959284
0.0318489857
0.0087424507
0.0201637819
0.0611977689
0.0175848659
0.0256926734
0.0170823783
0.0178090315
0.0038315614
0.9985206127
0.0207400266
0.0110872630
0.0341444649
0.0308896247
0.0096730413
0.0110379988
0.0029809857
0.0213725995
0.0194566529
0.0349047035
0.0137092182
0.0182407554
0.0106965555
0.0744498149
0.0086495681
0.0125533892
0.0734159052
0.0666615069
0.0075874566
0.0184608512
0.0555039048
0.0348889977
0.0251261573
0.0278629716
0.0517840348
0.0451127067
0.3668933809
0.0302329585
0.0107237324
0.0035512343
0.0040383139
0.0050415783
0.0333666690
0.5440698862
0.0156117529
0.0248873178
0.0187118221
0.0718289092
0.0148759028
0.0107039046
0.0683221146
0.0312454514
0.0357022397
0.0148920882
0.0148190334
0.0209682565
0.0290028621
0.0120629184
0.0085807508
0.0400090963
0.0107990019
0.0037433105
0.4054315090
0.0207040105
0.7412876487
0.0158836637
0.0574829504
0.0114001054
0.0146957999
0.0897244588
0.0047586621
0.0142289689
0.0035740391
0.0523919426
0.0031222217
0.0531426854
0.2652065456
0.0311470162
0.0140439104
0.0467223488
0.0342909656
0.0598018616
0.0557788238
0.0247484185
0.0472045094
0.0101382611
0.0690138564
0.0582479425
0.0061526094
0.0206339173
0.0592154860
0.0029419651
1.0886471272
0.0360809267
0.0110525507
0.0585301183
0.0060001481
0.0663594082
0.0320056304
0.0070676319
0.0040392117
0.0056694248
0.0322548598
0.0277321972
0.0486510023
0.0135986647
0.0386320166
0.0057885959
0.0294586252
0.0109519232
0.0105896890
0.0287427828
0.0053263707
0.0272799265
0.0124755334
0.0473866463
0.0475767739
0.0105456514
0.0195007604
0.0295771994
0.0257597305
0.0870630220
0.0538685992
0.0640616491
0.9652575850
0.0348023213
0.0208766777
1.0013980865
0.0058837240
1.0705288649
0.1791193336
0.0418582149
0.0703956783
1.0000286102
0.0726865605
0.0356628783
0.0028511796
0.0499181077
0.0065360023
0.0713822469
0.0131512852
0.0217458867
0.0084214201
0.0205917507
0.0034620531
0.0088942824
0.0941471010
0.0065113781
0.0205003787
0.0043643927
0.0409251116
0.0036477186
0.0292260833
0.0629988164
0.0059436974
0.0163402632
1.0044494867
0.0340651609
0.0223609507
0.0032685704
0.0689676702
0.0080439132
0.0480533354
0.0168402363
0.0689335689
0.0053830678
0.0276992042
0.0372456014
0.0429807901
0.0069189281
0.0196730345
0.0382511541
0.0222391300
0.0140895732
0.0474906303
0.0574080311
0.0370159745
0.0154054416
0.0324333981
0.0453958698
0.0044770180
0.0230996590
0.0061775106
0.0568689592
0.0188826118
0.0036209228
0.0284717549
0.0049523087
0.0066504613
0.0682937279
0.0081708580
0.0037662538
0.0043661073
0.0623146929
0.0198517460
0.5776786804
0.0067488677
0.0105895167
0.0142680882
1.1230139732
0.0185482353
0.0283020902
0.0770107433
0.0096817184
0.0097033018
1.1214570999
0.0530850664
0.0055312691
0.9428710938
0.0131116305
0.0365247279
0.0471152030
1.0886003971
0.0121398717
0.5777432323
0.0386543535
0.0906735808
0.0108335037
0.0547353029
0.0499018580
0.0171115249
0.0335255973
0.0060749669
0.0286073070
0.0594403967
0.0244571194
0.0047484543
0.0039683096
0.0678149387
0.0076850657
0.0140878586
0.0338120162
0.0122608962
0.0337625928
0.0048905322
0.0107462443
0.0321958549
0.0065419385
0.0302083865
0.0299128704
0.0079012066
0.0201442465
0.0043768669
0.0540433638
0.0672086850
0.0329367854
0.0447775908
0.0280673243
0.0605426915
0.0293856971
0.0094888275
0.0288318414
0.0703064948
0.0121327722
0.0242340229
0.0148741892
0.0128717432
0.0330305137
1.1200375557
0.0387243070
0.0048320810
0.0164829884
0.9209119081
0.0431085564
0.0031993329
0.0622812845
0.5685322285
0.0410829894
0.0213862248
0.0175600071
0.0067571574
0.1391842514
0.0057727322
0.0324759707
0.0265672784
0.0284996331
0.0185115300
0.2514167428
0.2168204933
0.0029300454
0.0773912594
0.0226815138
0.0745229274
0.0156161282
0.5891752243
0.0121097760
0.0263039414
0.0596872866
0.0555047728
0.2004832625
0.0535418913
0.0070369509
0.0060522356
0.0124659026
0.0101246946
0.0440077111
0.0031820084
0.0070541627
0.0195608642
0.0216101632
0.0129987216
0.0228088107
0.0675208271
0.0141326180
0.0265814848
1.0815523863
0.0192814395
0.0083767232
0.0047790906
0.0122687975
0.0086798863
0.0506482460
0.0536662824
0.0131431445
1.1441887617
0.0051417910
0.0035832650
0.0604845472
0.0636515468
0.0072179171
0.0712813064
0.0047902688
0.4072677493
0.0229775812
0.0742782503
0.0054743355
0.0650489926
0.0095033739
0.0157392863
0.0351257287
0.0671387240
0.0609052777
0.0085045937
0.0137351053
0.0549703278
0.0573248044
0.1017739177
0.0058869882
0.0078061814
0.0453642122
0.0079497145
0.0770540535
0.0078943567
0.0077622705
0.0475827046
0.0176671539
0.1653276980
0.0561626852
0.0920890197
0.0079945847
0.0298891775
0.0636838302
0.0632419363
0.0565913357
0.0432965681
0.0540654436
0.1141517088
0.0306400992
0.0237423070
0.0451354235
0.0031917435
0.0431142896
0.0469327271
0.0214977246
0.0197600480
0.0431802571
0.0125969397
0.0093579656
0.0076838653
0.0149839800
0.0185877290
0.0420915373
0.0064489297
0.0338842534
0.0146579565
0.0084382892
0.0536212362
0.0043283217
0.0148701509
0.0605779551
0.0484487899
0.0496130995
0.0374644324
0.0275299828
0.0251406655
0.0084527433
0.0661371574
0.0040324992
0.0049779913
0.0533625595
0.0031552657
0.0718903542
0.0083066123
0.0610635616
0.0359884016
0.0245326459
0.0491733998
0.0402226448
0.0612685867
0.0083345640
0.0050071427
0.0493542142
0.0614856072
0.0300476458
0.0108250938
0.2820583582
0.0611875877
0.0140521089
0.0509689078
0.0266085621
0.0704085678
0.0710314140
0.0124915438
0.0243195817
0.0478651561
0.0082057286
0.0041950759
0.0079769175
0.0789083615
0.0142062632
0.0405985042
0.0466418490
0.0545616969
0.0956672728
0.0714011118
0.0086780759
0.0315687098
0.0066475044
0.3060985208
0.0435939878
0.0623898283
0.0110682482
0.0325465277
0.0680480599
0.0121706482
0.0128090745
0.0428549424
0.0171730109
0.0032036137
0.2431308776
0.0042903358
0.0043003256
0.0075323074
0.0067571416
0.0129083041
0.0063274526
0.0169982035
0.0635730103
0.0542633832
0.0075417385
0.0035604443
0.4376768470
0.0468432270
0.9726030827
0.0282295216
0.0031070516
0.0053435876
0.0363878161
0.0702519193
0.0368773602
0.0083809774
0.0676881894
0.0130303204
0.0124900779
0.0145383170
0.0127629712
0.0109742917
0.0162109658
0.0136487782
0.0049001705
0.2512628138
0.0069791083
0.0273264833
0.0542758703
0.0163279530
0.0681145340
0.3403140306
0.0502440780
0.0101763420
0.0578758754
0.0460923724
0.0528579243
0.0079484480
0.0045112059
0.0071412427
0.0103465933
0.0323664285
0.0250287671
0.0064309947
0.0102160769
0.0393779315
0.0423737504
0.0292644370
0.0066080960
0.4282793999
0.0138463480
0.0220323037
0.0082315654
0.0428104922
0.0054591498
0.0539790094
0.1547185630
0.0107083693
0.0062208069
0.0049862843
0.0065694097
0.0054464559
0.0386296585
0.0445633270
0.0582950488
0.0384036638
0.0717682391
0.0697959512
0.0041126963
0.0192745402
0.0609560460
0.0034111019
0.6896110773
0.0655998960
0.0029660857
0.9520270228
0.0534576252
0.0244886167
0.0117019266
0.0154283149
0.0298052486
0.0307244528
0.0454922765
0.0056033917
0.0158671979
0.0180611443
0.0269377828
0.0394653194
0.0068809069
0.0220571719
0.0174915157
0.0266306903
0.0058788499
0.0263312403
0.0208650753
0.0083908951
0.3204908967
0.0302989129
0.0298112575
0.0357909314
0.0153163970
0.0054881377
0.0977140665
0.0061523360
0.0035624551
0.0029860437
0.0669442788
0.2719855011
0.0087164575
0.0122330720
0.0608556382
0.0756424963
0.1277934909
0.0695445314
0.0193727352
0.1558018178
0.0151283955
0.0049350443
0.0163089726
0.0160880834
0.0035937175
0.0176666696
0.0373064391
0.0329486057
0.0029749812
0.0566268079
0.0259126592
1.0048980713
0.3184445500
0.0064126821
0.0037475824
0.0484193675
0.0165699869
0.0779018626
0.0133139510
0.0106063588
0.0448784083
0.0191928726
0.0175852105
1.0910135508
0.0279456079
0.0224770084
0.0136921927
0.0029276933
0.0105983801
0.0646929964
0.0136866942
0.0458024032
0.0626614839
0.0197502170
0.2842339277
0.0178759973
0.0211143382
0.0374795198
0.0486984067
0.0270099342
0.0254604165
0.0590527058
0.0391227566
0.0507920086
0.0106673799
0.0274624340
0.0058852304
0.0600118227
0.0466949865
0.0149044320
0.0114981849
0.0069999499
0.0481816046
0.0030920261
0.0262624715
0.0091087269
0.0637877211
0.0036106687
0.6857324243
0.0073117549
0.0340065286
0.0042545055
0.0177589878
0.0196587555
0.0053830859
0.0316488780
0.0090331445
0.0075895702
0.0237348285
0.1861424893
0.0082859555
0.1334486604
0.0033897841
0.0082705347
0.0073906896
0.0410559811
0.0034759615
0.0719080195
0.0048067812
0.0106841614
0.0703222305
0.0373110920
0.0149009861
0.0034802915
0.0061463010
0.0365646034
0.1431725025
0.0104062343
0.0035138803
0.0131547423
0.0277898088
0.0198640078
0.0384695530
0.0594064929
0.0302815679
0.0612096041
0.0264044404
0.0029985558
0.0355617069
0.0761265978
0.0180100501
0.0357224122
0.0162030216
0.0075207870
0.0050584101
0.0092236064
0.0279675052
0.0679160729
0.0660480335
0.0820261016
0.0110710878
0.0109033594
0.0085747465
0.0214920323
0.0703506917
0.0181045830
0.6308320761
0.0090885982
0.0253666341
0.0423396640
0.0731219128
0.0174011607
0.0160731748
0.1129900888
0.0218905769
0.0086176051
0.0132941967
0.0126734972
0.0071866107
0.0653794259
0.0035943391
0.0654353648
0.0153902462
0.0536508113
0.0034242852
0.0324668474
0.0705564618
0.0500172041
0.0614967905
0.0052744476
0.1624336243
0.0206453390
0.0213767011
0.0197537597
0.0097405333
0.0171245318
1.0560828447
0.0367553756
0.0413109586
0.0396752730
0.0730141103
0.0253771991
0.0391591191
0.0204809401
0.0539009608
0.0105661880
0.0235808082
0.1087958142
0.0323812403
0.0131190112
1.0350850821
0.0079238527
0.0528418347
0.0084584896
0.0601534657
0.0277999472
0.0129226847
0.0119728567
0.0133869359
0.0182919223
0.0071728034
0.0059454245
0.0188524127
0.0260973740
0.1098649651
0.0660402402
0.0366555229
0.0114667211
0.0106035220
0.0611996092
0.4995465875
0.0365757197
0.0530365519
0.0110881748
0.0140949069
0.0397168510
0.1338390857
0.0539743267
0.0104991673
0.0408238880
0.0103493948
0.0062387809
0.0671295151
0.0148527939
1.0491462946
0.0088999160
0.0298121069
0.0273793451
0.0486757569
0.0321369283
0.0228362940
0.0085060932
0.0138631705
0.0356211215
0.0054005873
0.0945426747
0.0097404560
0.0115360413
0.0206176694
0.0042944974
0.0190341715
0.0904792696
0.0079718921
0.0618248321
0.0496822670
0.0044363327
0.0694402233
0.0173996128
0.0618534088
0.0115791857
0.0173493586
0.0221843589
1.0711615086
0.0229005013
0.0365923867
0.2309187800
0.0515843146
0.0505047590
0.0273353048
0.0176134352
0.0170021337
0.0045791958
0.0121739740
0.0345169716
0.0713154674
0.0217021275
0.0267285332
0.0130585562
0.0099752294
0.0499340706
0.0177538581
0.0094357869
0.0029193533
0.0042990120
0.0055963458
0.0738351047
0.0064274040
1.0879447460
0.0049700653
0.0083061187
0.0232208818
0.1007835418
0.0168174878
0.0120189823
0.0814340040
0.0074668014
0.0678425655
0.0269223489
0.0143319005
0.0055554505
0.0043337499
0.0289699379
0.1802061647
0.0069553712
0.0707329214
0.0256076977
0.0418166704
0.0235478692
0.3042186499
0.0590557642
0.0234737359
0.0428016745
0.0181392729
0.2379176170
0.0400124714
0.0385184810
0.0397209562
0.0069135386
0.0030161263
0.0045575425
0.0518017448
0.0102733476
0.0145919956
0.0376926325
0.0097735431
0.0048199114
0.2326710224
0.0544288531
0.0359419398
0.1585200876
0.0767594278
0.0158012770
1.0786726475
0.0146687580
0.0032527614
0.0459291115
0.0085904095
0.0039348565
0.0083721774
0.0865106061
0.0347170532
0.0246037990
0.0394796841
0.0047918893
0.0075867735
0.0085472921
0.0043582297
0.0652460977
0.0035364411
0.0406086370
0.0333591923
0.0443906635
0.0227516964
0.0121410983
0.0066545433
0.0497743301
0.0056306035
0.0184724461
0.0555713736
0.0041741277
0.0185511913
0.0100722332
0.0437778831
0.0261022672
0.0316699445
0.0679563805
0.0240055006
0.0042600851
0.0039398046
0.0409256928
0.0077918656
0.0227851253
0.0052045304
0.0163967647
0.0235334821
0.0159138590
0.0054634991
0.0270581320
0.0087359082
0.0721547455
0.0286570173
0.0508206151
0.0147048468
0.0031983636
0.0156347845
0.0205090307
0.0261957571
0.0304905120
0.0465309881
0.0094747879
0.0658432692
0.0036935527
0.0309382901
0.0089203753
0.0143074254
0.0058954107
0.0479048751
0.0305697899
0.0164684858
0.0701332614
0.0495382845
0.0096996240
0.0147457598
0.0485177785
0.0047467141
0.0045705591
0.0571551546
0.0449948385
0.0155769326
0.0759070665
0.0680100918
0.0395093486
0.0424756706
0.0044653397
0.0077716275
0.0684117898
0.0198458657
0.0665317103
0.0664241388
0.0085244430
0.0138378004
0.0033427798
0.0237041730
0.0039867200
0.0602644943
0.0193205774
0.0064653847
0.0497514084
0.0407218188
0.0405321270
0.0096343048
0.0096273869
0.0151266987
0.0076922318
0.0686977804
0.0694843903
0.0568200871
1.0941040516
0.0124642327
0.0253111739
0.0316810943
0.0726180822
0.0387926064
0.0057106721
0.0729616135
0.0700933561
0.0580278598
0.0049012336
0.0104974387
0.0100901034
0.0423475094
0.0067670201
0.0096412003
0.0217830259
0.0288419090
0.0487823524
0.0608734861
0.0670776963
0.0304448809
0.0029553636
0.0094482489
0.0583024286
0.0187270585
0.0265936609
0.0091884853
0.0204449520
0.0628544688
0.0073655187
0.0481176861
0.0198594909
0.0670599490
0.0511359796
0.0146427779
0.0212602057
0.0321400017
0.0468056686
0.0137092657
0.0043038395
0.0055500302
0.0435959175
0.0035183311
0.0035939782
0.1327141821
0.0036701018
0.0199865084
0.0179029759
0.0091259954
0.0439749137
0.0427660085
0.0223202687
0.0081206784
0.0691580549
0.0237761792
0.0099638226
0.0055433367
0.0547959767
0.0775997564
0.0255251918
0.0408555344
0.0067010005
0.0623477027
0.0660249963
0.0406695046
0.0479258783
0.0046465704
0.0096029127
0.0490837581
0.0033475673
0.0135497414
0.0244052298
0.0340927280
0.0357936397
0.0193291400
0.0093352450
0.0054965797
0.0056202780
0.0055270200
0.0521817915
0.0136886202
0.0397446677
0.0162367336
0.0143919354
0.0714766234
0.0369137675
0.0169007573
0.0161191672
0.0265654344
0.0070380038
0.0390119776
0.0119375512
0.0141343549
0.0055921348
0.0056429920
0.0585306883
0.0227859691
0.0041999612
0.0045184903
0.0074248957
0.0328150243
1.1344705820
0.0178875513
0.0625691861
0.1479592770
0.0239933413
0.1262026280
0.0340749994
0.0165239237
0.0039397911
0.0153517956
0.0395716056
0.0082110381
0.0721314251
0.0177281704
0.0349046402
0.0622167215
0.0106342938
0.0063236034
0.0600089952
0.0116365291
0.0681141540
0.0197650008
0.0045958916
0.0588140450
0.0641681626
0.0116468882
0.0691064820
0.0067154774
0.0200431887
0.0104550645
0.0077051562
0.0056067924
0.1085687354
0.0039774170
0.0641150326
0.0304130092
0.0175962951
0.0341815464
0.0669944808
0.0625233650
0.0388494954
0.0098080114
0.0200124383
0.0278861318
0.0674077719
0.0041510132
0.0629038513
0.0285312235
0.0036792792
0.0156394318
0.0034415128
0.0396336876
0.0707216039
0.0818582475
0.0390793122
0.0081323590
0.0478455126
0.0304053295
0.0148558374
0.0391266495
0.0078087845
0.0247519594
0.0629484579
0.0073429355
0.0078912275
0.0232487246
0.0109297177
0.0074198623
0.0049691019
0.0204466973
0.0056627658
0.0268217996
0.0127202971
0.0678384528
0.0048613120
0.0157095492
0.0533942021
0.0605192631
0.0029813661
0.0115524353
0.0035545856
0.0263057686
0.0448591858
0.0101348031
0.0595938936
0.0073196278
0.0128810443
0.0258577820
0.0324031115
0.0444710590
0.0053703785
0.0612072349
0.0519405194
0.0186103974
0.0663728267
0.0553582385
0.0357560292
0.0545306057
0.0054580821
0.0149886105
0.0149908010
0.0163034070
0.0176929515
0.0131443031
0.0062270341
0.0164734460
0.0491991416
0.0668199435
0.0165735688
0.0647681803
0.0612955242
0.0238281582
0.0050540934
0.0367806442
0.0186054297
0.0199513230
0.0485030226
0.0567665994
0.0211431030
0.0237810351
0.0409198739
0.0690553486
0.0219027102
0.0658111572
0.0058072237
0.0544152185
0.0241960641
0.0462400466
0.0212990511
0.0053685727
0.0426593423
0.0492653623
0.0471297726
0.0355966389
0.0397748500
0.0547270700
0.0341180228
0.0257132109
0.0439787097
0.0040520267
0.0444890559
0.0115332920
0.0212691240
0.0294783674
0.0661634728
0.0035790512
0.0240585543
0.0264471527
0.0472355634
0.0063804439
0.0039938455
0.0295252502
0.0090558222
0.0067747370
0.0673288256
0.0058940551
0.0725628734
0.0265312567
0.0179122351
0.0679510832
0.0040154909
0.0460474342
0.0315997638
0.0186373461
0.0728589520
0.0643121675
0.0176487043
0.0328808017
0.0055768187
0.0301579945
0.0046512936
0.0705575123
0.0601788349
0.0397268198
0.0453916602
0.0647581816
0.0729675591
0.0128774336
0.0056388467
0.0305699576
0.0032731378
0.0128087448
0.0445385575
0.0415972881
0.0291924551
0.0074489298
0.0041163070
0.0070557608
0.0633233860
0.0173388235
0.0545611940
0.0259848833
0.0290067345
0.0448232293
0.0169729553
0.0032893254
0.0045372378
0.0553586408
0.0087182224
0.0048289029
0.0122887921
0.0122767286
0.0168190487
0.0192160495
0.0498418473
0.0436931625
0.0070847073
0.0573367998
0.0306826364
0.0041561923
0.0512538776
0.0625873655
0.0060337661
0.0495808236
0.0287970528
0.0063081682
0.0054127700
0.0043352218
0.0106742634
0.0038363622
0.0392347798
0.0093414579
0.0562498793
0.0045007737
0.0073209959
0.0269453470
0.0248531997
0.0777359009
0.0146874953
0.0438123047
0.0047813249
0.0246388409
0.0445089862
0.0218822118
0.2773399651
0.0151502881
0.0151060242
0.0275234245
0.0042755320
0.0623000376
0.0435858965
0.0126377642
0.0060992236
0.0664006695
0.0155852269
0.0089985654
0.0091801714
0.0036621771
0.0219773017
0.0452201888
0.0078321267
0.0411796868
0.0235924628
0.0677400306
0.0107843922
0.0096581150
0.0118070571
0.0069417539
0.0215967763
0.0055106212
0.0120055676
0.0453100689
0.0386674814
0.0199348927
0.0039524799
0.0287765246
0.0247810800
0.0223664381
0.0490826704
0.0333174355
0.0192227103
0.0068117906
0.0363053977
0.0421122871
0.0727667809
0.0731329098
0.0047985590
0.0742635503
0.0705958381
0.0565480925
0.0497004241
0.0166772604
0.0692837536
0.0120261535
0.0090491893
0.0513863973
0.0552405901
0.0739030093
0.0383304656
0.0055592302
0.0063948464
0.0683476999
0.0568232648
0.0185386520
0.0062977867
0.0520941280
0.0126835257
0.0206034314
0.0117758438
0.0395926498
0.0234749671
0.0090121664
0.0471906886
0.0099496255
0.0347373895
0.0274588577
0.0773149654
0.0070509100
0.0310557988
0.0264300834
0.0109724216
0.0441548340
0.0057934835
0.0042486028
0.0101859933
0.0032090559
0.0115537317
0.0049757943
0.0421878546
0.0398642942
0.0459035970
0.0050602886
0.0450724252
0.0180931091
0.0069317785
0.0346210040
0.0069647785
0.0072578695
0.0154327350
0.0596857704
0.0165163409
0.0534121357
0.0104911625
0.0038358625
0.0182145759
0.0185093209
0.0045076218
0.0484653302
0.0064283023
0.0557490140
0.0051272176
0.0699046180
0.0162623450
0.0711675733
0.0281328317
0.0095337210
0.0064703380
0.0278224573
0.0536711812
0.0374041572
0.0173486043
0.0314942896
0.0120281931
0.0140761528
0.0139625883
0.0646646693
0.0795042887
0.0572572351
0.0074936291
0.0070008850
0.0700260028
0.0089608151
0.0307438876
0.0541893095
0.0142506389
0.0596182793
0.0278960355
0.0326188318
0.0106697790
0.0204046033
0.0638903901
0.0048581334
0.0677685365
0.0086237323
0.0354252160
0.0155738974
0.0505240820
0.0085875774
0.0195073988
0.0218369029
0.0267350134
0.0194189660
0.0647424981
0.0116745979
0.0115964403
0.0461983085
0.0125388764
0.0835026801
0.0470378585
0.0244097468
0.0701676980
0.0298504904
0.0439229645
0.0648507625
0.0141876396
0.0112424726
0.0574075542
0.0150694307
0.0114988387
0.0346555822
0.0517973676
0.0109678600
0.0515585467
0.0392688960
0.0294490512
0.0056821411
0.0716369003
0.0041444018
0.0040344046
0.0922734886
0.0145076104
0.0154354293
0.0099778902
0.0164641812
0.0478761494
0.0069884825
0.0115450174
0.0054418007
0.0284369849
0.0032228965
0.0064045419
0.0614708625
0.0634326711
0.0046971426
0.2368390411
0.0690529272
0.0057619228
0.0049497341
0.0698237419
0.0228617750
0.0086790873
1.0552065372
0.0295489132
0.0517278798
0.0035704048
0.0461547524
0.0049312743
0.0224031452
0.0110350205
0.0085617909
0.0268046129
0.0048204893
0.0030525238
0.0055240300
0.0344086625
0.0058332621
1.0789637566
0.0526515022
0.0181415752
0.0623660721
0.0163482539
0.0311038196
0.0521059670
0.0520575494
0.0183882285
0.0578520782
0.0050140205
0.0494047366
0.0066223573
0.0675655901
0.0577563494
0.0064485162
0.0115637779
0.0253974386
0.0523437522
0.1339294016
0.0305205658
0.0325159989
0.0621013567
0.0121132676
0.0087722344
0.0068129762
0.0221532267
0.0672704205
0.0182526670
0.0163883455
0.0044545308
0.0345209911
0.0679574460
0.0382337682
0.0428415388
0.0374302790
0.0089624207
0.0383631065
0.0049326546
0.0338511579
0.0681017786
0.0068722474
0.0049869455
0.0156895351
0.0032387329
0.0187571738
0.0727775469
0.0037827110
0.0606674217
0.0253096614
0.0042032767
0.0117484601
0.0223921090
0.0114439186
0.0645756423
0.0411793999
0.0268916562
0.0338690467
0.0104353093
0.0300452672
0.0385708623
0.0303317104
0.0044475589
1.0252681971
0.0033697765
0.0439588018
0.0481198132
0.0030336578
0.0578516498
0.0044549978
0.0605654307
0.0080233794
0.0092519457
0.0036546565
0.0350167938
0.0061774347
0.0361186452
0.0714982972
0.0090139965
0.0094867023
0.0206236467
0.0261137187
0.0068127229
0.0108981198
0.0138847083
0.0040217806
0.0164367948
0.0399701484
0.0467925929
0.0489139743
0.0408120379
0.0452400148
0.0709240586
0.0105909063
0.0279188789
0.0180440489
0.0298673697
0.0082986616
0.0527690873
0.0160590746
0.0085071111
0.0501877293
0.0028937792
0.0032116231
0.0335235558
0.0627977476
0.0077984277
0.0352003835
0.0457444973
0.0244454797
0.0522039384
0.0572133325
0.0088512441
0.0579586662
0.0422885194
0.0410123281
0.0029228872
0.0072887843
1.0926259756
0.0365933813
0.0471309870
0.0228358284
0.0248311087
0.0448157229
0.0141028957
0.0074495738
0.0048958273
0.0070241019
0.0135195898
0.0382979065
0.0081290398
0.0597835146
0.0041559068
0.0340653509
0.0224040393
0.0198667236
0.0049594026
0.0325885639
0.0106968852
0.0031834007
0.0036272171
0.0501730479
0.0281610377
0.0240687467
0.0384874828
0.0606882833
0.0357743055
0.0114304284
0.0093651302
0.0060280906
0.0056735300
0.0120047145
0.0558560304
0.0130021200
0.0636643544
0.0332416184
0.0035518296
0.0442727655
0.8502869010
0.0190605894
0.0085071838
0.0485208109
0.0310592037
0.0652878955
0.0046724766
0.0034377356
0.0347498171
0.0052241920
0.0201413576
0.0411674604
0.0719006136
0.0071488274
0.0113360519
0.0067277364
0.0108590862
0.0306035466
0.0049211052
0.0050016670
0.0142336329
0.0032597482
0.0058521968
0.0705946013
0.0498860553
0.0264035705
0.0049546463
0.0209847279
0.0140238004
0.0210973788
0.0494000278
0.0216436181
0.0868187547
0.0527009889
0.0674121901
0.0699715689
0.0563860349
0.0585856587
0.0117075732
0.0426721796
0.0311039872
0.0045889830
0.0099623278
0.0068537272
0.0063953120
0.0133117754
0.0448916517
0.0115333386
0.0386192612
0.0287592784
0.0093522491
0.0201219767
0.0062134452
0.0122590885
0.0452326424
0.0653218403
0.0426453613
0.0092906887
0.0079719964
0.3436715603
0.0193787124
0.0426814854
0.0066392277
0.0388769507
0.0114550171
0.0217675176
0.0045795334
0.0096348645
0.9046757817
0.0120858494
0.0120284930
0.0048280484
0.0030881560
0.0511137247
0.0506765097
0.0029665439
0.0131318038
0.0402574949
0.0164546724
0.0546405539
0.0305815674
0.0088617811
0.0114569943
0.0690381601
0.0357616246
0.0044981311
0.0627944395
0.0217447355
0.0117909554
0.0185924731
0.0204658583
0.0037261657
0.0555801727
0.0405281447
0.0476956889
0.0555825159
0.0307350680
0.0401595682
0.0165571906
0.0084002260
0.0362149402
0.0119894687
0.0647033975
0.0245612953
0.0582507104
0.0033438287
0.0299094003
0.0464487076
0.0132089239
0.1667073220
0.0365190729
0.0277333967
0.0351714343
0.0664612502
0.0241310708
0.0249500256
0.0670620501
0.0123487245
0.0730921701
0.0379649736
0.0463004783
0.0075041787
0.0487526357
0.0325221308
0.0212938972
0.0259993337
0.0113986488
0.0205175523
0.0549845323
0.0320855640
0.0593602285
0.0610226430
0.0471934676
0.0088186236
0.0330842547
0.0131872520
0.0617969558
0.0480702668
0.0038177981
0.0702541247
0.0693580881
0.0543599166
0.0230599064
0.0039815209
0.0061444570
0.0035064451
0.0108877141
0.0071525001
0.0164032299
0.0031726055
0.0554864444
0.0382597260
0.0384214446
0.0492561348
0.0060638478
0.0138557255
0.0382942148
0.0225751717
0.0302094538
0.0062135309
0.0220468119
0.0567528568
0.0312321316
0.0045596929
0.0348406173
0.0074054971
0.0232418012
0.0051055956
0.0031583938
0.0269138794
0.0094507700
0.0061921780
0.0633231774
0.0031339158
0.0457896926
0.0284400992
0.0465569347
0.0591290183
0.0232448634
0.0359157361
0.0172787197
0.0185462292
0.0120868757
0.0707613155
0.0036269410
0.0313490108
0.0039718160
0.0699893981
0.0412670746
0.0050045615
0.0078473855
0.0052971602
0.0337413624
0.0385412946
0.0305313114
0.0495671369
0.0181872305
0.0075476230
0.0099547682
0.0279179402
0.2016578615
0.0264018420
0.0560711510
0.0424335971
0.0614081770
0.3133624196
0.0043685646
0.0672706515
0.0085891141
0.0045256135
0.0339867026
0.0623546802
0.0057072849
0.0188167635
0.0295329560
0.0448855422
0.0649309605
0.0394887030
0.0692515671
0.0593552515
0.0329703763
0.0142316762
0.0322150253
0.0418929830
0.0793712065
0.0159727205
0.0726277009
0.0121109663
0.0101250196
0.0279068705
0.0052811946
0.0680556744
0.0222444069
0.0503806248
0.0101666423
0.0175784584
0.6187779903
0.0201551560
0.0062399106
0.0483116843
0.0046430165
0.0709082037
0.0041799652
0.0262490474
0.0430534258
0.0059186616
1.0360289812
0.0192208607
0.0047638062
0.9869194031
0.0064434372
0.0078237848
0.0481626056
0.0715550557
0.0151874088
0.0631696656
0.0057307878
0.0373909920
0.0130601740
0.0107100327
0.0125223426
0.0198204312
0.0608824678
0.0061178082
0.0404097624
0.0053778472
0.0142181944
0.0269495025
0.0381971374
0.0043028188
0.0454836227
0.0352889895
0.0127092218
0.0548224971
0.0041472521
0.0113532003
0.0287318993
0.0098737050
0.0039843237
0.0030486751
0.0345458016
0.0104304710
0.0145939980
0.0283425953
0.0369970053
0.0484613068
0.0520619079
0.0030000762
0.0089119533
0.0704350099
0.0515667275
0.0724277049
0.0111481575
0.0280154720
0.0044477032
0.0795662329
0.0110982060
0.0682251155
0.0311592072
0.0688127875
0.0643899515
0.0307542104
0.0166736171
0.0409259126
0.0166623667
0.0275449585
0.0109647186
0.0088749323
0.0094416747
0.0204263963
0.0076355827
0.0124322902
0.0217751730
0.0481950976
0.0035696852
0.0550405085
0.0363483354
0.0088768229
0.0370707437
0.0144519750
0.0267526694
0.0671586245
0.0033877331
0.0078446753
0.0244645644
0.0671745464
0.0090510463
0.0664202049
0.0477485284
0.0322832055
0.0272996426
0.0395294912
0.0485882126
0.0092317872
0.0244919304
0.0443559587
0.0759599507
0.0099039236
0.0288198218
0.0031400176
0.0633820444
0.0564673655
0.0586464256
0.0073854472
0.0475480184
0.0200325400
0.0206370559
0.0092662591
0.0402355678
0.0464427285
0.0073223654
0.0313643105
0.0131170936
0.0328659602
0.0146234827
0.0317173488
0.0055307345
0.0394151062
0.0596951768
0.0433692485
0.0138256196
0.0058688810
0.0447167903
0.0398926884
0.0221732054
0.0037699700
0.0796093792
0.0557422824
0.0047092000
0.0213355497
0.0033647825
0.0572483093
0.0696050450
0.0344466083
0.0057256916
0.0324861594
0.0392608084
0.0190767404
0.0377167799
0.0049660634
0.0093317935
0.0160305593
0.0314022675
0.0692810118
0.0298129059
0.0714728236
0.0044127558
0.8780812025
0.0308496058
0.0219702926
0.0033335094
0.0314674526
0.0249617882
1.0048720837
0.0264632739
0.0036517768
0.0138930576
0.0448801927
0.0182895400
0.0206352305
0.0038051240
0.0383155383
0.0043271910
0.0153075904
0.0033307469
0.0497387685
0.0593070351
0.0053309435
0.0282839462
0.0058320216
0.0055126967
0.0047401129
0.0129193496
0.0423156731
0.0040025651
0.0210927296
0.0076242476
0.0595184565
0.0087753730
0.0270237289
0.0041348655
0.0133996885
0.0343210883
0.0031107718
0.0569224618
0.0633558631
0.0769711360
0.0076982062
0.0048798253
0.0196435414
0.0109582907
0.0568518713
0.0514109321
0.0349006169
0.0396935120
0.0057687261
0.0678225011
0.0174852535
0.0650089905
0.0508308150
0.0039189947
0.0110105323
0.0185355879
0.0595213696
0.0058950447
0.0097795390
0.0094623286
0.0255155601
0.0417282060
1.0416808128
0.0183943361
0.0036045748
0.0140593816
0.0092184776
0.0173731949
0.0288180634
0.0452320538
0.3330341876
1.0527747869
0.0284938589
0.0394668989
0.0207477529
0.0253674891
0.0349920020
0.0033493224
0.0054448787
0.0059075914
0.0079140505
0.0536397919
0.0447281487
0.0031311556
0.0531177707
0.0429298319
0.0301265456
0.0538085029
0.0042044013
0.0076757167
0.0541675724
0.0275540203
0.0074905795
0.0329120830
0.0370384753
0.0635197759
0.0266000573
0.0684908926
0.0058394354
0.0177730955
0.0063244603
0.0161987301
0.0099360514
0.0031501923
0.0606410354
0.0107630920
0.0518416651
0.0063320310
0.0276698619
0.0198896751
0.0422585532
0.0124550927
0.0380476452
0.0487275310
0.0107530896
0.0620230474
0.0051931748
0.0269913767
0.8511563540
0.0255780723
0.0497938767
0.0133392923
0.0128710009
0.0599991381
0.0362562649
0.0232415553
0.0220169891
0.0164755024
0.0121558262
0.0479389802
0.0045011095
0.0118596479
0.0716977417
0.0303491484
0.8101763129
0.0070144068
0.0707038194
0.0579511262
0.0188593138
0.0127961757
1.0606105328
0.0068653696
0.0069440473
0.0041815741
0.0396275893
0.0061048619
0.0196791198
0.0126116546
0.0058924798
0.0095203305
0.0384765863
0.0030643656
0.0608544238
0.0207074098
0.0660949871
0.0163644142
0.0539025031
0.0034964634
0.0735840052
0.0343779214
0.0095957266
0.0137356613
0.0173648763
0.0121455090
0.0602391921
0.0737436712
0.0111145834
0.0292642899
0.0141169699
0.0048732469
0.0379857831
0.0429044105
0.0054945718
0.0039195502
0.0330579057
0.0329067074
0.0450698845
0.0250677932
0.0076128342
0.0085370885
0.0123881120
0.0423364490
0.0033261862
0.0270090606
0.0567465052
0.0439010002
0.0124620507
0.0259627551
0.0610842146
0.0701835826
0.0318985283
0.0030827003
0.0133598745
0.0286584925
0.0029454059
0.0065072509
0.0143480338
0.0317011364
0.0036636493
0.0631698743
0.0168822072
0.0540669560
0.0034589276
0.0307961646
0.0280059595
0.0251552314
0.0078185117
0.0095238341
0.0042504258
0.0777280927
0.0227160081
0.0047330665
0.0264064074
0.0432409123
0.0658443347
0.0048843883
0.0431579463
0.0062220693
0.0466623381
0.0274966471
0.0391632654
0.0526794046
0.0452192314
0.0574346185
0.0578679666
0.0128671406
0.0316921249
0.0465938821
0.0453609005
0.0614338070
0.0702965781
0.0070449957
0.0055874903
0.0034906082
0.0032163230
0.0163457897
0.0388333797
0.0147626679
0.0044311467
0.0472380966
0.0045842873
0.0201801788
0.0091053639
0.0239209216
0.0388822146
0.8938218951
0.0261325501
0.0423719995
0.0496038273
0.0052697472
0.0482348464
0.0399684496
0.0076770531
0.0467648096
0.9928851724
0.0096566249
0.0327051915
0.0032055895
0.0154009536
0.0185492449
0.0188950542
0.0175121166
0.0038057198
0.0197477378
0.0074512237
0.0692740679
0.9127944112
0.0097863153
0.0551285669
0.0125696808
0.0258753002
0.0124180196
0.0165966209
0.0105915479
0.0170432776
0.0195051748
0.0606247820
0.0132564595
0.0215195753
0.0084651392
0.0061303210
0.0593414754
0.0747052506
0.0428649299
0.0054565696
0.0720215589
0.0573975816
0.0143032596
0.0122459959
1.1095327139
0.0201010294
0.0692582652
0.0516828410
0.0125543484
0.0141286207
0.0414802097
0.0503897592
0.0052512926
0.0722069144
0.0471781269
0.0286213364
0.0344425477
0.0155545361
0.0039012532
0.0075382241
0.0476392768
0.0071750819
0.0211785641
0.0309801307
0.0219207183
0.0292180628
0.0039914493
0.0091503300
0.0259637833
0.0359167755
0.0200945884
0.0470459945
0.0313829295
0.0113564571
0.0095518325
0.0131082023
0.0479141437
0.0492786802
0.0222406555
0.0141264070
0.0366133228
0.0521250330
0.0043039471
0.0158175379
0.0484868772
0.0633157045
0.0029195615
0.0031757774
0.0734755471
0.0133195305
0.0564967915
0.0361285582
0.0769317523
0.0385166109
0.0037884614
0.0279135164
0.0409934446
0.0305911321
0.0077174115
0.0159738120
0.0734597817
0.0383717977
0.0078551667
0.0139323277
0.0674808100
0.0145718120
0.0456646308
0.0796644017
0.0091561005
0.0323801152
0.0029298728
0.0501289926
0.0403595529
0.0598968603
0.0505922697
0.0050057005
0.0050496240
0.0285889041
0.0235950425
0.0074757109
0.0510158278
0.0438888855
0.0166948158
0.0051195119
0.0043415260
0.0106613794
0.0354700126
0.0448220670
0.0250415895
0.0030708779
0.0107660703
0.0121950097
0.0409275517
0.0294554103
0.0722039118
0.0059686541
0.0359597653
0.0671609417
0.0062346701
0.0230769441
0.0207988378
0.0350684188
0.0355564952
0.0155077735
0.0236534663
0.0378823057
0.0148927988
1.0456022024
0.0708790869
0.0193528011
0.0107297907
0.0125325145
0.0051540998
0.0046152296
0.0372398160
0.0390025675
0.0129775163
0.0100507829
0.0052937018
0.0523644723
0.0411911756
0.0155778620
0.0704763681
0.0043415590
0.0059973071
0.0053219423
0.0232436378
0.0043248693
0.0558738671
0.0076393727
0.0174165238
0.0626529157
0.0336216055
0.0471450426
0.0350566506
0.0036036638
0.0204544049
0.0229607467
0.0357033871
0.0059629246
0.0197275579
0.0605574548
0.7454775572
0.0484667234
0.8506305814
0.0689443573
0.0174268689
0.0033443798
0.0107188141
0.0184361432
0.0153722838
0.0640721172
0.0148343723
0.0091718733
0.1042481363
0.0098844720
0.0076884911
0.0042679445
0.0604471937
0.0411282629
0.0180653948
0.0524983108
0.0330873653
0.0452372767
0.0118932733
0.0042028432
0.0501915850
0.0106025431
0.0659350753
0.0320711918
0.0260668937
0.0283614248
0.0296624415
0.0038101736
0.0029425544
0.1570265591
0.0294698551
0.0335119739
0.0379300974
0.0577029847
0.0537819713
0.0088809067
0.0152508151
0.0296051502
0.0070880638
0.0716026500
0.0155379083
0.0117788520
0.0091855917
0.0167645458
0.0030361386
0.0141966520
0.0470219292
0.0109412577
0.0029762120
0.0103745153
0.0328977779
0.0065033869
0.0061684805
0.0231580902
0.0113157360
0.0468773246
0.0032924851
0.0213801116
0.0591577664
0.0159983747
0.0103962403
0.0043037510
0.0045536761
0.0216627084
0.0115420874
0.7814595103
0.0137245245
0.0192338079
0.0620993152
0.0464575216
0.0383375548
0.0031758409
0.0424439982
0.0648705214
0.0524758510
0.0234170090
0.0222577918
0.0537399165
0.0312833786
0.0415756777
0.0190600622
0.0197062306
0.0338708535
0.0162520669
0.0735309646
0.0416184701
0.0151180020
0.0105431359
0.0088165337
0.0108352108
0.0030396569
0.0072780121
0.0722189471
0.0077486415
0.0088228956
0.0053170803
0.0128414119
0.0045582168
0.0063491133
0.0465529412
0.0119036110
0.0339791067
0.0438609421
0.0092631681
0.0175649934
0.0370292291
0.0133396294
0.0104404734
0.0607420430
0.0416008011
0.0416488685
0.0342612863
0.0070210248
0.0153620383
0.0551369824
0.0128601100
0.0288151540
0.0204260461
0.0032503635
0.0109530995
0.0395071022
0.0151692303
0.0365695283
0.0063102762
0.9171443582
0.0097499425
0.0216103438
0.0156251546
0.0269313976
0.0155244377
0.0051034936
0.0476771444
0.0528743304
0.0076265032
0.0066822739
0.0289595276
0.0037693861
0.0698046014
0.0184473433
0.0050926618
0.0470746718
0.0175873693
0.0199086573
0.0142897647
0.0287225917
0.0583813228
0.0480053797
0.0637047812
0.0036232460
0.0032636214
0.0190388765
0.0176231246
0.0212917048
0.0533487611
0.0097536221
0.0056118616
0.0675644800
0.0309358761
0.0030822174
0.0031717145
0.0049270974
0.0418877304
0.0069125718
0.0267206002
0.0208755657
0.0286522713
0.0039269193
0.0646977127
0.0441768616
0.0435235128
0.0059787650
0.0110645499
0.0594571866
0.0109538650
0.0603424907
0.0608121082
0.0392055474
0.0695124716
0.0760848448
0.0692537427
0.0102726482
0.0409335196
0.0153673468
0.0380096510
0.0824309587
0.0661746189
0.0141619835
0.0467589274
0.0602639690
0.0063924179
0.0053581004
0.0148042813
0.0171772540
0.0031480128
0.0525042452
0.0521936938
0.0581017695
0.0341507904
0.0083720637
0.0260611679
0.0498644188
0.0063928426
0.0666848049
0.0182024445
0.0144608449
0.0054995404
0.0539152622
0.0190749336
0.0448995493
0.0370819941
0.0116564687
0.0177100208
0.0127598001
0.0050790422
0.0506839231
0.0062249145
0.0319664590
0.0033678308
0.0624537393
0.0129817380
0.0728075877
0.0060006506
0.0418540463
0.0339379683
0.0358895175
0.0031713620
0.0567568541
0.0412173681
0.0508810468
0.0258194059
0.0573579073
0.0337215513
0.0373313688
0.0602805763
0.0369213931
0.0157236680
0.0427772738
0.0354740210
0.0230112821
0.0092163133
0.0110417129
0.0187525861
0.0397217162
0.0191363283
0.8289983869
0.0056636203
0.0030463671
0.0124013862
0.0133156739
0.0827272013
0.0405489914
0.0514004230
0.0043311361
0.0504626743
0.0037068685
0.0152735421
0.0431417897
0.0483006015
0.0031851719
0.0131748337
0.0127617419
0.0592699833
0.0103788683
0.0297336578
0.0033979532
0.0380773582
0.0489269234
0.0592291877
1.0346561670
0.0166258011
0.0241933279
0.0229476299
0.0417468101
0.0292946510
0.0307375155
0.0042088111
0.0125574879
0.0367653295
0.0283014011
0.0066260318
0.0194081496
0.0207866393
0.0632771477
0.0568639785
0.0056370520
0.0370516591
0.0105263544
0.0544509999
0.0058097774
0.0170895383
0.0035495802
0.0286288466
0.0032506529
0.0342170186
0.0044832472
0.0610876568
0.0081381584
0.0331439935
0.0134456772
0.0407633074
0.0400341749
0.0297090523
0.0191305894
0.0344952084
0.0050514792
0.0048730946
0.0605335534
0.0682172701
0.0126565816
0.0252064839
0.0127793169
0.0152472481
0.0086756609
0.0348410197
0.0030387447
0.0102889445
0.0033221969
0.0054677273
0.0173933860
0.0278428756
0.0512067042
0.9310995340
0.0573551171
0.0583998077
0.0148903830
0.0069917077
0.0571094416
0.0490194894
0.0322895348
0.0427821688
0.0300779175
0.0169463959
0.0033453801
0.0270131789
0.0071644918
0.0488409847
0.8645166159
0.0661660209
0.0087619554
0.0256596431
0.0093739331
0.0360154584
0.0096224453
0.3265070319
0.0111971861
0.0560445338
0.0129834441
0.0038833595
0.0078905551
0.0073983995
0.0507909544
0.0226625167
0.0187573768
0.0678996891
0.0220601168
0.0567184798
0.0031158114
0.0709868595
0.0294073746
0.0325837806
0.0031086127
0.0059254863
0.0223427527
0.0047604321
0.0104454020
0.0192106534
0.0623683594
0.0046357601
0.0331854895
0.0127221234
0.0277661737
0.1201609671
0.0524776243
0.0399671607
0.0046247742
0.0447287261
0.0134942066
0.0732688978
0.0601723343
0.0222785436
0.0602981821
0.0494703576
0.0075369044
0.0107494583
0.0136085097
0.3115345538
0.0162467454
0.0170752760
0.0110482611
0.0414313115
0.0102743860
0.0114933010
0.0464188084
0.0341303125
0.0057280948
0.9581862688
0.0378955938
0.0415473431
0.0362951420
0.0304756369
0.0130460570
0.0474887788
0.0212591235
0.0374199711
0.0528218932
0.0215421394
0.0132611282
0.0030844833
0.0269076712
0.0085342471
0.0226342808
0.0060187755
0.0049738595
0.0041151857
0.0106907813
1.0410294533
0.0400979705
0.0386202410
0.0257801339
0.0207918007
0.0050521516
0.0280895010
0.0333208553
0.0031237917
0.0048299446
0.0118645998
0.0034241988
0.0197440777
0.0078320121
0.0050547402
0.0383470133
0.0703465939
0.0031742842
0.0562872067
0.0163079035
0.0066652517
0.0236306153
0.0048663751
0.0395819508
0.0036166667
0.0035320153
0.0047629895
0.0072520012
0.0041808034
0.8470064402
0.0143757584
0.0639173537
0.0671000928
0.7799959183
0.0063129696
0.0038380160
0.0549553819
0.0148268482
0.0548928604
0.0689720660
0.0440519899
0.0243420452
0.0409430601
0.0379745588
0.0251523703
0.0290538557
0.0217962079
0.0177470036
0.0053913053
0.0111685069
0.0068947626
0.0244729053
0.0130159147
0.0196217354
0.0465877652
0.0665702373
0.0141412560
0.0569035001
0.0071294410
0.0401502475
0.0118818888
0.0274494570
0.0383172296
0.0512011126
0.0535699055
0.0161534119
0.0159797762
0.0429230258
0.0251319036
0.0037388552
0.0110304765
0.0113784866
0.0446292832
0.0092811259
0.0156381503
0.0444200002
0.0400398523
0.0233006440
0.0515124686
0.0094271731
0.0057510044
0.0692222416
0.0342037641
0.0366963744
0.0120250629
0.0081269499
0.0363897346
0.0118628917
0.0097105717
0.0129890088
0.0519494675
0.0040819799
0.0242499653
0.0351157449
0.0033543408
0.0104170945
0.0168637987
0.0716306046
0.0048019686
0.0277567115
0.0059433579
0.0270603448
0.0511559062
0.0225644037
0.0331706256
0.0403612480
0.0451978035
0.0068705343
0.0061911582
0.0185763631
0.0120879123
0.0039879871
0.0103171580
0.0032635485
0.0594895184
0.0077638132
0.0034299255
0.0396844409
0.0154649373
0.0520474538
0.0186926406
0.0038249209
0.0538642518
0.0142094092
0.0711186603
0.0650990009
0.0251060277
0.0050934050
0.0074329823
0.0447674766
0.0275331642
0.0123633808
0.0048391842
0.0681612566
0.0109666558
0.0095650405
0.0321975425
0.0444059074
0.0902926698
0.0190513954
0.0343544297
0.0717067569
0.0411298349
0.0259925239
0.0031340416
0.0284392312
0.0153234517
0.0061920360
0.0038890557
0.0533778518
0.0135122240
0.0034924818
0.0032018197
0.0044630468
0.0429797061
0.0513740517
0.0086412039
0.0038875598
0.0410692245
0.0511940122
0.0068775103
0.0099928165
0.0068228054
0.0510523580
0.0544897690
0.0507308543
0.0587211400
0.0306056440
0.0228005908
0.0607283041
0.0685072169
0.0083459485
0.0272165053
0.0323838890
0.0435238741
0.9714233875
0.0062374719
0.0282450989
0.0522555336
0.0258903727
0.0427855738
0.0097296936
0.0091734333
0.0457214378
0.0058751376
0.0324046761
0.0032762163
0.0702228919
0.0098085143
0.0063356273
0.0169076007
0.0182381738
0.0621441081
0.0084581319
0.0586014166
0.0247010812
0.0063312580
0.0257859565
0.0501856469
0.0388596766
0.0664763898
0.0068474063
0.0043388125
0.0033436392
0.0469496287
0.0036587338
0.0229340289
0.0457307734
0.0272493996
0.0053875144
0.0398724303
0.0645813644
0.0152439326
0.0083710002
0.0046175048
0.0069573894
0.0219996162
0.0165416468
0.5030683875
0.0036604656
0.0177630335
0.0613056645
0.0415909365
0.0168600082
0.0259203482
0.0726234317
1.1213985682
0.0042449753
0.0031500680
0.0279415101
0.0441555977
0.0475436896
0.0167255290
0.0271761138
0.0271716230
0.0338431112
0.0217035990
0.0513524115
1.0530124903
0.0166675523
0.0541159920
0.0269272756
0.0094799567
0.0142538249
0.0227573719
0.0117188571
0.0068553700
0.0366017818
0.0705600753
0.0057991776
0.0270015616
0.0242270045
0.0050515421
0.0031495560
0.0090444405
0.0135324653
0.0641706958
0.0449641570
0.0055328431
0.0033943183
0.0029854935
0.0050943824
0.0074019707
0.0457409173
0.0540369004
0.0272745397
0.0382153429
0.0645273775
0.0208249986
0.0163864698
0.0356823504
0.0361154415
0.0131646423
0.0104957893
0.0055021867
0.0033545252
0.0417063124
0.0183455683
0.0133199915
1.0899600983
0.0211941767
0.0564351864
0.0320944563
0.0392095931
0.0582157634
0.0121609448
0.0095521798
0.0035793011
0.0635307729
0.0335019529
0.0164067484
0.0292427689
0.0043128990
0.0223998800
0.0031178752
0.0233949963
0.0278280880
0.0104422905
0.0126576545
0.0099216904
0.0574015304
0.0055575664
0.0048166383
0.0692799240
0.0511878729
0.0041629211
0.0211110804
0.0561858453
0.0241927020
0.0301679950
0.0173774175
0.0521348491
0.0203676354
0.0670465082
0.0221908484
0.0084436499
0.0051813154
0.0347255953
0.0035694009
0.0349148214
0.0132918227
0.0107527385
0.0251221694
0.0129942466
0.0239455551
0.0147940516
0.0610945784
0.0095401322
0.0274778046
0.0149611551
0.0040628128
0.0089097228
0.0232752431
0.0553931072
0.0434914641
0.0052360450
0.0052887988
0.0029983171
0.0220586788
0.0204388406
0.0293424372
0.0417564362
0.0088810874
0.0675279126
0.0199011043
0.0350457132
0.0187142175
0.0161569770
0.0221729223
0.2419139296
0.0515443757
0.0166180246
0.0459789969
0.0362768248
0.1701033413
0.0089530097
0.0713672489
0.0138600487
0.0042834594
0.0132834986
0.0419790372
0.0105778705
0.0085532749
0.0141660878
0.0370817780
0.0509370267
0.0137439249
0.0565384254
0.0183926634
0.0385790728
0.0347509347
0.0092429370
0.0036568572
0.0224734955
0.0194593016
0.0034362888
0.0669491440
0.0043636272
0.0664680451
0.0137664508
0.0288693029
0.0526745953
0.0084092701
0.0668165311
0.0124071231
0.0514214039
0.0457159020
0.0043176464
0.0627162457
0.0071827262
0.0120704416
0.0048594517
0.0263235029
0.0210191738
0.0352760181
0.0093858065
0.0372638032
0.0665030926
0.0218526740
0.0082998676
0.0557215400
0.0106189018
0.0096107973
0.0136918137
0.0247116480
0.0035831127
0.0474383235
0.0651429892
0.0034406686
0.0049541816
0.0077365311
0.0061532492
0.0154547449
0.8084763288
0.0142358886
0.0339217819
0.0324859396
0.0345495641
0.0047405460
0.0384044684
0.0496370271
0.0493901446
0.0090673026
0.0253310390
0.0038804126
0.0115665225
0.0499335602
0.0636337325
0.0534724407
0.0698051676
0.0123794628
0.0073306914
0.0486602820
0.0064251064
0.0092571648
0.0248649642
0.0166959446
0.0711127147
0.0169560630
0.0077972380
0.0284739230
0.0231532119
0.0356004871
0.0037232642
0.0534828976
0.0234200899
0.0533802398
0.0171799697
0.0154712386
0.0080895796
0.0232421830
0.0523281507
0.0298177339
0.0086185923
0.0287229549
0.0698857978
0.0647251159
0.0534633920
0.0363781489
0.0130992020
0.0432159826
0.0321739689
0.0713726580
0.0993473306
0.0482874699
0.0092197666
0.0041440860
0.0389090851
0.0144200232
0.0297425557
0.0038551099
0.0570756793
0.0036664561
0.0590743944
0.0176827740
0.0270350147
0.0709344670
0.0048076599
0.0513093919
1.0959873199
0.0335176326
0.0104255490
0.0232238173
0.0032292039
0.0062363287
0.0107906396
0.0075550210
0.0629733205
0.0041148742
0.0442879908
0.0035930374
0.0248266496
0.0639483407
0.0505911373
0.0037458700
0.0259076655
0.0074312650
0.0288127959
0.0048413272
0.0139083592
0.0657159090
0.0101977000
0.0168476645
0.0068409708
0.0226232223
0.0200156290
0.0200842582
0.0207999088
0.0305609182
0.0038989629
0.0527202599
0.0604412481
0.9737662673
1.0616208315
0.0226025935
0.0032203798
0.0152002871
0.0187929440
0.0186894126
0.0443677381
0.0233283732
0.0213169679
0.0703823939
0.0215295497
0.0258681662
0.0343028754
0.0270502269
0.0277326927
0.0571502000
0.0212510489
0.0319109522
0.0149302417
0.0061250902
0.0703229681
0.0352855846
0.0097114965
0.0655367821
0.0311459862
0.0437925495
0.9597178102
0.0208940599
0.0038653463
0.0165742114
0.0335182138
0.0172044877
0.0274811089
0.0044616484
0.0424703695
0.0261169821
0.0245664082
0.0054005543
0.0408195145
0.0685434863
0.0508562438
0.0536218546
0.0426704511
0.0697200522
0.0127114868
0.0681407601
0.0037569765
0.0093349190
0.0088463044
0.0055855885
0.0040973127
0.0723162964
0.0028989229
0.0350341313
0.0726562589
0.0117573226
0.0053214165
0.0280910954
0.0446305536
0.0041818451
0.0187085550
0.0095971720
0.0336933360
0.0047656945
0.0037801599
0.0376768783
0.0280714855
0.0196044985
0.0230252873
0.0194165874
0.0111758811
0.0592516959
0.0199444983
0.0209109113
0.0723788068
0.0061326213
0.0065973005
0.0139589207
0.0037101470
0.0222344417
0.0268828999
0.0121468175
0.0080639217
0.0457796380
0.0445443913
0.0081426566
0.0471538082
0.0136559298
0.0432926416
0.0330202430
0.0134664457
0.0056394301
0.0183897261
0.0387763195
0.8380443454
0.0196760576
0.0070584789
0.0130356168
0.0148956627
0.0237813313
0.0396553725
0.0167000610
0.0071113021
0.0188357439
0.0553685203
0.0594706051
0.0571696088
0.0349640585
0.0479101725
0.0043154270
0.0187661350
0.0037579224
0.0282617807
0.0052989414
0.0100901648
0.0362019502
0.0317118429
0.9435208440
0.0607719906
0.0068441741
0.9932204485
0.0093470933
0.0356334113
0.0215761960
0.0105646364
0.0545820780
0.0103487214
0.0174485371
0.0084938379
0.0696687996
0.0691612512
0.0336999111
0.0340213627
0.0098717231
0.0187673662
0.0560935251
0.0380083621
0.0200110301
0.0626734942
0.0693070143
0.0461422876
0.0065041548
0.0045191911
0.0076203113
0.0155181969
0.0041407570
0.0051510930
0.0293510761
0.0061791288
0.0086570140
0.0029835515
0.0349761732
0.0086546401
0.0075169215
0.0229999814
0.0055654482
0.0276192743
0.0097576249
0.0320246853
0.0031265633
0.0280751083
0.0412834063
0.0311296787
0.0135530913
0.0461582728
0.0745966211
0.0060179583
0.0290187672
0.0653596297
0.0208723117
0.0070896358
0.0054111374
0.0088346591
0.0153372074
0.0385769829
0.0094384467
0.0052562659
0.0137720536
0.0065455101
0.0280430503
0.0436553508
0.0615313016
0.0270424541
0.0128494836
0.0639302582
0.0032678756
0.0142247370
0.0430195443
0.0220158845
1.0258048773
0.0112817027
0.0086277770
0.0499750338
0.0247083381
0.0634423792
0.0395347700
0.0185432341
0.0257776324
0.0088254008
0.0215511415
0.0636528879
0.0081541343
0.0411039628
0.0640237704
0.0691769496
0.0162469037
0.0576426573
0.0570052899
0.0082123168
0.0066848793
0.0931501985
0.0036794229
0.0054878774
0.0030618040
0.0045085633
0.0192202367
0.0036701607
0.0414766297
0.0595386587
0.0130809238
0.0624835528
0.0094423434
0.0089518754
0.0034666308
0.0107192229
0.9315526485
0.0043481588
0.0099863689
0.0388212427
0.0042672455
0.0080357986
0.0111267753
0.0038380357
0.0100528700
0.0619110800
0.0057293396
0.0443789959
0.0526208468
0.0096661309
0.0154402778
0.0323186442
0.0214382336
0.0102487700
0.0107705668
0.0034474614
0.0111832358
0.0334419087
0.0229387172
0.0110786660
0.0333133861
0.0454571694
0.0095793521
0.0111009432
0.0478407145
0.0439601019
0.0603098758
0.0032941182
0.0048380136
0.0358594619
0.0212889314
0.0530797616
0.0105734188
0.0052987919
0.0443336479
0.0645962432
0.0137200188
0.0467316285
0.0088732587
0.0120274732
0.0389405973
0.0031069876
0.0349486135
0.0289538186
0.0041240398
0.0659414232
0.0712240115
0.1993669569
0.0038869455
0.0052899299
0.0039599151
0.0141687645
0.0471178703
0.0586395264
0.0652228743
0.0693845078
0.0108539397
0.0307958107
0.0471518822
0.0635330975
0.0050931647
0.0306072962
0.0518813357
0.0627317056
0.0095833438
0.0465511531
0.0259642806
0.0516059808
0.0083621331
0.0175250489
0.0719336718
0.0053831963
0.0048178826
0.0195357613
0.0274407808
0.0056074699
0.0549718626
0.0122148367
0.0102625992
0.0087948758
0.9648381472
0.0284053106
0.0163354427
0.0615672395
0.0036570120
0.0370116718
0.0543899126
0.0146868676
0.0045062755
0.0051965504
0.0441367850
0.0412505642
0.0071022315
0.0216759946
0.0160292760
0.0418298356
0.0339820348
0.0368840620
0.0112234363
0.0114772758
0.0068185595
0.0490513965
0.0035328164
0.0458893776
0.0052617495
0.0057565854
0.0294407904
0.0481915399
0.0510063618
0.0052382043
0.0471283793
0.0406648256
0.0654931068
0.0696696416
0.0035118721
0.0098888334
0.0111772390
0.0490925349
0.0459096991
0.0224589314
0.0708666593
0.9004088044
0.0296745524
0.0597972274
0.0035221784
0.0442708395
0.0029410343
0.0079917321
0.0542325862
0.0054210965
0.0481033735
0.0596895888
0.0703561828
0.0502825603
0.0032421937
1.0000926256
0.0067407084
0.0190517474
0.0129258623
0.0031939293
0.0256642774
0.0716042444
0.0264235213
0.0046162116
0.0703977570
0.0394063145
0.0042184619
0.0035432461
0.0657568872
0.0434430726
0.0297155343
0.0072483481
0.0059297802
0.0609708130
0.0378772691
0.0248304941
0.0349250659
0.0502538420
0.0537726916
0.0457775965
0.0040674484
0.0111840330
0.0088721290
0.0150232567
0.0046594865
0.0193820018
0.0380632915
0.0111158621
0.0536177084
0.0596729331
0.0167202652
0.0723720342
0.0129778786
0.0030603693
0.0671941563
0.0242086723
0.0283150896
0.0581407100
0.0030741913
0.0032736750
0.0123372590
0.0182348937
0.0129211163
0.0176947787
0.0091373231
0.0517857559
0.0727564991
0.0673368052
0.0425254777
0.0205244031
0.0304429047
0.0036760021
0.0154022649
0.9966787100
0.0412956178
0.0195090678
0.0304051209
0.0409446508
0.0356562063
0.0432134718
0.0090627894
0.0169424322
0.0074614664
0.0088273156
0.8539029360
0.0251269061
0.0276465863
0.0665974841
1.0721669197
0.0106113628
0.0083505949
0.0549390949
0.0052271141
0.0285096690
0.0051378789
0.0560274981
0.0146298492
0.0131674018
0.0076721013
0.0033299557
0.0157500599
0.0413316078
0.0248749387
0.0053021815
0.0051026260
0.0523395352
0.0408666022
0.0689201429
0.0030919858
0.0674641877
0.0356647149
0.0100330980
0.0364492424
0.0240243617
0.0356012434
0.0688776150
0.0455718562
0.0949267522
0.0093828356
0.0667977557
0.0081682159
0.0277427714
0.0389325693
0.1596130729
0.0031905621
0.0111624347
0.0561523065
0.0044194469
0.0336300917
0.0374809019
0.0121457241
0.0218023211
0.0349968411
0.0215515383
0.0373386033
0.0692649111
0.0087057827
0.0169145893
0.0253881942
0.0582222417
0.0034331081
0.0218999796
0.0619243644
0.0388432965
0.0349762179
0.0227148291
0.0615774691
0.0685551465
0.0446093827
0.0229361374
0.0635580942
0.0035763849
0.0206558425
0.0290891360
0.0169904735
0.0085794898
0.0254386999
0.0318134911
0.0632839128
0.0113675352
0.0034963978
0.0381352678
0.0406557694
0.0361000039
0.0486622415
0.0060572550
0.0087262262
0.0114483219
0.0449524969
0.0443581641
0.0357212611
0.0054041701
0.0563985258
0.0651956350
0.0031675992
0.0222608838
0.0516982637
0.0565687418
0.0228117071
0.0034793194
0.0389112011
0.0114394519
0.0133796362
0.0409697592
0.0084023969
0.0152975237
0.0235588886
0.0047312859
0.0471814759
0.0031387385
0.0090741711
0.0547676384
0.0095022218
0.0101974243
0.0219779052
0.0160240289
0.0679955110
0.0193978455
0.9695517421
0.0593173653
0.0717478916
0.0082532233
0.0059638321
0.0037565858
0.0152897742
0.0375718139
0.0344528556
0.0176016092
0.0472540595
0.0199318174
0.0673628151
0.0058546294
0.9524475932
0.0511283837
0.0363126993
0.7833651304
0.0297875907
0.1965172887
0.0115050348
0.0321920514
0.0090715392
0.0267467089
0.0406003557
0.0322229974
0.0133932037
0.0286960006
0.0643259436
0.0146533241
0.0167634021
0.0226376709
0.0031934602
0.0248226505
0.0151979513
0.0049036955
0.0108711300
0.0456519499
0.0098307841
0.0252869148
0.0599153824
0.0712369159
0.0077624652
0.0226681847
0.0253995713
0.0103239128
0.0396280587
0.0054869191
0.0153081995
0.0546490699
0.0563707128
0.0033397267
0.0061558625
0.0283310525
0.0760620385
0.0512858890
0.0286140740
0.0561721325
0.0323032737
0.0036146245
0.0604141168
0.0230081677
0.0033089828
0.0077913571
0.0541067421
0.0173501000
0.0473174900
0.0219580699
0.0203818306
0.0580111556
1.0275809765
0.0029354747
0.0322025642
0.0155027360
0.0629268661
0.0275901575
0.0280377660
0.0407980047
0.0049780873
0.0054760757
0.0466985889
0.8495092988
0.0227426849
0.0058437823
0.0075572664
0.0475692749
0.0109240497
0.0693581104
0.0081603061
0.0558582395
0.0212864820
0.0169129334
0.0061342018
0.0046617477
0.0060222102
0.0396104380
0.0072325482
0.0619916022
0.0371662863
0.0690684170
0.0221063346
0.0046763271
0.0173405427
0.0128398770
0.0597975552
0.0136133134
0.0347374976
0.0036169507
0.0046935515
0.0452064872
0.0040052617
0.0418191142
0.0596627034
0.0731177106
0.0834885761
0.0171501059
0.0199713763
0.0103135929
0.0289817061
0.0080969930
0.0276675392
0.0286165420
0.0097768158
0.0043531377
0.0352306701
0.1622758210
0.0331251919
0.0344819315
0.0340061449
0.0075702057
0.0146942362
0.0176345762
0.0041502174
0.0181361102
0.0035983005
0.0041787331
0.0295296852
0.0054540015
0.0547326580
0.0071219676
0.0571110770
0.0569818504
0.0069664349
0.0130563416
0.0237414613
0.0432122312
0.0281701311
0.0034741396
0.0292199925
0.0426747240
0.0090172840
0.0069958102
0.0095675457
0.0102707632
0.0033323390
0.0536854640
0.0033015967
0.0049674497
0.0103372829
0.0222428218
0.0397679023
0.0356197953
0.0244759806
0.0096039027
0.0084729400
1.1414823532
0.0140791107
0.0031174342
0.0231871158
0.0037737212
0.0256259348
0.0084667057
0.0069355369
0.0546486191
0.0057046385
0.0093960213
0.0615192391
0.0087117096
0.0147546045
0.0079622362
0.0050641694
0.0195201300
0.0720855370
0.0064283316
0.0650297031
0.0045357831
0.0499627739
0.0598430149
0.0136655634
0.0391000770
0.0034189506
0.0139174741
0.0669193342
0.0117101390
0.0299213156
0.0316067636
0.0517236963
0.0215171389
0.0475366116
0.0576489866
0.0255834032
0.0098271668
0.8628023863
0.0153182447
0.0086374031
0.0075160838
0.0057420917
0.0420078523
0.0419943221
0.0357018225
0.0706234053
0.0112963803
0.0045403470
0.0350509435
0.0269224737
0.0155973537
0.0907258093
0.0346053280
0.0681414381
0.0054213814
0.0428165644
0.0282363035
0.0397235006
0.0162505265
0.0350226685
0.0034531998
0.0076635177
0.0039118268
0.0063957339
0.0030806458
0.0153162871
0.0359768607
0.0707696527
0.0081520453
0.0473787710
1.0774949789
0.0073110424
0.0074690990
0.0509040691
0.0668838546
0.0109431520
0.0047877920
0.0661124289
0.0138718970
0.0715623647
0.0096426345
0.0418040715
0.0051784171
0.0812962726
0.0147991544
0.0425666682
0.0039874590
0.0432478301
0.0136530912
0.0033169379
0.0033178858
0.0130732162
0.0348217934
0.0197427589
0.0527486652
0.0036135742
0.0375371724
0.0172814354
0.0120138461
0.0147684459
0.0217632018
0.0146707343
0.0081887655
0.0038100712
0.0087463586
0.0082987249
0.0119797857
0.0410263203
0.0049796323
0.0061875721
0.0155860782
0.0155565031
0.0499526300
0.0040132562
0.0071804244
0.0225358978
0.0576931983
0.1224762872
0.0046225335
0.0388553292
0.0066982354
0.0404898934
0.0431282297
0.0394984558
0.0038449152
0.0438091941
0.0061683692
0.0097109424
0.0032598472
0.0678648651
0.0318890922
0.0530759916
0.0075511644
0.0474980734
0.0037308314
0.0050664330
0.0336280018
0.0270078368
0.0040755221
0.0071684071
0.0321756266
0.0136052417
0.0584180169
0.0493412428
0.0464861691
0.0171560738
0.0058280784
0.0455867276
0.0225397088
0.0523101762
0.0265226103
0.0135573344
0.0092919106
0.0098836552
0.0397738405
0.0593360700
0.0137843685
0.0156848729
0.0215678401
0.0201572478
0.0340746827
0.0084675653
0.0388975181
0.0047218543
0.0250947047
0.0093183862
0.0489337109
0.9460278749
0.0472190343
0.0052090082
0.0188420694
0.0469665155
0.0029694131
0.0159381330
0.0134397289
0.0716814697
0.0346735418
0.0466433242
0.0094147166
0.0070091290
0.0170205925
0.0415724181
0.0117919510
0.0724283010
0.0380340144
0.0045490442
0.0247178320
0.0652610660
0.0661489442
0.0187545493
0.0465283245
0.0438130088
0.0042954232
0.0043836636
0.0512515455
0.0132711809
0.0527920164
0.0253597945
0.0191772953
0.0321220718
0.0418208390
0.0676824376
0.0294272155
0.0516011938
0.0446681269
0.0092358263
0.0425963476
0.0159738418
0.0497595668
0.0141429948
0.0508930571
0.0240402445
0.0192491524
0.0064381701
0.0058023902
0.0132000465
0.0115272086
0.0618206933
0.0075407363
0.0420932956
0.0659444705
0.0178222228
0.0032344197
0.0290160943
0.0081336312
0.0422885753
0.0274293609
0.0230507348
0.0130052613
0.0180560928
0.0462274589
0.0517330244
0.0262056123
0.0283987969
0.0517155826
0.0436009578
0.0497245379
0.0097803501
0.0276971664
0.0432934240
0.0074958429
0.0242683981
0.0384783968
0.0107346950
0.0363044105
0.0418957472
0.0255329031
0.0090733459
0.0483648665
0.0029612195
0.0029830108
0.0034494600
0.0685068443
0.0184025206
0.0270930957
0.0079191821
0.0038904923
0.0164662618
0.0109812031
0.0376342796
0.0035399646
0.0054123811
0.0243701190
0.0302608330
0.0698217452
0.0693409294
0.0426681004
0.0127304122
0.0059225205
0.0368210599
0.0275719911
0.0114385691
0.0163045879
0.0657925904
0.0590909794
0.0869966224
0.0329246670
0.0044795889
0.0082833674
0.0566937663
0.0162848923
0.0503503084
0.0053550103
0.0178685691
0.1302750111
0.0065525025
0.0832071826
0.0651802868
0.0056761252
0.0092909895
0.0498254299
0.0054286821
0.0145788472
0.0304326545
0.0155835543
0.0058038812
0.0345170908
0.0455346741
0.0474493317
0.0307479929
0.0279946458
0.0174874924
0.0047362563
0.0070261890
0.0453786589
0.0158193056
0.0497441329
0.0047529098
0.0513810292
0.0291148461
0.0498491600
0.0042556045
0.0510085747
0.0695614517
0.0329214558
0.0182382986
0.0168490969
0.0165312756
0.0232274029
0.0099211093
0.0375846513
0.0529540740
0.0333131664
0.0236430708
0.0130649591
0.0578250401
0.0228883382
0.0572995692
0.9822188616
0.0260280296
0.0107043050
0.0513785556
0.0058031506
0.0030136148
0.0700399652
0.0366682559
0.0085410187
0.0793621913
0.0540718175
0.0073614018
0.0654609725
0.0519450009
0.0065739951
0.0152341519
0.0422866493
0.0367200226
0.0083742980
0.0169624295
0.0061579365
0.0237339158
0.0240561273
0.0332114324
0.0715692267
0.0066099185
0.0085471561
0.0047673364
0.0032537787
0.0304602813
0.0198936854
0.0283343848
0.0580833331
0.0160890222
0.0189863220
0.0271447673
0.0031906930
0.0035570899
0.0158945359
0.0376067311
0.0201243348
0.0152088311
0.0689719021
0.0056520253
0.0193604492
0.0140556414
0.0266024005
0.0102083925
0.0147659983
0.0325799435
0.0156680141
0.1093785465
0.0052032988
0.0129967723
0.0193147361
0.0687680393
0.0452972874
0.0177741628
0.0236269422
0.0617167987
0.0496654920
0.0222201571
0.0130639086
0.0450625420
0.0331644118
0.0071473639
0.0340834036
0.0609990470
0.0042153019
0.0056433049
0.0165818799
0.0540015921
0.0089745279
0.0160614736
0.0516027287
0.0137981279
0.0291539263
0.0304066036
0.0038459392
0.0347092934
0.0065071443
0.0652220622
0.0572918653
0.0040449062
0.0241549946
0.0132940309
0.0029467328
0.0197507087
0.0038942969
0.0064433082
0.0049316827
0.0372524299
0.0289839767
0.0548247099
0.0505123176
0.0263611637
0.0112207048
0.0541473664
0.0593366362
0.0530881956
0.0273610465
0.0654606521
0.0080579212
0.0030370364
0.0047514886
0.0128010223
0.0179622602
0.0140601173
0.0306057688
0.0152137093
0.0161374267
0.0101942681
0.0478178971
0.0553078428
0.0161986779
0.0112266243
0.0059765386
0.0520638265
0.0041499911
0.0187529251
0.0067117950
0.0052732858
0.0043992945
0.0118637811
0.0441914611
0.0415202081
0.0034246568
0.0258320346
0.0064581586
0.0053033647
0.0099347830
0.0222298242
0.0663283691
0.0637257621
0.0034838689
0.0105654588
0.0455621965
0.0528289862
0.0148391919
0.0034718080
0.0089493571
0.0513873883
0.0204706118
0.0039293841
0.0136251114
0.0069746240
0.0037739179
0.0411011651
0.0421743616
0.0173952915
0.0186450053
0.0064308839
0.0046529854
0.0191086307
0.1436902732
0.0351244137
0.0063529825
0.0058995737
0.0167685580
0.0607563853
0.0231419522
0.0153904054
0.0088059250
0.0517472215
0.0355577581
0.0755986497
0.0032041473
0.0370391309
0.0511614047
0.0476456136
0.0391227268
0.0455061011
0.2001442909
0.0190243740
0.0255730469
0.0634717196
0.0427816287
0.0036172762
0.0197946839
0.0039451495
0.0079709264
0.0685568601
0.0053132642
0.0583274513
0.0075392378
0.0393501706
0.0069089727
0.0071594985
0.0370060913
0.0256781038
0.0363942683
0.0593537949
0.0113629019
0.0205500554
0.0763755366
0.0214407798
0.0158855077
0.2100487500
0.0407144576
0.0376549251
0.0450724214
0.0166505557
0.0303768534
0.0561939180
0.0490635522
0.0146765811
0.0316376239
0.0149327591
0.0770556256
0.0283142719
0.0039115692
0.0654215217
0.0115913199
0.0381202661
0.0572057702
0.0505478568
0.0188092981
0.0479447618
0.0615880862
0.0117444955
0.0073844325
0.0102860406
0.0303144585
0.0495743118
0.0162470322
0.0049604299
0.0048172334
0.0104688304
0.0176913384
0.0272085071
0.0241896380
0.0635812357
0.0131975468
0.0493853204
0.0161262061
0.0542520471
0.0248024650
0.5123050809
0.0147298407
0.0629024506
0.0709985644
0.0073620151
0.0034527320
0.0307948478
0.0061849691
0.0480408259
0.0460202545
0.0399821810
0.0035491697
0.0556610152
0.0164025333
0.0572365336
0.0163651500
0.0042067147
0.0292303246
0.0056016156
0.0380102582
0.0039359676
0.0288846698
0.0117585976
0.0479327850
0.0039515654
0.0294507165
0.0109089632
0.0073987329
0.0059401998
0.0192387439
0.0666553378
0.0266845282
0.0251963027
0.0404825546
0.0241164733
0.0045659305
0.0065774787
0.0029764522
0.0654528663
0.0764503255
0.0333980881
0.0062816301
0.0073270886
0.0041833683
0.0620855987
0.0073118145
0.0166420341
0.0088473167
0.0035525209
0.0358791649
0.0313829035
0.0166492183
0.0605915934
0.0528769419
0.0038325419
0.0129608186
0.0417906940
0.0037629346
0.0090988297
0.0136977127
0.0457392707
0.0080977958
0.0392748937
0.0159695707
0.0036517868
0.0683332980
0.0407441035
0.0320574418
0.0191509482
0.0287925210
0.0213630274
0.0210431032
0.0485551879
0.0325354040
0.0730328560
0.0617148206
0.0241299383
0.0165675208
0.0518598706
0.0316188969
0.0076875081
0.0562504679
0.9333984256
0.0586008318
0.0594200268
0.0031212047
0.0055168453
0.0040449277
0.0156121515
0.0500889793
0.0533157103
0.0069402717
0.0055924300
0.0073381532
0.0169017818
0.0213001538
0.0039764741
0.0645000935
0.0037229608
0.0370568894
0.0128668649
0.0601065122
0.0491728969
0.0657338798
0.0853921324
0.0043722433
0.0164043643
0.0030754514
0.0448056385
0.0164472144
0.0162882451
0.0187943615
0.0101764053
0.0029319888
0.0029818441
0.0037183533
0.0140399151
0.0516005196
0.0215891730
0.0373868160
0.0703106299
0.0048098550
0.0419553220
0.0053891325
0.0471258126
0.0317210928
0.0109812645
0.0056357868
0.0117082512
0.0482978784
0.0051184790
0.0111343833
0.0324369669
1.1221661568
0.0345205255
0.0103392610
0.0130162863
0.0080051459
0.0295227636
0.0407835543
0.0573219918
0.0053715366
0.0444008708
0.0236292221
0.0054414328
0.0228775311
0.0174899437
0.0471689515
0.0045585609
0.0294785630
0.0140071269
0.0548592098
0.0065497276
0.0301952027
0.0173132364
0.0032504604
0.0697692409
0.0673373565
0.0593994744
0.0069342102
0.0116612744
0.0056155296
0.0035255137
0.0293539371
0.0108653614
0.0030169371
0.0671933368
0.0268974341
0.0442702100
0.0104997270
0.0053146044
0.0122214453
0.0399810635
0.0275622271
0.0037041742
0.0130367866
0.0235146191
0.0049692518
0.0401204936
0.1357161850
0.0070131379
0.0183114931
0.1191286594
0.0051753344
0.0516063347
0.0125966650
0.0584094077
0.0404788852
0.0251914412
0.0091427751
0.0441103578
0.0182244722
0.0239281766
0.0073180743
0.0062817610
0.0650929287
0.0336278602
0.0513588749
0.0088069616
0.0070088962
0.0615041517
0.0127621265
0.0105693471
0.1156460270
0.0132180927
0.0669762716
0.0359570123
0.0618726313
0.0066694985
0.0497354306
0.0134488270
0.0517992750
0.0035166300
0.0128845684
0.0193386693
0.0148418993
1.1364747286
0.0808765888
0.0393311828
0.0112575600
0.0386761874
0.0471142121
0.0165843945
0.0161135551
0.0165193323
0.0560363531
0.1661632955
0.0344115533
0.0116567034
0.0304863062
0.0188112408
0.0064992835
0.0467639752
0.0089614671
0.0131475860
0.0258780885
0.0210112371
0.0455891527
0.0538782328
0.0184291676
0.0349898413
0.0553663820
0.0537832901
0.0062668221
0.0358352140
0.0057066781
0.0266689230
0.0072408249
0.0629336238
0.0109320106
0.0114821168
0.0439437181
0.0104944520
0.0086898971
0.0272882171
0.0693657026
0.0045107920
0.0239595734
0.0286751464
0.0041489331
0.0337512381
0.0543599017
0.0351737402
0.0499654450
0.0076830867
0.0142865889
0.0031630725
0.0154183377
0.0104969926
0.0171729345
0.0941983163
0.0198543202
0.0106078386
