0.0311604701
0.0112059265
0.0232374873
0.0084006488
0.0824033692
0.0163000543
0.0357100666
0.0200381074
0.0042928266
0.0208292641
0.0313490033
0.0231771972
0.0454348251
0.0039500482
0.0655818805
0.0515691601
0.0167515874
0.0099545354
0.0221212655
0.1407383531
0.0527324900
0.0123597356
0.0096537452
0.0139732417
0.0205479208
0.0237792321
0.0370503254
0.0056294054
0.0384553708
0.8491564393
0.0590632819
0.0371679999
0.0572601259
0.0078131668
0.0206473488
0.0614184253
0.0324598812
0.0047300984
0.0165066477
0.1156121120
0.0407470614
0.0044789268
0.0405371599
0.0956679359
0.0172529407
0.0494751036
0.0282840673
0.1192732975
0.0380123556
0.0148314238
0.0122827310
0.0105503434
0.0373373218
0.0147853587
0.0301725697
0.0075765117
0.0097958418
0.5480413437
0.0096319038
0.0048008054
0.0698594376
0.0178330019
0.9608558416
0.0058247489
0.0127120372
0.0683823749
0.1977103949
0.0139781339
0.0435868762
0.1002878547
0.0233721454
0.0057396516
0.0577442907
0.0553485788
0.0611328445
0.0108451657
0.0094531588
0.0115672760
0.0065250117
0.0299613308
0.0042865295
0.7099061012
0.0095862616
0.0043612728
0.0214011651
0.0124134300
0.0452867486
0.0054175616
0.0458869822
0.0889170989
0.0298297592
0.0736838356
0.0674724206
0.0494030453
0.6903201938
0.0211422145
0.0377946608
0.0540449359
0.4334065914
0.0646986291
0.0560932346
0.0401982218
0.0172894355
0.9238858223
0.0100248456
0.0257734340
0.0041199503
0.0116571793
0.0078809420
0.0061090966
0.8425021172
0.0338801034
0.0442697741
0.0072120419
0.0129301483
0.0685576797
0.0591427088
0.0805710629
0.0079865195
0.1840901524
0.0164630990
0.3383354545
0.0635348558
0.0273195300
0.0640391484
0.0261381511
0.0357808210
0.0085007148
0.0092441570
0.0031931293
0.0966478959
0.0460285097
0.0455718003
0.0728667825
0.6497867703
0.0684735775
0.0372860469
0.0309694223
0.0069942968
0.7779220939
0.0244434979
0.0290937964
0.0125492141
0.0804812759
0.0077802530
0.0279871095
0.0600835420
0.0127967810
0.0270017181
0.0041516069
0.0034752409
0.0171371140
0.0218019821
0.0076356423
0.0204089638
0.0195216276
0.0176253840
0.0272296742
0.0060599069
0.0506142937
0.0386751443
0.1518720537
0.0268202499
0.0243613906
0.0124237267
0.0104503455
0.4902158678
0.0581244454
0.1166048869
0.0202215333
0.0407070331
0.0365456045
0.0274429750
0.0428676531
0.0089482991
0.0572959296
0.2769756317
0.0360647403
0.1074552760
0.2732467353
0.0133375237
0.0571110807
0.0047483281
0.0299446918
0.0205296054
0.0733591542
0.0085209804
0.0500910282
0.1643485874
0.4009350240
0.0030780446
0.0281853266
0.0401216447
0.0353923291
0.0224494860
0.0068545211
0.0665427744
0.0187085643
0.0961726084
0.0928540230
0.0054056859
0.0414970554
0.0076350602
0.0330671966
0.0166762043
0.0639738366
0.0216707755
0.0179804489
0.0448465496
0.0334301591
0.0527276807
0.0070192954
0.1372770667
0.9395498633
0.0642476082
0.0144429700
0.1029160395
0.0709767714
0.0081515796
0.0057145595
0.0173325613
0.0455250777
0.0242618974
0.0725594163
0.0367122032
0.0051138196
0.0126364445
0.2374882698
0.2438298017
0.1837081760
0.0040337145
0.0177300256
0.0057752854
0.0239450168
0.1804674715
0.0297942013
0.0407315046
0.0589002967
0.0072775711
0.0455305837
0.0074075763
0.0089459755
0.0380770713
0.0480448753
0.0493517667
0.0282395482
0.0125034880
0.0561444201
0.0644926354
0.0094692074
0.0496530533
0.0139639163
0.0681777894
0.8520337343
0.0114575746
0.0717587173
0.1627938747
0.0395283736
0.0097545646
0.0069697700
0.0301048923
0.7143656015
0.0403204933
0.0052822013
0.0392503813
0.0349161252
0.0051872022
0.0740166977
0.0144208549
0.0383053422
0.0168312620
0.0089684809
0.0033175224
0.0293995012
0.0080941906
0.0257321429
0.0068650390
0.0190266259
0.0092694126
0.7539027333
0.0037943413
0.0092613250
0.0236013420
0.1205871329
0.0109739015
0.8197632432
0.0246721264
0.0031508221
0.0178048387
0.1356120855
0.0134025477
0.0157663953
0.3409062028
0.0678631887
0.2968796492
0.0314225368
0.0046975175
0.0109625682
0.0374508649
0.2457547933
0.1092246696
0.0654872432
0.0500975549
0.0031852706
0.0646032393
0.0171626732
0.0302247591
0.0341041945
0.4056484401
0.0070533594
0.0581766032
0.3959392607
0.0850155279
0.0315396897
0.0182623528
0.0163595043
0.3177209198
0.0110473046
0.0035666472
0.0336943902
0.5225295424
0.0196839441
0.1438378543
0.0214391723
0.0758095235
0.2394475937
0.0190627836
0.0680494308
0.0177461132
0.0346383639
0.0169792529
0.1158337072
0.0246534571
0.0111661404
0.0064352700
0.0037220360
0.1163078025
0.0387619361
0.0101363296
0.0352443233
0.0145251546
0.0306879003
0.0683495030
0.0407561809
0.0414140746
0.0250536799
0.0087447185
0.0037021125
0.0209116023
0.7970436811
0.0639779344
0.0050718565
0.0373546146
0.0572809540
0.3421419263
0.0570096634
0.0495906733
0.0064640152
0.0079829162
0.0076944134
0.1169728041
0.0284505896
0.0114342924
0.0217022970
0.0052199662
0.1683780849
0.1699912250
0.0338708945
0.0395607762
0.0283851884
0.0339908823
0.0410640128
0.0456458069
0.0213374346
0.0232918449
0.0393681042
0.7098585963
0.0339612700
0.0818961784
0.0646374673
0.0221289676
0.0289901085
0.0495515727
0.0226882342
0.0214026459
0.8735204339
0.0333309099
0.0205290709
0.0727220103
0.0087872483
0.0258870665
0.0660461783
0.1946124285
0.0635369420
0.0043318649
0.8663694263
0.0119700665
0.7174381614
0.0127951913
0.0123629449
0.0054735304
0.0498769172
0.0223762728
0.0696280897
0.0609637871
0.0101321312
0.0400809273
0.0468817018
0.0044742073
0.0310384836
0.0380300507
0.0347034074
0.0180757064
0.0093874708
0.0312031694
0.0636448488
0.0057029128
0.0048927870
0.1871027499
0.0349115282
0.7988007665
0.0544462614
0.0077774520
0.0881617516
1.0169961452
0.0549387187
0.0158794187
0.0120918173
0.0549291670
0.0041496619
0.0121460222
0.1014161929
0.0692237094
0.0137329800
0.0772010908
0.2805561423
0.0236612521
0.1963028461
0.0285485387
0.7318251729
0.0348760821
0.0681636631
0.0145688690
0.0124112833
0.0578795336
0.1493774056
0.0226883981
0.7080347538
0.0126120904
0.3794418275
0.0274244975
0.4803309143
0.0403343663
0.0065779905
0.0251417067
0.0259134676
0.0072265724
0.0189661179
0.0191820804
0.0636728406
0.0074646557
0.0420978293
0.0419683345
0.0294274595
0.0451344587
0.0324770808
0.0666371360
0.0103926668
0.6822145581
0.0152220298
0.0117161963
0.0047866767
0.0115117906
0.0059131011
0.5973342061
0.8135866523
0.1413099915
0.0233543105
0.0445754379
0.0148321642
0.0610046126
0.0436156057
0.0503558293
0.6529135108
0.0117747793
0.7035521865
0.3646522462
0.0149412816
0.6037204266
0.0084137097
0.0200477242
0.0433861949
0.0381845795
0.0270354804
0.0739917383
0.0050003487
0.0531174578
0.0307883248
0.0054693273
0.0086237909
0.0203169677
0.0292963106
0.0266206823
0.0257599670
0.0108101470
0.0473021530
0.0122783352
0.0141431540
0.0069416659
0.0322593823
0.0159770418
0.0672189742
0.0238604732
0.0144606540
0.1522768289
0.0402202606
0.0190882217
0.0493294820
0.0528249592
0.0126705952
0.0313540548
0.0318644829
0.0510815158
0.0099467197
0.0384821184
0.0183659289
0.0375222117
0.0453007594
0.0088808257
0.0111624971
0.0523448549
0.0114085302
0.0695884973
0.0792753100
0.0076796450
0.0284232907
0.3041795194
0.0391631201
0.0107692853
0.7649099827
0.6035208106
0.0338448994
0.0292112604
0.0566447042
0.0242640600
0.0333307944
0.0074705561
0.0399503857
0.0721666589
0.0202157963
0.0454816818
0.0120832697
0.0331784077
0.0082861492
0.0290544536
0.0075827613
0.0204233490
0.0293243341
0.4902580678
0.0264773723
0.0144260218
0.0176725816
0.0091615571
0.0039250166
0.0055166520
0.0419803858
0.0437164046
0.5907557011
0.6740879416
0.0247253068
0.0325177312
0.0109648528
0.0134093724
0.4497666955
0.0073319012
0.0060591847
0.0246353634
0.0080134515
0.5712674856
0.0508158803
0.0150415394
0.0064666518
0.0478021726
0.0033494884
0.0431221910
0.0430595763
0.0455100425
0.1273244917
0.0029567222
0.1295944452
0.5540357828
0.0444249026
0.0195505396
0.0415315293
0.0444282144
0.9816898108
0.0235947315
0.0577305034
0.0745970905
0.0696704313
0.0210961066
0.0074708653
0.0184285734
0.0692198128
0.0508181415
0.0031535185
0.0130939083
0.9597199559
0.0516683683
0.1539487392
0.0214457456
0.0095428871
0.0028851142
0.0105854012
0.0664175153
0.0636277497
0.1671658754
0.0711082220
0.0572238080
0.7599568367
0.0033664058
0.2583076656
0.0237226058
0.0076910718
0.0033153186
0.0052175610
0.0256241076
0.0075966278
0.0147193419
0.0286845546
0.0056163543
0.0184726492
0.0033698131
0.0420095623
0.0167647321
0.0215339102
0.0211261418
0.0264561437
0.0161208455
0.4957052171
0.0425086282
0.0092381733
0.0125651835
0.0112631517
0.0288997069
0.0215951502
0.0209940448
0.2041147053
0.0242918693
0.0139352689
0.6077479720
0.0595645644
0.0062712538
0.0170162320
0.0378577858
0.0121418955
0.7349539995
0.4937183261
0.0157094542
0.3322609365
0.1679991186
0.0330217741
0.3679804802
0.0677932054
0.0431319326
0.0122560980
0.0045779552
0.0275738388
0.9994994402
0.0248651076
0.0186883193
0.6218981147
0.0106515847
0.0138251726
0.0681579262
0.0629831851
0.6171979904
0.0295233484
0.9623792171
0.0205122828
0.0237542354
0.0137755899
0.0202777497
0.0217851587
0.0167535730
0.0644121990
0.6715471148
0.2828988433
0.0049090949
0.0342987031
0.0373191684
0.0070547536
0.0160961822
0.0554106869
0.0029980897
0.0429424793
0.0094402852
0.0545688681
0.0210300684
0.0599745587
0.0566826947
0.0534551144
0.0831822976
0.0188766494
0.0735808387
0.0713857040
0.0073306374
0.0576384589
0.0141485911
0.0050983778
0.1695514917
0.0519067831
0.0413630940
0.0555864424
0.0846975297
0.0064225192
0.1196803376
0.1564754993
0.0109693576
0.0065755360
0.0029698657
0.0133984303
0.0454905219
0.0941258818
0.0491733104
0.0597260483
0.0143267196
0.0045707007
0.0106452536
0.1314059198
0.0321935043
0.0044392021
0.0292813014
0.0530405939
0.2554225922
0.1486744881
0.0312234759
0.0033072687
0.0232432690
0.0326504372
0.0095531363
0.5295186639
0.0071897572
0.0182834864
0.4908907413
0.0302569792
0.0668551028
0.0122922882
0.0098479297
0.0092011113
0.0367306173
0.0092993965
0.0724556893
0.0295786951
0.4693910480
0.1189794317
0.0057891160
0.1381258965
0.0046197213
0.0354569703
0.0226887912
0.0084483232
0.0305528827
0.0097238813
0.0396548100
0.0073055560
0.0562240370
0.0328482613
0.0037449491
0.0195375104
0.0590094961
0.0543691888
0.0188682713
0.0132262371
0.7709035873
0.0270261802
0.0432167985
0.0392928794
0.0066851638
0.0715168566
0.0908116996
0.0153766340
0.2585206926
0.0146091487
0.0139973760
0.0056007309
0.0138219101
0.3403187692
0.0083200019
0.0067876149
0.0191484243
0.1361246854
0.0336010605
0.0326612666
0.0044346717
0.0029327541
0.0230310336
0.0773417056
0.0181946829
0.0492397659
0.8882559538
0.0439958833
0.0628219396
0.6350442767
0.0826096684
0.0509578735
0.0352168642
0.0033355781
0.1402948052
0.0052668359
0.0142909717
0.0153124239
0.0042194100
0.0035302178
0.0738880411
0.0076273577
0.0567508452
0.0110100657
0.0125492224
0.0295049064
0.0621286817
0.0491733514
0.9184309244
0.0053636488
0.0570948794
0.0534767471
0.0253839009
0.0491977260
0.0702665225
0.0427735113
0.0523147844
0.0117110917
0.0078876205
0.0687611848
0.0469088815
0.0202771947
0.0093913274
0.0037239399
0.0490336567
0.0206088442
0.0078579960
0.0040684608
0.0513271913
0.0718275160
0.0102488212
0.0054702079
0.0112496531
0.0251412373
0.0129918028
0.0089630969
0.0037441291
0.0702483803
0.0146403778
0.0303568095
0.6873074174
0.6487343907
0.0687601343
0.0198022518
0.0456818864
0.0310416948
0.0262320619
0.0074642207
0.0065082898
0.0215787701
0.0180180669
0.1151769310
0.0585938916
0.1331105679
0.0595301166
0.0036774538
0.0129022738
0.0621305555
0.0612862967
0.0339483097
0.0241248477
0.0306343809
0.0088956580
0.3450980783
0.0100013027
0.0039091264
0.0043071704
0.0083991457
0.0071387584
0.0182777625
0.0415686183
0.0338456258
0.0665375888
0.0052143456
0.0254745856
0.0314925425
0.3957493305
0.0142189534
0.0646174103
0.0112286257
0.0088421637
0.0250001214
0.0712110475
0.0430882573
0.0032763169
0.0137977982
0.0131396065
0.0029323697
0.4408741891
0.0183646120
0.2950224578
0.0117802918
0.2161979079
0.0226884037
0.0064064539
0.0203207042
0.0239994880
0.0363923796
0.0106647536
0.0237525441
0.0032679671
0.0390690826
0.2134343386
0.0410356149
0.0031420016
0.0036854243
0.0061992682
0.0367808640
0.0386321470
0.0094477488
0.0101570450
0.7740208507
0.7563366294
0.0406884328
0.0686343387
0.0985712111
0.0098918099
0.0566668734
0.8967781663
0.4762883484
0.0051921401
0.0049775867
0.0252513159
0.0345771126
0.0704020634
0.0187181327
0.0213219821
0.0157428924
0.0336877629
0.0059699533
0.0540217124
0.7473809123
0.0047859512
0.0074983016
0.0836221725
0.1609219313
0.0058963853
0.0566933267
0.1655614525
0.0224539228
0.6842578650
0.0043761767
0.0442252979
0.0060033035
0.0273077898
0.0039448556
0.0230146889
0.0202719364
0.0606687628
0.0459598862
0.0281760581
0.0097087575
0.0202031210
0.0280857570
0.1492547393
0.1585872173
0.0640836507
0.0387028381
0.8784360290
0.0465391390
0.2375382930
0.0032691497
0.4460108578
0.0529656559
0.0604632385
0.0096588386
0.0103096012
0.0050704409
0.0462073311
0.0369296782
0.9004268646
0.0092980908
0.0133981444
0.0194722228
0.0198589712
0.1473717391
0.0730309784
0.0685423762
0.0069904872
0.0680127591
0.0499812849
0.2852360904
0.4872845411
0.0504858717
0.0091215475
0.0221702345
0.0232602116
0.0032275855
0.0031192887
0.2157092988
0.0064048264
0.0293801483
0.0031897763
0.0080812871
0.0533434674
0.0167520400
0.0030279232
0.0034506288
0.0033461368
0.0106691029
0.0046921107
0.0096477093
0.0159723740
0.0278615337
0.0291024223
0.1154914498
0.2830147147
0.0629579350
0.0378772020
0.0262077600
0.0044851368
0.0586986430
0.0989848599
0.0593477525
0.0666440204
0.0647743195
0.0610104129
0.0038405079
0.0434609726
0.0150261559
0.0209714435
0.0035887095
0.0052770162
0.0334467702
0.5629501343
0.5615692735
0.0047403146
0.8359146714
0.0030178081
0.1752135605
0.1155473366
0.0047005634
0.0260039773
0.0031384013
0.0136882942
0.0076972046
0.0547025092
0.0413261503
0.0283896383
0.1321487278
0.1447828859
0.1356470436
0.0031913966
0.0048574163
0.0623433106
0.0295007396
0.0332263038
0.0620804876
0.0563644990
0.0062138038
0.0473571494
0.0080681825
0.0068469783
0.0760191754
0.0280114859
0.0035208752
0.0246678758
0.0262355320
0.0092170462
0.0316775776
0.0146721648
0.0298755635
0.0531409159
0.1617676914
0.0710986555
0.0046511111
0.0116639612
0.0504918732
0.0672593191
0.0073657744
0.0098486720
0.0066222060
0.0707508773
0.0189645160
0.0339883938
0.0583172217
0.0075270790
0.0545622222
0.0164838061
0.0119263567
0.0100335544
0.0876175314
0.0100264316
0.1108524278
0.0404178053
0.0031002085
0.0092550041
0.0251019038
0.0053202827
0.0324715152
0.0690873414
0.0151466429
0.0093435692
0.0040947027
0.0526883751
0.0264022574
0.0572844930
0.0283259675
0.0053475066
0.0042023025
0.5736675858
0.0083352299
0.0615823492
0.0815808699
0.9664195180
0.0207973681
0.7859352827
0.0718998909
0.0156332031
0.0593318194
0.0096793491
0.0141643006
0.0208000392
0.0617832951
0.0561631434
0.0254319329
0.0267578699
0.9886476398
0.0740247145
0.0037519145
0.1472210288
0.0790074021
0.0157018229
0.0167210754
0.0308281295
0.0243590288
0.0097117014
0.0033934710
0.3829807341
0.0135526825
0.0093376599
0.0403142162
0.0109713506
0.0704493523
0.0704147816
0.0149917826
0.0182976723
0.2239630073
0.3239186704
0.0036628672
0.0419993550
0.0096790539
0.0711971894
0.0529810414
0.0662206188
0.0344002806
0.0156429168
0.0050182585
0.0690825731
0.0125735179
0.0585392453
0.0224742498
0.0443864167
0.0216049757
0.0168700460
0.0373480171
0.0122430837
0.0456169881
0.0144460928
0.0585510284
0.0643629432
0.0653090104
0.0169107467
0.0148948971
0.0343932472
0.0425154231
0.0955225751
0.0339126848
0.0357100479
0.0026002377
0.0440186486
0.3029485941
0.0248852409
0.0174805745
0.0185158160
0.0079757078
0.0271178391
0.0065272264
0.9507541656
0.4429737926
0.0483083539
0.3096676171
0.0552994944
0.0704334751
0.0322330818
0.0296360869
0.0097472798
0.0901871771
0.1191928536
0.0183369219
0.0195182487
0.1036343127
0.0586846359
0.0346053354
0.0440699160
0.3013951182
0.0371085927
0.0699892044
0.0230265576
0.0101495134
0.0168744233
0.0181543715
0.0411628634
0.7436010242
0.0175774284
0.0587905906
0.0345131680
0.0407521762
0.0202239268
0.2615764737
0.3188046515
0.0358926132
0.0628500730
0.0206548311
0.0054383762
0.0031585041
0.0133504225
0.0561495274
0.0031337715
0.0285914857
0.1470543742
0.0437728465
0.0375061817
0.0163809098
0.0080335699
0.0163567364
0.0312698781
0.0028322884
0.0179831944
0.0030798591
0.0182859115
0.8348566294
0.0428321175
0.0044278470
0.0295898281
0.0070585744
0.9484595060
0.0142891398
0.0053047566
0.1247645840
0.0357668698
0.0181418490
0.0128099862
0.0088821901
0.0091359923
0.0527384244
0.0082261600
0.0036447770
0.0661300942
0.0499392934
0.2006276101
0.0058335955
0.0426076762
0.0541701093
0.0298706498
0.0339072384
0.0151219191
0.3339531720
0.0048990143
0.0155019518
0.0160599705
0.0125374515
0.0038961628
0.0118776150
0.0681218654
0.0338417217
0.0518617295
0.0408211388
0.0167716201
0.0651837140
0.0123902373
0.0035604583
0.0034622734
0.0379023738
0.0205499679
0.7771973610
0.0488516204
0.0097505590
0.0042255628
0.0433704183
0.5927652717
0.0411552750
0.0099474583
0.0583763644
0.0783597231
0.7291513681
0.0269556101
0.0900267661
0.0427958630
0.0170955937
0.7564606071
0.0274300296
0.0038750467
0.0078134714
0.0123003889
0.0137349190
0.8963056803
0.0164789110
0.0123244599
0.0071941996
0.1605799049
0.0642892495
0.0696482882
0.0106785521
0.0143563701
0.0460003577
0.0135982390
0.0577029735
0.0158321448
0.0109181060
0.0195180029
0.0202125628
0.0293693170
0.0291526187
0.0521934405
0.0045112814
0.0478880331
0.0114493044
0.0259986389
0.0723806247
0.0258015804
0.0206374843
0.0430458151
0.1211012304
0.0276390184
0.0456851982
0.0575408004
0.0053386367
0.0518273637
0.0059595415
0.0432441309
0.3366352618
0.0423158184
0.0324013829
0.0428184941
0.0284529813
0.0143379848
0.0083047273
0.0096029444
0.0443265997
0.0296347216
0.0041919001
0.0030550719
0.0690575838
0.0917856619
0.0407329872
0.0755546167
0.9019122124
0.0404222421
0.0601719171
0.2943888605
0.0141188791
0.0492794625
0.0669690371
0.0329787768
0.0451460965
0.0143194022
0.0145772658
0.0073868418
0.0080843866
0.0206310581
0.0641880557
0.0710940585
0.0423508212
0.0424847454
0.0357479826
0.0034030897
0.0034482463
0.0219600406
0.0242639463
0.0213671997
0.0506999195
0.1430079490
0.0525797494
0.0245031789
0.0029272586
0.0356131867
0.2160239965
0.0327348150
0.0033430881
0.0101277716
0.0115612969
0.0366071910
0.0728033334
0.1115740687
0.0138241267
0.0428283624
0.0032239778
0.0267123785
0.0166544933
0.0153374793
0.0870119631
0.0630783290
0.0664714947
0.0968804732
0.0046662153
0.0562388524
0.8112291694
0.0156614482
0.0101204934
0.0778467134
0.6637354493
0.5662181377
0.0209822431
0.0128886281
0.4860356450
0.0714760795
0.0061429483
0.0135601880
0.9202920794
0.0688988641
0.0631117970
0.0809608474
0.0083241239
0.0329628848
0.0435444713
0.0060986807
0.0526314378
0.0326946527
0.0392219350
0.0380683616
0.0214361809
0.0059301918
0.0335734971
0.0200880393
0.0564588569
0.0145145375
0.0134781878
0.0522493869
0.0030358634
0.0079493551
0.0530270785
0.0550638810
0.0221691467
0.2266077399
0.0055120718
0.0594821796
0.0085278274
0.0293358266
0.0591670498
0.0255486555
0.0496423915
0.0412780978
0.0569587536
0.0317922495
0.0094144568
0.0388446599
0.0205179136
0.0276146755
0.0143973054
0.1146158725
0.0323434584
0.1499847025
0.0121372491
0.0206417739
0.0345407575
0.0238689445
0.0338772461
0.0049296971
0.0111493059
0.0293857995
0.0401788019
0.7597916126
0.0633518845
0.0225317031
0.0106384372
0.0293573588
0.0144835049
0.0209098868
0.0246696733
0.0204360355
0.0231007896
0.0029819263
0.0108167306
0.0394256450
0.4160248041
0.0592181459
0.0157390628
0.0344286859
0.0274389479
0.0037506516
0.9571282864
0.1004991829
0.0480512828
0.6505995393
0.9639695883
0.0052412543
0.0210531317
0.0064805932
0.0438988432
0.0084761344
0.0189750846
0.0393371657
0.0152922124
0.0309975278
0.0246109236
0.0750304013
0.0204593781
0.8244981170
0.0288625062
0.0173714533
0.0257848222
0.0032638360
0.0488130413
0.0890636966
0.0522097498
0.0102768708
0.0311483946
0.0421167873
0.8131301999
0.0543099269
0.0669976100
0.0033611071
0.0266724490
0.0147036426
0.0327925533
0.0683658123
0.0055851317
0.0145468544
0.0718206316
0.0096263345
0.0695046932
0.0045987237
0.3730038702
0.0305674076
0.0445902534
0.0099329036
0.0262291841
0.0494691953
0.0037547310
0.0767052844
0.0130680343
0.0885185301
0.0170075782
0.0537336320
0.0523946993
0.0064032762
0.0381011181
0.0093049202
0.0646352619
0.0047763269
0.0098993862
0.0719770417
0.0182372313
0.0173426084
0.0263468158
0.0154856462
0.0294738822
0.0506010950
0.0213370454
0.5728677511
0.0468810014
0.0309877936
0.0450396016
0.0392556451
0.0435736105
0.0489427224
0.0344355255
0.0229011029
0.0042559649
0.0396369696
0.0469273776
0.0538466051
0.0537833907
0.0302297398
0.8463262320
0.2660207748
0.0119638983
1.0156981945
0.0055554560
0.0084162271
0.0623130165
0.0043291850
0.0406400338
0.0140984068
0.0083399946
0.0392678268
0.0056850603
0.2507450581
0.0105993291
0.1104150116
0.0044449992
0.3784468174
0.0479259863
0.7088036537
0.0263516437
0.0239260532
0.0114703262
0.0305774137
0.0394061431
0.0371726938
0.0691369176
0.0340613313
0.1390349269
0.0617937334
0.0453720279
0.0608747378
0.0170641225
0.0035063119
0.0037891981
0.0036925024
0.7367904782
0.0317658260
0.0033111842
0.0137505857
0.7344542742
0.0032572953
0.0263884943
0.0612305291
0.0246564411
0.5061607957
0.0031994076
0.0039360030
0.0416909680
0.0073929173
0.0665890425
0.3912842274
0.0494708233
0.0045580310
0.0102351820
0.0663933679
0.0409262143
0.0256521888
0.0143444696
0.0554117709
0.8492272496
0.4967127144
0.0360928737
0.0118247997
0.0048344550
0.0415477231
0.1096312180
0.0128425425
0.0046663843
0.0533473417
0.0079019247
0.0301124454
0.0487221926
0.0271218363
0.0054448624
0.0074261618
0.0085018771
0.0681040287
0.1436882168
0.0389548615
0.0491461940
0.0410351790
0.0315068737
0.0035199432
0.0330147520
0.0610765293
0.0267822985
0.0710867792
0.1011528149
0.0336712897
0.7285003066
0.0414106771
0.9027103186
0.0057368972
0.7129493952
0.0372067839
0.0093258275
0.0123680485
0.2251068056
0.0451077856
0.0327823274
0.0062009823
0.0454474166
0.0387937836
0.0721936151
0.0601456091
0.0158841144
0.0909392163
0.0118000759
0.0125732422
0.0073858071
0.0443965979
0.7226759195
0.0483638495
0.0328930281
0.0622709878
0.0252098143
0.0429508872
0.0724430084
0.0642632917
0.0064765913
0.7235436440
0.0260406900
0.0477478877
0.0256136358
0.0073730163
0.3731451929
0.0043990207
0.0033749505
0.8967383504
0.0463604294
0.6752690673
0.0707623661
0.0705404580
0.0091171358
0.0318733118
0.7160131335
0.0313333236
0.0102506047
0.0546773821
0.0643500611
0.0031311051
0.1709694415
0.0355089642
0.0656864569
0.0127494447
0.0552544147
0.0353487320
0.0215542652
0.0035774345
0.1052268520
0.0042280476
0.0080468720
0.0755407959
0.0470435582
0.0698541477
0.0570869483
0.0038612869
0.2068224251
0.0048515690
0.0315975472
0.0057070572
0.0732372180
0.0249729529
0.0410995483
0.0448825546
0.0627890825
0.0042346148
0.0034941658
0.0652584210
0.0141903413
0.0355290920
0.0468410775
0.0429860987
0.0217792057
0.0268795136
0.6736423969
0.0319480672
0.0043106466
0.0647744760
0.0467653126
0.0435101613
0.0365380906
0.0257494263
0.0125343148
0.0426354147
0.8847425580
0.0061942432
0.0200509634
0.0301935729
0.0037323239
0.4278781414
0.0479398333
0.0322532207
0.0214156862
0.0229612626
0.0400303043
0.6761439443
0.0792730898
0.0061096302
0.0465336591
0.0722836107
0.0497615784
0.0668892339
0.0052455273
0.0040597939
0.7643461227
0.0405873619
0.0565338582
0.0311234444
0.0508112386
0.0686060041
0.0191155449
0.0435556918
0.0350560583
0.0076270937
0.0556775518
0.0242722984
0.0448304266
0.0510683879
0.0204056576
0.0112391002
0.0395274572
0.0434501506
0.0068155518
0.0245088264
0.4508923292
0.0186641123
0.3950382471
0.0071785552
0.0083063329
0.0204801708
0.0116019938
0.0263152532
0.6742742062
0.0045398520
0.0300360564
0.0132289464
0.0183648486
0.0617372207
0.0068569193
0.0049302485
0.0539989881
0.0049388479
0.0045592273
0.8171289563
0.0104909800
0.0076594930
0.0564676262
0.0110389246
0.0629548505
0.0318291001
0.0308737308
0.0076020090
0.0045654848
0.0085381018
0.0082920920
0.0189166032
0.3739337921
0.0179094784
0.4141979814
0.1068409458
0.0624355860
0.0601201244
0.0078753270
0.0289606731
0.0119192880
0.0590776429
0.0106104836
0.0168071575
0.0156696253
0.0622728057
0.0466882885
0.0337776467
0.0094313091
0.0261788648
0.0765070617
0.8719938993
0.0188335553
0.0519774333
0.0709651485
0.0420658551
0.0726518407
0.7190175056
0.0162368491
0.0152085740
0.0658078864
0.3846652508
0.0040347823
0.0724040270
0.0412751660
0.0405273363
0.0031071685
0.0525836758
0.8930193782
0.5997369289
0.0466874614
0.9239537120
0.0056155417
0.0588339753
0.0081578987
0.0337112620
0.0483623520
0.9530676603
0.8406376839
0.0063551990
0.7195049524
0.9288213849
0.0074901185
0.0261982158
0.0288728457
0.0727990866
0.0034948259
0.0367252268
0.0032014837
0.0039267875
0.0217975788
0.0754280314
0.0512578152
0.0356406309
0.6036202312
0.4918328524
0.0415332280
0.0128405662
0.0475932956
0.0296497848
0.0384473950
0.0391001403
0.0617264546
0.0031274585
0.1139489338
0.0060580573
0.0374298543
0.0039718561
0.0110127926
0.0157792009
0.0136388177
0.1776407957
0.0642217919
0.0276714377
0.0473310985
0.0234597586
0.0065412251
0.0295885019
0.0712335482
0.0358953960
0.0332439989
0.0091489209
0.0539875254
0.0122773005
0.0362127237
0.0922494382
0.0206326991
0.0322965980
0.0088046389
0.2826781273
0.5061308146
0.4375695884
0.0290975999
0.0058531542
0.0050644944
0.0196912289
0.0098045832
0.0220092852
0.0353293419
0.0195170958
0.0051211873
0.0911653936
0.0031749951
0.6914378405
0.0128185106
0.0056875050
0.0030338573
0.0645499155
0.0681138113
0.0105171511
0.0088888276
0.0698100924
0.8057888746
0.0207065921
0.0156731158
0.0085717384
0.0605074912
0.0096309436
0.0064358725
0.8728190064
0.0259861778
0.0341635272
0.0151331872
0.0647500232
0.0613724403
0.8856100440
0.0083367275
0.0517636314
0.7295950055
0.0285222344
0.0058632139
0.0039275489
0.0070660985
0.0603380762
0.0626213700
0.5531606674
0.5425337553
0.0425872914
0.0170541406
0.0083329976
0.0641921908
0.0123574594
0.6869568229
0.0036041476
0.0290208738
0.0168437175
0.0223346408
0.3326596916
0.0095615583
0.0080272481
0.0920570642
0.0099229543
0.0509373546
0.0726455301
0.0398480892
0.0417929590
0.0189711247
0.0231033526
0.0105692958
0.0376216434
0.4715439975
0.0220607184
0.0424257480
0.0165104419
0.0424837954
0.8198326826
0.0040318430
0.0393439680
0.0456695221
0.0515373386
0.0054519800
0.0364161767
0.8624773622
0.8302409053
0.0302303191
0.0837214515
0.8478220105
0.0103663132
0.0672337487
0.0608281940
0.0054830536
0.0286338720
0.0212967321
0.0363525674
0.0038376621
0.8055087924
0.0613175146
0.0294608139
0.5258911252
0.0384580977
0.6342542171
0.7071930766
0.3701673448
0.0659762248
0.0653597116
0.0703726485
0.0149843320
0.2021470517
0.0623505302
0.0392757282
0.0319899805
0.0296978727
0.0194916613
0.0148528321
0.0383058004
0.0279975832
0.0163779408
0.0106570693
0.0111717759
0.1667563319
0.0180847198
0.7350169420
0.0309067443
0.0199544095
0.0104307542
0.0559362993
0.0722592622
0.0336080380
0.0085925283
0.8379176259
0.0092070680
0.0556493998
0.0231298711
0.0301991366
0.0030256135
0.0659813657
0.0141938953
0.0066576079
0.0078084758
0.0106052347
0.0092938123
0.0653537735
0.0724371821
0.8094897270
0.0170365814
0.0319961570
0.0042870245
0.0619678386
0.9777595401
0.0051403856
0.0065363087
0.8670642376
0.4373573959
0.5936881304
0.0330760665
0.0187497884
0.0211222172
0.0254520364
0.0028832636
0.0059400597
0.0081854286
0.0100553827
0.1770721674
0.5722988844
0.0458780117
0.0387269109
0.0117370216
0.0197124239
0.1038767695
0.7854950428
0.0034119964
0.0084288167
0.0046701026
0.6305174232
0.0063921669
0.0621888898
0.0390034877
0.8846313953
0.0480445959
0.0159065723
0.0709077790
0.2453217655
0.0140406955
0.0303164311
0.0078965053
0.0714420751
0.0647154748
0.0094526950
0.0861110091
0.0251849201
0.1314829141
1.0174636841
0.0117839966
0.0282724872
0.0057898145
0.0070153936
0.7009862661
0.0341809690
1.0100060701
0.0175864361
0.0228484590
0.0504350252
0.0615457371
0.0105415937
0.0120179998
0.0350695997
0.8948854208
0.0680613890
0.0354086161
0.0155812558
0.0216467455
0.0581842102
0.0388059951
0.0172360614
0.0101599162
0.0172490198
0.0133687947
0.0439407080
0.0058291345
0.0560617670
0.0367882848
0.0226576105
0.0201530997
0.0323052071
0.0706622154
0.0049981470
0.0671919882
0.2478343248
0.0341198035
0.0563120022
0.0425543748
0.0666946098
0.0050937324
0.0058599799
0.0098058050
0.0169491731
0.0257585235
0.0433558039
0.1369885206
0.0232831128
0.0068807593
0.0275368169
0.0113165695
0.0038868135
0.0206582155
0.0140336687
0.0102894045
0.0077828499
0.0461058430
0.0666627362
0.0487164296
0.0133310100
0.0454543084
0.0029625390
0.0051429542
0.0588806570
0.0595719591
0.0342129953
0.0050069569
0.2532218695
0.0193784013
0.0142452056
0.3986909091
0.9068880677
0.0129141770
0.0084456922
0.0101686949
0.6455941796
0.0127941547
0.0069365231
0.0247544385
0.9831759334
0.0637447312
0.0099473177
0.0481701791
0.0045547849
1.0165735483
0.0542070270
0.0200996194
0.1294965744
0.0096500413
0.0468624346
0.8851947784
0.0725417286
0.8499782085
0.9004386663
0.0394586213
0.5844190717
0.0488981418
0.0269249249
0.0079343449
0.0317787752
0.7560237646
0.0060506826
0.0086314576
0.0333262645
0.0296695773
0.8814411759
0.0333511569
0.0054442566
0.0410277247
0.0046900408
0.0043812906
0.0059218220
0.0317629576
0.0073258020
0.0828834102
0.0049256193
0.0153540391
0.0082665440
0.0318713486
0.0090702046
0.0635096952
0.0057962798
0.0453238599
0.7164359689
0.0498899519
0.0109682260
0.0767912865
0.0452022739
0.0197345465
0.0251936093
0.0164466109
0.0193321835
0.0149582587
0.0199175365
0.0196272563
0.4521442056
0.0106679425
0.0098878248
0.0046936204
0.0312600359
0.0647929758
0.0135267461
0.0058050738
0.0153444987
0.0264920257
0.0082609011
1.1033120155
0.0037818335
0.0038350415
0.6718686223
0.9087727666
0.0512897633
0.0032993038
0.0677272156
0.0365664922
0.0428594761
0.0039370181
0.0239531528
0.0052881548
0.0601456240
0.0044401279
0.0308162961
0.0388076082
0.0169145297
0.0470304042
0.0038467061
0.0199113972
0.0093001844
0.0052144481
0.0044280100
0.0546509661
0.0032194371
0.0679950044
0.0593312196
0.2175534517
0.0350941196
0.0297581777
0.0646193475
0.0245100837
0.0248423219
0.0121085374
0.0061475122
0.0337450989
0.1508236974
0.3500521779
0.0090849083
0.0220706966
0.0504504964
0.0284447577
0.0065959627
0.0342308246
0.0196435899
0.0057810559
0.0054006386
0.0075071719
0.9218168855
0.0659119785
0.0041115810
0.6684787869
0.0133502940
0.0264386348
0.0038421862
0.0069384142
0.0287182741
0.0480281599
0.0205483083
0.0263365880
0.0469871648
0.0030179233
0.0074069463
0.0227172412
0.0557509549
0.9437436461
0.7160921693
0.0143788746
0.0345185772
0.0408769064
0.0036535119
0.0527820364
0.0037965167
0.0600245185
0.0126261637
0.0492973439
0.0183070805
0.7369159460
0.0111849466
0.6987746358
0.2761389911
0.0126059614
0.0200182218
0.0136564868
0.0450112149
0.0294544101
0.0342614092
0.0216799602
0.3056931198
0.0183609724
0.0569557808
0.0041702464
0.0236767232
0.0180331543
0.0035228671
0.0290575642
0.0203039329
0.2215914726
0.0250902604
0.0355516337
0.0244478546
0.7727791667
0.0347874016
0.0441575274
0.0420100912
0.0062867878
0.0242142864
0.0087057073
0.0059284037
0.0406192727
0.0417525321
0.0204181056
0.0227520596
0.8872805238
0.0212730765
0.0720275864
0.0033697644
0.8615633845
0.0679296181
0.0087940404
0.6923027039
0.0064826244
0.0277918335
0.7733502984
1.0694257021
0.3828965724
0.7475771904
0.0042081987
0.9684067369
0.1447484791
0.0093847243
0.0049118400
0.0326413624
0.0093565611
0.0684861243
0.0546758734
0.0102660581
0.0246795006
0.0197422225
0.0518961921
0.0100549143
0.0129153831
0.0034057382
0.4910731018
0.3521936536
0.0505424440
0.1044848934
0.0072773919
0.0508420356
0.0698506236
0.0400367714
0.0097801602
0.0130578699
0.0188426021
0.0172724165
0.0150494678
0.0168981794
0.0129197175
0.0289520100
0.0115714557
0.8531743884
0.0631520301
0.0420137569
0.0108735524
0.0067943931
0.0039506070
0.0147097372
0.0491473787
0.0089919139
0.7242738008
0.4074591100
0.0556497276
0.0412440486
0.0098169157
0.8709293604
0.0563451946
0.0060500796
0.0055107987
0.0038125194
0.0089981174
0.6052594185
0.0108675668
0.0294887759
0.0079768123
0.0547694974
0.0207923837
0.0573395342
0.5332577825
0.5576916933
0.0105476668
0.0667000860
0.0052450038
0.0515226051
0.0109064300
0.0056312284
0.0322988071
0.0104931658
0.0173456129
0.0293701123
0.0071722837
0.0559696965
0.2280343175
0.0615737140
0.0615416728
0.0029548192
0.0305704977
0.8625294566
0.5304833055
0.0057132253
0.0139285019
0.5512638092
0.0094240541
0.1007166728
0.0051655155
0.0112815248
0.8121006489
0.0063198679
0.0417134501
0.0108719291
0.0210402440
0.0542559586
0.0054079900
0.0036515116
0.0293736327
0.3988611698
0.0125456154
0.0147847375
0.0062787663
0.0083048949
0.2257692516
0.0664153695
0.0508386604
0.0074718911
0.0373169929
0.6813963652
0.0457837507
0.0222103242
0.0321980640
0.0627493933
0.0052859457
0.6302471161
0.0029401404
0.9241061807
0.0354435556
0.0565475747
0.0119103193
0.0717404932
0.0093189897
0.7284281254
0.0028846632
0.0030862179
0.0110762091
0.0500673726
0.0222072341
0.7117127180
0.7973577976
0.0067210873
0.7292306423
0.0037277972
0.0314412005
0.0104029970
0.0408562310
0.2458166778
0.9440544844
0.0077600582
0.0180528369
0.0312153157
0.9640074372
0.9040302634
0.0136639820
0.7661288977
0.0039574169
0.0185939670
0.1338809580
0.0327573456
0.0404431075
0.0119818579
0.0473462939
0.0123819020
0.8058295250
0.0754253715
0.0223983303
0.0227431059
0.0110199805
0.0709084645
0.0309872963
0.0108842533
0.0660351813
0.0228689983
0.0118763242
0.0695687160
0.0727477074
0.0690939799
0.0814244598
0.0197440274
0.7326973081
0.0101406490
0.0232967567
0.6548660994
0.0086618448
0.2649089694
0.1106071025
0.0640074685
0.7588160038
0.5779415369
0.9781274796
0.0032115043
0.0085269194
0.0308095645
0.0033702247
0.0205494799
0.0069738487
0.0212931093
0.0328544118
0.0256461333
0.7004604936
0.8208426237
0.0117925145
0.0148773380
0.0060945703
0.0541097224
0.7614703774
0.0167606361
0.0047878758
0.0150716566
0.0193904862
0.0378848203
0.0551793352
0.0045555248
0.0173345674
0.0199461002
0.1911211908
0.0296556931
0.0462474301
0.0177463498
0.0039084153
0.0177636854
0.0098685930
0.0298861973
0.0630576164
0.0306166280
0.7315124869
0.0460617207
0.0099604251
0.0927987024
0.0275855251
0.4169873297
0.0509880371
0.0182914268
0.0213994738
0.0181138776
0.0731272772
0.0222021937
0.0103579164
0.0150819737
0.0467054434
0.0288460366
0.0114997821
0.0032168955
0.0282382369
0.0063936762
0.1278009564
0.0384997949
0.0137344636
0.8359978199
0.3868502975
0.0343292989
0.0034974224
0.2240604758
0.0227852836
0.0103803696
0.0455373116
0.0485753082
0.0594885163
0.0451618731
0.4727910161
0.0607101209
0.0361885540
0.0241814908
0.8616431952
0.0409897454
0.9227802753
0.0198949166
0.0029290365
0.0281006061
0.0237916876
0.0263548139
0.0601963140
0.0117817456
0.0521598533
0.5851736665
0.0139914667
0.0592397079
0.0218220539
0.0052301688
0.9022655487
0.0398036465
0.0036532176
0.0700909197
0.0282796714
0.0346608125
0.8684226274
0.0193891395
0.0066669285
0.0202552620
0.0944721550
0.0627022907
0.0392705761
0.0300642885
0.4564593136
0.0074094301
0.0225549545
0.0582205020
0.0124853710
0.0255316123
0.0049532335
0.0403492153
0.0229126960
0.0055651451
0.0081333788
0.0058551109
0.0448312722
0.0112607069
0.0237043090
0.1458168179
0.0100778155
0.0478562154
0.0436163060
0.0362114757
0.4741331637
0.0406071395
0.7575688958
0.0080283089
0.0143875116
0.0040289522
0.8028561473
0.7299173474
0.0285224486
0.6612108946
0.0029840893
0.0251031723
0.0687859505
0.1227993891
0.0087370127
0.0462476760
0.0704795942
0.0271292590
0.0345041454
0.0150427101
0.0055919234
0.0198875275
1.0259249210
0.0524498783
0.0497586280
0.0151854036
0.0037204835
0.0140720820
0.0210802890
0.0461416319
0.0055674445
0.8215714693
0.7814959884
0.0576422140
0.8866418600
0.0290519893
0.0493523479
0.7574482560
0.0595680326
0.0103051877
0.0097192088
0.0417674780
0.0278232209
0.0248601120
0.0604256652
0.0147741949
0.0332083330
0.9315814972
0.0189867895
0.0705942586
0.0168252271
0.0359676406
0.0073306649
0.0248297490
0.0078234393
0.0392068550
0.0060183960
0.1134549007
0.0037553990
0.0363892689
0.0274535567
0.0710671693
0.0672947913
0.0845844671
0.0151262814
0.0772018433
0.0538440868
0.0490901060
0.0134174963
0.0115493536
0.0058789970
0.0052441694
0.0469241291
0.0197692495
0.3435589969
0.0433571339
0.0333371535
0.0107650505
0.0303673409
0.0056074006
0.0199224483
0.0036626956
0.0052889395
0.9858273268
0.0068282862
0.8384750485
0.0665952042
0.0664322227
0.0152144376
0.0187902283
0.8369402885
0.0456587598
0.8951484561
0.0056493608
0.0099586798
0.6329331398
0.0181802493
0.0408538282
0.7949687243
0.0123216351
0.0399401300
0.0032894074
0.1368382573
0.0267584641
0.1764474958
0.0637347996
0.0432461165
0.0118514001
0.0179169215
0.0110375108
0.0462688319
0.0541051216
0.0071936720
0.0079968711
0.0077687567
0.8310551047
0.0138123408
0.7640379071
0.0441335998
0.0440500826
0.4578176737
0.0067382450
0.0471658856
0.2986488044
0.0201256145
0.0093357647
0.0521737300
0.0084381159
0.1340660900
0.4317895472
0.0406240039
0.0049364357
0.0149345649
0.0092397081
0.0597580001
0.0032471258
0.0086846380
0.0038766707
0.0555718765
0.0997241512
0.0098427543
0.0260488037
0.0469171628
0.0632137582
0.7186874151
0.0095388964
0.0090471059
0.0185917653
0.0314897373
0.0501891077
0.0217999853
0.0658255741
0.0089907087
0.0082221357
0.0551860109
0.1253293306
0.0177752487
0.0557064675
0.0188842267
0.0503357202
0.0079815965
0.0046438975
0.0388507582
0.0067160795
0.0073531489
0.0108020334
0.0052814027
0.0055575101
0.0145673193
0.0105988104
0.2277475744
0.2838284373
0.1722264141
0.0478340201
0.0350007378
0.0135246962
0.1714013517
0.0591764450
0.7555710673
0.0047223917
0.0039062260
0.0041371495
0.0520619787
0.0931881443
0.0280167628
0.0045786859
0.0126484539
0.3069332540
0.0700979382
0.0036638419
0.0072135394
0.0093676085
0.0715498179
0.0168433506
0.0525860563
0.5365821719
0.0677228197
0.7307536602
0.7421947718
0.0661953762
0.0196459778
0.0268384311
0.0063048992
0.6085023284
0.7197269201
0.0130931213
0.0689880177
0.0554145947
0.0200704206
0.9373898506
0.0295625106
0.2847091258
0.2838672996
0.0187017713
0.0519589707
0.0040706582
0.6607322097
0.0115962829
0.9683023691
0.0034617558
0.0836744905
0.0643696785
0.0282470156
0.0140863340
0.8655291796
0.0173597317
0.0177446697
0.6747732162
0.0150393527
0.1735113710
0.0623511933
0.0352999009
0.0056371186
0.4814916551
0.0802742094
0.0047313697
0.0046177213
0.0120337717
0.3379035294
0.4522315264
0.0627930909
0.0352097936
0.0185226165
0.0534626134
0.0691193640
0.0538820550
0.0044764066
0.0249558929
0.0054723993
0.0044641988
0.0318836123
0.0362447202
0.9144397974
0.3026597500
0.0161097068
0.0037891991
0.0694618970
0.0641808957
0.1050468311
0.0277666878
0.0118220225
0.0375202969
0.6521217823
0.0387871228
0.0259219240
0.0040934393
0.0076234052
0.0046107466
0.0409713611
0.0102587780
0.0701334104
0.0209345799
0.7598115802
0.0186783243
0.0345228016
0.0255755335
0.0318443738
0.9760791063
0.0589609072
0.0663039833
0.0052600447
0.6494036913
0.1079657152
0.0328928269
0.0032971671
0.4123714864
0.0148842093
0.0611849092
0.0208883658
0.0169865452
0.0537938215
0.0532842726
0.0346266627
0.0324062072
0.3161355853
0.0101716705
0.5479749441
0.0094398959
0.4303817153
0.0415125862
0.0087206531
0.0074353591
0.0083479499
0.0103499545
0.0074052676
0.0046107485
0.1605186760
0.0774127021
0.0466144606
0.0380226523
0.0102944095
0.0131862080
0.6824650764
0.0147749614
0.0043020016
0.0046920935
0.0067645865
0.0695789605
0.0158125386
0.0194784235
0.3542358279
0.0330585875
0.0113021964
0.0255613215
0.0903130248
0.0543673225
0.0100274766
0.0348803923
0.0368822031
0.6534658074
0.0382184424
0.0105208037
0.0262263883
0.1639543772
0.0370653421
0.0059276251
0.0149679566
0.0348995589
0.0425539166
0.0308494009
0.0140108950
0.0279714186
0.0146133248
0.0530876629
0.0081308605
0.0099025182
0.0583783872
0.0707487911
0.0209883731
0.0311872400
0.3188309968
0.0086649703
0.0424179062
0.0053235344
0.0307231657
0.0029031376
0.1671999842
0.0289052352
0.4515045583
0.0517219417
0.0084185917
0.1221281365
0.0154240746
0.0248636510
0.0140931681
0.0601327606
0.1247921735
0.0223163106
0.6737294197
0.3094273210
0.0343382172
0.0195695031
0.0794726610
0.1096318066
0.0088944426
0.0106631527
0.0553197302
0.0402683020
0.0179009177
0.1998115778
0.0271812938
0.0515282117
0.1284210980
0.0251511093
0.0284862220
0.0293111689
0.7984156609
0.0342225917
0.0627320111
0.7964344025
0.0470890738
0.0300531723
0.2096928507
0.0164308343
0.0507224649
0.0123972204
0.0450310223
0.0066922409
0.5103321671
0.0665359646
0.0408007242
0.0481499843
0.8632772565
0.0061351773
0.0047759274
0.0616043359
0.0633933768
0.0359907933
0.0199705325
0.0294880364
0.0219852347
0.2460820228
0.0035811341
0.0443232767
0.0089585502
0.0063845855
0.0050004749
0.0044933558
0.8684008121
0.0107351318
0.0421673767
0.0164141655
0.0091859205
0.0597013980
0.1698628217
0.0210400932
0.3339588642
0.0329850465
0.3620432615
0.0221511256
0.0110528152
0.0187114999
0.0427875593
0.0047424305
0.0125320842
0.0622827820
0.0115657840
0.0112751592
0.0122649418
0.3118995726
0.0074057663
0.0050870385
0.7924447656
0.0534543842
0.0408580489
0.0034981277
0.0252390224
0.5378830433
0.0047865552
0.2383323163
0.0432815365
0.0032038237
0.1458828896
0.0620637611
0.0440405719
0.0034842899
0.0072600329
0.0576221310
0.0423025303
0.0161457453
0.8238806725
0.0770752877
0.0970968902
0.0062751267
0.9676576257
0.0095426179
0.2779636681
0.3033717275
0.0381474495
0.1766216904
0.0569026731
0.0065914658
0.1195448115
0.0345243700
0.0217242390
0.1220305637
0.0229476262
0.0033182276
0.0653611422
0.0059151039
0.0184298772
0.0432209633
0.0231779534
0.2791528106
0.0590377375
0.0147997048
0.0729019046
0.0517602637
0.0046646004
0.0139875133
0.0671475455
0.0547258332
0.0459738225
0.0573423170
0.0567297935
0.0529194735
0.0184003245
0.0040613464
0.0385505781
0.0106542148
0.0649734363
0.0529634990
0.0122720674
0.0754712969
0.0111871976
0.0420045219
0.0334418453
0.0037151545
0.0181273222
0.0399252363
0.0411900431
0.0558685958
0.0418824069
0.0239115153
0.0597625859
0.0050437124
0.0746426508
0.0058080517
0.0178313311
0.0379954353
0.0053210175
0.0629754737
0.0097303661
0.0341737010
0.0409296602
0.0080478108
0.0210862830
0.0739762038
0.0177937057
0.7719407082
0.5406731963
0.7125859261
0.0073514101
0.0088734571
0.0474660620
0.0144385230
0.1903018653
0.1172207221
0.9199641347
0.0271791499
0.0340596549
0.0488932282
0.0058752201
0.0037151782
0.3104323745
0.7670935988
0.1516039521
0.3499191701
0.0106553892
0.0336427018
0.0084417509
0.8358756900
0.0038287514
0.0521753207
0.0083676595
0.7290689349
0.0220283736
0.0201779976
0.0081474585
0.0094339792
0.8614590764
0.0379479527
0.0374735147
0.0246131830
0.0058121919
0.0030723237
0.0112114064
0.0206886828
0.0141036389
0.1163915247
0.0378031693
0.0122666461
0.0120422971
0.0476519242
0.0358444676
0.0077115786
0.0523398966
0.0810294449
0.0587306395
0.0220348276
0.0428897180
0.0807446390
0.0229080264
0.0477654450
0.0131873013
0.8157276511
0.4563412666
0.6281542182
0.0237884782
0.0045111883
0.7581591010
0.5230194926
0.0282933395
0.0592238940
0.0090976283
0.0028560928
0.1327899992
0.0304920003
0.7091754079
0.0636733696
0.0103603471
0.9838981628
0.7078185678
0.0047561959
0.9107912779
0.0055080731
0.8458235264
0.0091241086
0.0630234182
0.0048192297
0.0123114446
0.0382692628
0.7536320686
0.0656190962
0.0081631122
0.1366729289
0.0073077818
0.0033357125
0.0082320152
0.0277819280
0.0132467244
0.0309592262
0.4159935713
0.0133876204
0.0132972104
0.0640516952
0.0461237803
0.0165326968
0.0091465963
0.0157633685
0.0167495757
0.0299387034
0.0237799510
0.0116482237
0.0461851619
0.0355353951
0.0392246023
0.0057930322
0.0081157461
0.0683096722
0.0214138720
0.0184610542
0.0686960295
0.0300191641
0.1144175008
0.0175806377
0.0739733428
0.4664208591
0.0204529576
0.0056081461
0.6130545139
0.0608189814
0.0424117632
0.0147570800
0.0920131877
0.0675711706
0.0032421872
0.0384462848
0.2907164693
0.4925257564
0.0665866584
0.0144251641
0.4238593280
0.1755262613
0.0448712148
0.0438843705
0.0582130849
0.0055547613
0.0474109054
0.0031915091
0.0673458427
0.0142888017
0.0310688131
0.0126598785
0.0590695478
0.0186794978
0.0070701395
0.0315629132
0.0161387064
0.0322683975
0.0513162911
0.0062602651
0.0085723354
0.0072444016
0.0153428623
0.0122839669
0.0685806870
0.0365526862
0.0264083091
0.0213752948
0.0432472713
0.1138121262
0.0128556350
0.0034801092
0.0629486367
0.3590847552
0.4154110849
0.0371935219
0.0453033447
0.0421338752
0.0426081680
0.0713712797
0.0833181739
0.0372967646
0.0031836096
0.0038870263
0.0327229835
0.0661397353
0.0039708507
0.0450148322
0.0292764492
0.0639341325
0.0223211516
0.8214443326
0.0107757095
0.0328464732
0.8247762918
0.0072560357
0.0630685166
0.0087108901
0.0126527995
0.0166063104
0.0435644425
0.6696903110
0.0067175892
0.0037794029
0.0474370308
0.8083884120
0.0034304971
0.0393945351
0.0584729984
0.0093576312
0.0344475880
0.0367766842
0.4988694787
0.0059383856
0.0038989608
0.0642646104
0.0154501358
0.9065012932
0.0032315862
0.0583286211
0.0564674921
0.0424750783
0.0790273324
0.0211426709
0.0177823994
0.0594821647
0.0036900744
0.0283349082
0.0251258649
0.8469421268
0.0056223576
0.0381330028
0.0058117807
0.0032665578
0.0143384598
0.0580959544
0.0159918964
0.0240942910
0.0249653943
0.0219089985
0.0314591937
0.0206165873
0.0087506948
0.1024851575
0.0548673756
0.0052100215
0.0416290425
0.0065947599
0.0125323143
0.0337989628
0.0594502538
0.0655484423
0.1968987286
0.0876772627
0.0089824190
0.0475708693
0.0060770237
0.0293649305
0.0065948991
0.0104212826
0.0204747915
0.0436061919
0.0458630472
0.0077398727
0.0302567407
0.0069663450
0.0493714735
0.0083285132
0.8644155264
0.0068228208
0.0355313011
0.0216351841
0.0101770181
0.0254720710
0.0114101795
0.0516258590
0.0084113674
0.0495374203
0.0113624139
0.0480422564
0.0364416055
0.0143830143
0.0036193356
0.0512520298
0.0239568669
0.0541306324
0.0479830056
0.0195163749
0.0069400808
0.0621353611
0.0656124949
0.0306443889
0.0030543779
0.0447345860
0.0462358147
0.1565958411
0.8017684817
0.0266053751
0.0472584926
0.0448027141
0.0408761278
0.0059543708
0.0244642571
0.0325400867
0.0763511509
0.0737896487
0.0328880325
0.0342185237
0.0468606874
0.0039349399
0.0061640888
0.0145981414
0.0066138795
0.5274021029
0.0177759323
0.0118919276
0.1031318530
0.0523553602
0.0248544496
0.0039322074
0.0189268179
0.0068495679
0.0110271806
0.0247408785
0.0502600968
0.0266191047
0.0714771152
0.0345272273
0.0120917764
0.0674491152
0.0068617612
0.0285297539
0.0598478243
0.0331697837
0.0323824622
0.0123705128
0.0121329930
0.0055163084
0.0709852427
0.0079189911
0.0603412092
0.0087488750
0.7380754948
0.0211083964
0.0966955498
0.0201187003
0.0052704518
0.0029430187
0.0170792844
0.0298777912
0.1040828228
0.0047872397
0.0034568259
0.0188682396
0.0050887647
0.0417168140
0.0491658598
0.0645347759
0.0298055615
0.0672960058
0.0198869947
0.0364439413
0.0268318951
0.0089476686
0.0488267839
0.0336430818
0.0435695872
0.0129375765
0.2511422932
0.0519129895
0.0671295002
0.0332635418
0.0538861454
0.0431999937
0.0132867331
0.0931555182
0.0449470952
0.0517986380
0.0117453616
0.0148187177
0.0278811734
0.0129967462
0.0057408134
0.0057914900
0.0246009398
0.0135378521
0.0187502131
0.0451792218
0.0150289172
0.0036308633
0.0123904906
0.8758333325
0.0478023961
0.0513531901
0.0347312428
0.0545575507
0.0074456665
0.0718976259
0.8814726472
0.0155577054
0.0062716929
0.0655597746
0.0046100449
0.0052182982
0.7769707441
0.1805795580
0.0273703504
0.0038882408
0.0097719086
0.0468267687
0.4928978086
0.0449236184
0.0070126145
0.0221446548
0.0344579481
0.0206601452
0.0650722682
0.0299542286
0.0334615633
0.0437980331
0.0154385371
0.0075287763
0.0298421811
0.0147159109
0.0113325492
0.0161280036
0.1040407941
0.0498608090
0.0363408066
0.0079501979
0.0695215687
0.0351770371
0.1594446003
0.0406565629
0.0625125691
0.0493568704
0.0274245292
0.0127317701
0.0735719651
0.0501843169
0.0755980015
0.0356399380
0.0447652526
0.0480644256
0.0347491764
0.0058112261
0.0220366139
0.6611917615
0.0340757705
0.1015228853
0.0188823212
0.0230847597
0.0300845262
0.0473025478
0.0600382537
0.0445884317
0.0368484594
0.0165556204
0.0355266705
0.0187118556
0.0243910924
0.0249696374
0.0330453068
0.0172470473
0.0355347432
0.4402794242
0.0212123021
0.0096882442
0.0323753990
0.0543818921
0.0510829389
0.0646540076
0.0614649281
0.0136849154
0.1465975195
0.0086619863
0.0059826248
0.0276511945
0.0543595664
0.2299858183
0.0277794115
0.0593911000
0.0033516756
0.1937091202
0.0434925519
0.0572425760
0.0287825987
0.7036700845
0.0179020222
0.0125547200
0.1010820717
0.0040152608
0.0317786522
0.0216813311
0.0246214680
0.0553928465
0.1038979441
0.0605678000
0.0145893618
0.0147847496
0.0711553842
0.0078420397
0.0494532138
0.0075444411
0.0059565459
0.0144913718
0.0588401072
0.0064368197
0.0674207807
0.0148595329
0.0582675301
0.0189130213
0.0305555258
0.0046744607
0.0715798363
0.0601649843
0.5853609443
0.0597213209
0.0453370586
0.0569530874
0.0669408515
0.0051347781
0.7213587165
0.0153262205
0.0476642698
0.0145843150
0.0029874591
0.0396189168
0.0643512681
0.0447144024
0.0594111346
0.0057459488
0.0110527277
0.5299652219
0.0242873747
0.0069254003
0.0060280128
0.0036099558
0.0582010932
0.0103572477
0.0150322113
0.0187344719
0.0029354375
0.0031726221
0.0765549839
0.0506379195
0.0529914461
0.0085178092
0.0072196070
0.0050632865
0.0170921497
0.0062117106
0.0162563324
0.0078471471
0.0082810111
0.2553134561
0.0508031957
0.0062471898
0.0303923003
0.0399752110
0.2781651616
0.0320820995
0.0193621796
0.0144757265
0.0054183486
0.0043673813
0.0657239184
0.5795298815
0.0214447267
0.0230308045
0.0437797122
0.0051822369
0.0419706441
0.0476945154
0.0590818003
0.0401939191
0.0262123495
0.0203042850
0.7032557726
0.0549477302
0.0188637935
0.0111906193
0.7043926120
0.1189922765
0.0582554862
0.0117926886
0.7337490916
0.0067592212
0.6640401483
0.0282166246
0.0256859604
0.0328254998
0.0343381129
0.0437604487
0.0052433824
0.0357689336
0.0614772290
0.0490743890
0.0159008857
0.2044356912
0.0147079248
0.1003890261
0.0290999152
0.0690646172
0.0366200730
0.0629404709
0.0062456080
0.0327295363
0.0555765107
0.0673470125
0.7099860311
0.0531772003
0.0261538289
0.0118017951
0.0708969980
0.0321259573
0.0059119673
0.0122365952
0.0083880620
0.0190448761
0.0218922198
0.0737039968
0.0428126529
0.0567528717
0.0525563620
0.0102116112
0.0378247239
0.0323549025
0.0680828020
0.0728425831
0.0033382713
0.0893182531
0.1631608307
0.0461351089
0.0650748163
0.0317901112
0.0598858148
0.0392408222
0.0106164766
0.0375759453
0.0342336558
0.0233904310
0.2994343638
0.1223790348
0.0299952738
0.7860345244
0.0369937606
0.0060553551
0.0207476187
0.0044379216
0.0573370233
0.0357815102
0.0318234712
0.3724146783
0.0114033520
0.0782084316
0.0115358317
0.0469206162
0.0512434356
0.5961062908
0.0621220693
0.0290986225
0.0149641978
0.0073809149
0.0156658869
0.0227449704
0.0044254945
0.0187097341
0.1981876343
0.0074420972
0.0219862778
0.0278229211
0.0030256403
0.0575686954
0.0434121974
0.0293001030
0.0375922658
0.0122246984
0.0237993356
0.0235537589
0.0055889520
0.0322095938
0.0540239252
0.0477793887
0.0655858293
0.0150522385
0.1844909191
0.0130012082
0.6800094247
0.0230331253
0.0237922370
0.0438751541
0.0663270876
0.0259187166
0.1925537139
0.0789748803
0.0056574028
0.0336798579
0.0420249701
0.0454941802
0.0172827449
0.0646493286
0.0135620777
0.0161499102
0.0993496180
0.0323950797
0.0104220510
0.0539868139
0.0053805253
0.0230470300
0.0049675182
0.0107494416
0.0080412710
0.0457196608
0.0392810367
0.0337300040
0.0222270992
0.0100460993
0.0625179261
0.0538595505
0.2419155836
0.0101474654
0.0041716099
0.0588190295
0.0074871434
0.0289847963
0.0391971730
0.0036659013
0.0299134944
0.0087151509
0.8527257442
0.0349745825
0.9108875990
0.1469840407
0.0282690991
0.0254018866
0.0629986376
0.0675297976
0.0107819717
0.0410156995
0.2609214783
0.0127278334
0.0176443029
0.0480743721
0.0044735833
0.0077932491
0.0460951626
0.0638421997
0.0046655992
0.0066774394
0.0155164329
0.0462671071
0.0536131077
0.0189613216
0.1367127746
0.0285413228
0.0372009464
0.0653497949
0.0038691869
0.0626939461
0.0154219428
0.0207551308
0.0068057184
0.0049326834
0.0489453822
0.0303946212
0.0109032551
0.1209600121
0.0313861109
0.0272679459
0.0486101098
0.0246692970
0.0240115710
0.0522780679
0.0456681550
0.0448923856
0.0100330785
0.0227233768
0.0560188666
0.0320022851
0.0657328144
0.0226179697
0.0125560481
0.0058940207
0.1159124672
0.0291767772
0.0234185848
0.0640777573
0.0210471395
0.0482925475
0.1033613905
0.0066341688
0.0555344336
0.0267100465
0.0504247919
0.0408933647
0.0505329557
0.0173700135
0.0339297801
0.0833946392
0.1561612636
0.0056395028
0.0153893121
0.0651973784
0.0048170411
0.9379016757
0.0034052911
0.0312209427
0.0263501275
0.0071488018
0.0243695416
0.0038796773
0.0101845283
0.0051328847
0.0153711839
0.0411245786
0.2836943865
0.0416203886
0.0280502103
0.0722804517
0.0039366740
0.0155340051
0.7321634889
0.0117908567
0.0036697043
0.0057994956
0.0238142200
0.0304181147
0.0119668478
0.0031068609
0.0720196962
0.0065305382
0.0547444969
0.0376557410
0.0134988483
0.0090056108
0.0108354082
0.0164956264
0.0042446610
0.0370160826
0.0572420917
0.0052427268
0.0152633116
0.0457378253
0.0031383180
0.0397369675
0.0404427908
0.0640765354
0.0146303838
0.0125705525
0.0668681487
0.0617538430
0.6799004078
0.0684953853
0.0143475430
0.0605973639
0.0972381309
0.0045919018
0.1644171625
0.0044600130
0.0136248553
0.0681594759
0.0149196750
0.0090298830
0.0556984618
0.0083270557
0.0275328252
0.8926870227
0.3084096313
0.7550730705
0.0154356482
0.0415522382
0.0618864484
0.0029490124
0.0064043445
0.0320137069
0.0550814122
0.0079480587
0.0180872642
0.0152279576
0.0585719272
0.0435169972
0.0394011922
0.0154274097
0.0403874777
0.0510898158
0.0151730729
0.0608337261
0.0237456039
0.0115961889
0.0075924760
0.0094703110
0.0573938303
0.0043049431
0.0342663676
0.0458381064
0.0095224492
0.0114880586
0.0035120677
0.0254901331
0.0549781658
0.0035664700
0.0537836254
0.0038334420
0.0094172535
0.0833369419
0.0109537421
0.0073236236
0.0474624187
0.0181854516
0.0095584625
0.0045360806
0.0194614176
0.1389783770
0.0539872460
0.0096390219
0.0042960914
0.0231833644
0.0101836892
0.0564403720
0.0229858123
0.0083069876
0.0032637028
0.0089783547
0.0122947544
0.0136746876
0.0089102564
0.0456244424
0.6893219948
0.0445694700
0.0180878714
0.0147552956
0.0378670506
0.0396830663
0.0538446717
0.0437518097
0.0095005762
0.0217816476
0.0051347641
0.0059005423
0.1062965468
0.0164392367
0.0077775051
0.0152803948
0.0043162825
0.0291044582
0.0596629865
0.0034327726
0.0287133101
0.0234687123
0.0711491406
0.0503026955
0.0319382474
0.0136139244
0.0039984016
0.0408252925
0.0325259343
0.0037448229
0.0098286290
0.0130560007
0.0209396407
0.0039332546
0.0711741149
0.0069404473
0.0243311003
0.0644761547
0.0656695515
0.0333714560
0.0152166327
0.0031669745
0.2564651072
0.0243735183
0.0297018960
0.0057547865
0.0107399570
0.0464533754
0.0407116674
0.0165620223
0.0367298126
0.0591518730
0.0895543098
0.0709208697
0.0090690050
0.0704429150
0.0038630445
0.0602394901
0.0435478278
0.0049166842
0.0324767791
0.0110961627
0.0101715922
0.0492027141
0.0064285276
0.0223397352
0.0464492515
0.0518583395
0.0054006372
0.0325219892
0.2180914879
0.0413296595
0.0138520263
0.0131969023
0.0372816846
0.0349955186
0.0057982029
0.0296844132
0.0053618536
0.0066347364
0.0173031595
0.0379940867
0.0630471110
0.0322864838
0.0091226939
0.0683045387
0.0238458216
0.0288058743
0.0342658311
0.0501386486
0.0122924140
0.0110164210
0.0159852486
0.5391297936
0.0509570204
0.0030263194
0.0526854098
0.0194663145
0.0050352043
0.0271300487
0.0080934996
0.0112925665
0.0442407951
0.0132847987
0.0583823211
0.0175720416
0.0343845449
0.0219673775
0.0040344712
0.0062075560
0.0234927628
0.0503780991
0.0105258692
0.0139143616
0.0282367710
0.0066542453
0.0107689528
0.0308763664
0.0409112535
0.0388585925
0.0266440287
0.0550635457
0.0183292981
0.0529962331
0.0129171424
0.0150584141
0.0063896440
0.0153264003
0.0238158647
0.0106768999
0.0615371726
0.0695977435
0.0541784540
0.0263878163
0.0103822658
0.0619576238
0.0386021473
0.0069578579
0.0467125289
0.0254475288
0.0110615902
0.0421802923
0.0209488645
0.0043409667
0.0157717131
0.0714439303
0.0065989094
0.0239043348
0.0319519117
0.0428385213
0.0081527336
0.0109553467
0.0232331734
0.0460886247
0.0516476631
0.0331656896
0.0030691663
0.0482880473
0.0459049717
0.0377827920
0.0310468301
0.0269554742
0.0251758583
0.0280385613
0.0086792838
0.0095269233
0.0186714679
0.0060300184
0.0269629396
0.0442843065
0.0604552850
0.0961214006
0.0083607556
0.0585793592
0.0574589521
0.0697330981
0.0067942170
0.0404527225
0.0067104050
0.0057701347
0.0131257121
0.0049590841
0.0266884640
0.0180545505
0.0119709913
0.0167506300
0.0493520200
0.0160981882
0.0048689754
0.0608881190
0.0183544215
0.0616320297
0.0156461410
0.0041400199
0.0354685150
0.0165705010
0.0063668322
0.0550812669
0.0590752922
0.0415370837
0.0570517927
0.0057148561
0.0444561318
0.0310455970
0.0597371683
0.0056609670
0.0229733139
0.0304016043
0.0029823252
0.0338511430
0.0307620224
0.0210019127
0.0051409770
0.0236232542
0.0087655568
0.0183380060
0.0245291889
0.0102038514
0.0190736931
0.0061334749
0.0082466034
0.0382362418
0.0247164834
0.0567871034
0.0062819789
0.0638398454
0.0406520590
0.0147489924
0.0243072119
0.0038583230
0.0305907149
0.0146570532
0.0107162502
0.0291269589
0.0051360144
0.0094972309
0.0060227970
0.0688934326
0.0508119315
0.0034609365
0.0355701335
0.0412074775
0.0336191617
0.0079620527
0.0308757480
0.0527967699
0.0042045969
0.0043598763
0.0039621843
0.0137523804
0.0354670361
0.0667453632
0.0044040848
0.0321720839
0.0067571988
0.0222521927
0.0309694409
0.0155388946
0.0167745911
0.0177277159
0.0472520813
0.0425120480
0.0252016485
0.0276556872
0.0222455747
0.0426819995
0.0635647997
0.0199915115
0.0107650207
0.0045810882
0.0610140078
0.0097750733
0.0304785911
0.0326102674
0.0041394150
0.0145890815
0.0381836593
0.0091259331
0.0422254317
0.0044597015
0.0030056201
0.0076878560
0.0170902405
0.0412797034
0.0378444567
0.0485592410
0.0199527256
0.0136968382
0.0271805804
0.0619128495
0.0116573852
0.0429968573
0.0150470035
0.0191413686
0.0044526262
0.0212307591
0.0216559954
0.4478612244
0.0107710529
0.0229790453
0.0327827148
0.0146703525
0.0059909071
0.0241854470
0.0061168438
0.0688005537
0.0206530802
0.0251966286
0.0254602470
0.0418074578
0.0439131074
0.0128867542
0.0208501015
0.0806771442
0.0202914998
0.0095773237
0.0590413809
0.0487307198
0.0105671566
0.0575553849
0.0077197608
0.0128620351
0.0114810122
0.0641509295
0.0216396097
0.0066222870
0.0552699007
0.0202630237
0.0043598083
0.0064102956
0.0081751673
0.0323865041
0.0504086241
0.0089299064
0.0317337438
0.0687764287
0.0296039656
0.0239698682
0.0063609830
0.0214220323
0.0294993594
0.0624624938
0.0267608818
0.0715090856
0.0149330143
0.0066626533
0.0348935947
0.0090146335
0.0268810336
0.0343898050
0.0500536077
0.0526756980
0.0157262273
0.0069059716
0.2445660383
0.0300769433
0.0158466324
0.0192502476
0.0039354209
0.0464702286
0.0258655436
0.0079009496
0.0336262472
0.0067196046
0.0116154812
0.0317721814
0.0354134254
0.0636044145
0.0398995057
0.0280941948
0.0418444425
0.0156226913
0.0719767213
0.0399937704
0.0329183824
0.0568047576
0.0123711079
0.2285085917
0.0449419618
0.0369111933
0.0294016022
0.0044690119
0.0037690592
0.0373538733
0.0050968179
0.0072083850
0.0365988649
0.0037564044
0.0031154228
0.0341289975
0.0512647294
0.0079802675
0.0074473857
0.0320077017
0.0333903283
0.0392675996
0.0626401231
0.0480172262
0.0352969915
0.0086829904
0.0105869202
0.0687944889
0.0633815080
0.0419781618
0.0118518732
0.0331049375
0.0136004910
0.0069551775
0.0718151629
0.0042974590
0.0352515131
0.0085710762
0.0230144765
0.0223719236
0.0625335649
0.0030760316
0.0050577479
0.0040877648
0.0054382668
0.0574877672
0.7650687099
0.0068940814
0.0270270482
0.0424057208
0.0048234984
0.0654263943
0.0310997423
0.0265011285
0.0121395458
0.0304554366
0.0096459836
0.0107042398
0.0692276582
0.0197469071
0.0372257084
0.0644494966
0.0714123771
0.0052868114
0.1727396250
0.0489730760
0.0438696742
0.0149379531
0.0458931774
0.0029478464
0.0185677335
0.0883798301
0.0035811290
0.0723748282
0.0076629845
0.0115577504
0.0270941015
0.0579029843
0.0587458871
0.0264909025
0.0146237882
0.0091156866
0.0523454845
0.0038159525
0.0200605430
0.0686414391
0.0608704984
0.0229473766
0.0053901421
0.0149426199
0.0080152433
0.0117711658
0.0533360243
0.0568965636
0.0194179304
0.0292064846
0.0069449972
0.0090421801
0.0044386038
0.0041388669
0.0603381880
0.0658993125
0.0201811027
0.0337747447
0.1670052409
0.0153037868
0.0251951702
0.0070407507
0.0303372629
0.0037364194
0.0432270616
0.0310591534
0.0249998923
0.0381899551
0.0226218253
0.4298900664
0.0071064606
0.0525272191
0.0049546589
0.0860909820
0.0551745854
0.0041050659
0.0707406551
0.0273110624
0.0482603647
0.0218262933
0.0272244774
0.0294730514
0.0310453735
0.0045945914
0.0845580548
0.0505899489
0.0929213539
0.0030102129
0.0607104376
0.0089046145
0.0715085045
0.0411250740
0.0497347414
0.0325294584
0.0126966657
0.0044750199
0.0046702535
0.0397701599
0.0039778850
0.0356346369
0.0324797034
0.0400088914
0.0682795867
0.0642557964
0.0319319814
0.0499062277
0.0133157177
0.0190895051
0.0072276122
0.0191908590
0.0033666342
0.0095034949
0.0075317621
0.0082710525
0.0218274407
0.0606394745
0.0203881804
0.0050311806
0.8193737864
0.0134394281
0.0135188196
0.0384032950
0.0407507420
0.0102933887
0.0626448691
0.0207200479
0.0335885659
0.0188556407
0.0075354702
0.0545976236
0.0091567431
0.0043345550
0.0285129119
0.0424065515
0.0475210994
0.0606934018
0.0169113670
0.0064146281
0.0174305625
0.0550990179
0.0072977566
0.0104498565
0.0031613596
0.7712303400
0.0544695966
0.0234256890
0.0268557183
0.0388466939
0.0167139024
0.0112654362
0.0655182227
0.0362424813
0.0552652329
0.0066245180
0.0610818192
0.0691379309
0.0634026378
0.0715394244
0.0063034599
0.0092070978
0.0091786161
0.0064708432
0.0055850199
0.0622266978
0.0108562298
0.0371352509
0.0119942771
0.0159295406
0.0085560232
0.0090584736
0.0330341011
0.0288505908
0.0665365234
0.0562042855
0.0576748624
0.0607561134
0.0679698139
0.0239014234
0.0268674884
0.6952626705
0.0219693203
0.0333923958
0.0460290536
0.0616008863
0.0110163279
0.0116394628
0.0096079642
0.0320616513
0.1234977618
0.0646863431
0.0504081771
0.0436864235
0.0269070994
0.0055904118
0.0187822320
0.0104592470
0.0104628792
0.0834396034
0.0439193025
0.0579561405
0.0624574572
0.0444966368
0.0334533863
0.0177802537
0.0030979735
0.0423492528
0.0313621983
0.0181784350
0.0030214768
0.0428611189
0.0124753304
0.0462263562
0.0628254116
0.0060962359
0.0191687141
0.0640350431
0.0720336512
0.0144190080
0.0029458834
0.0156585518
0.0054946756
0.0030970224
0.0183186531
0.0603751987
0.0077897101
0.0310649723
0.0079217525
0.0065775975
0.0168585479
0.0097921789
0.0331924967
0.0648337826
0.0037612088
0.0210897624
0.0170756821
0.0169489440
0.0086320387
0.0328431576
0.0725906566
0.0172735434
0.0283365306
0.0343444645
0.0388398021
0.0476703979
0.0159389656
0.0248692706
0.0307959076
0.0686113834
0.0695729777
0.0063154441
0.0116287638
0.0086936085
0.0356266871
0.0136671253
0.5137566924
0.0064146235
0.0091992198
0.0253632795
0.0208312403
0.7314781547
0.0267960634
0.0356053151
0.0068570911
0.0522015877
0.0070301504
0.0514287278
0.0297906268
0.0666254312
0.0280938111
0.0545781739
0.0321541913
0.0210314635
0.0251942556
0.0139271785
0.0236669444
0.0041903416
0.0134084476
0.0476918258
0.0030650878
0.0228159744
0.0453219600
0.0388315842
0.0037172877
0.0605715364
0.0300507732
0.0144421374
0.0245677121
0.0098797930
0.0553095490
0.0397363491
0.0475765802
0.0058965492
0.0033780329
0.0218493007
0.0043462496
0.0543367080
0.0278653540
0.0557339117
0.0209960882
0.0085829701
0.0176627506
0.0118440045
0.0033478306
0.0064092297
0.0051261014
0.0369706266
0.0504953265
0.0575651303
0.0303706229
0.0417383239
0.0065775956
0.0109401699
0.0422628783
0.0541006848
0.0131344488
0.0279838052
0.0076706372
0.0289142709
0.0190181956
0.0582366735
0.0391891673
0.0053757043
0.0327324755
0.0054852501
0.0446741767
0.0287021268
0.0519338772
0.0102657732
0.0365017727
0.0163337737
0.0345332325
0.0104151638
0.0046514920
0.0182463229
0.0236019231
0.0044888495
0.0241177883
0.0074370676
0.0377275087
0.0664505213
0.0706219599
0.0157626439
0.0041373069
0.0121708745
0.0590711311
0.0696152151
0.0330486372
0.0177230518
0.0377090611
0.0297926608
0.0512422062
0.0162297469
0.0179698654
0.0231290441
0.0695666671
0.0575260408
0.0105674956
0.0077963751
0.0071633002
0.0223772135
0.0364384353
0.0294314194
0.0096467370
0.0168144125
0.0281018503
0.0561693721
0.0288739055
0.0138065042
0.0266020782
0.0467640013
0.0364882797
0.0072457097
0.0665860176
0.0861783922
0.0365929827
0.0097099943
0.5216935277
0.0205463916
0.0050240043
0.0172137320
0.0029175756
0.0260496344
0.0071557253
0.0140502080
0.0060577830
0.0321371593
0.8886324167
0.0243225861
0.0241685286
0.0425131880
0.0278456956
0.0452888496
0.0069060023
0.0304213781
0.0666404068
0.0129487701
0.0286841933
0.0665948763
0.0474483781
0.0385814942
0.0107488083
0.0183942132
0.0045437962
0.3870662749
0.0179105718
0.0671431273
0.0112424241
0.0041936697
0.0697504357
0.0397586301
0.0179926734
0.0634532198
0.0092240730
0.0092563480
0.0221200623
0.0052417326
0.0131677277
0.0189281870
0.0107345134
0.0043118913
0.0422218442
0.5898231864
0.0269890856
0.0374406427
0.0125857098
0.0217121542
0.0301157590
0.0518127121
0.0170252509
0.0412073061
0.0193744898
0.0210155249
0.0055642454
0.0212923475
0.0165127758
0.0579112619
0.0236669630
0.0151895471
0.0377293974
0.0606441572
0.0350620821
1.0223426819
0.0644521341
0.0029741356
0.0577090569
0.0034527257
0.0036439742
0.0132767987
0.0106504280
0.0172256585
1.0303325653
0.0197161008
0.0030778323
0.0314231813
0.0058818758
0.0290488042
0.0198861603
0.0035258068
0.0370644294
0.0032631936
0.0306013431
0.0240306407
0.0095255869
0.0590267293
0.0743799210
0.0367725715
0.0073716822
0.0595726594
0.0320989229
0.0466443747
0.0134096583
0.0064828745
0.0071468661
0.0042866934
0.0443670042
0.0229788478
0.0362736993
0.0184863750
0.0411732607
0.0120881572
0.0403983966
0.0694173202
0.0184543449
0.0168520827
0.0597387701
0.0045079174
0.0169387013
0.0627175197
0.0128954099
0.0087324604
0.0319011360
0.0674535409
0.0290132929
0.0601806752
0.0506997555
0.0055867638
0.0479344912
0.0231507290
0.0231623836
0.0116537279
0.0426439457
0.0080890320
0.0357655212
0.0385789610
0.0647180155
0.1030309200
0.0153030083
0.0922553018
0.0046371520
0.0639114305
0.0056360955
0.0359768830
0.0123851458
0.0504323505
0.0057748002
0.0088481503
0.0672609806
0.0663850531
0.0209046341
0.0614735670
0.0029572737
0.0272472743
0.2893747091
0.0079267295
0.0028238543
0.0056300075
0.0210443456
0.0195526090
0.0563500039
0.0410263240
0.0523775145
0.0661730245
0.0234985724
0.0424402766
0.0342930779
0.0318616442
0.0500233956
0.0068632229
0.0048000677
0.0261193961
0.0406704806
0.0134501085
0.0269689932
0.0384157151
0.0682055652
0.0643180311
0.0231266432
0.0406440571
0.0128560960
0.0209926963
0.0133033507
0.0196802337
0.0174227264
0.0329786018
0.0610341318
0.0495516993
0.0125546297
0.0132301720
0.0188734680
0.0515878238
0.0384443849
0.0170904100
0.0281590894
0.0517374501
0.0106147453
0.0617858022
0.0083673596
0.0082621090
0.0178824645
0.0667277947
0.0048643448
0.0391581804
0.0729892626
0.9495517015
0.0234525762
0.0681019947
0.0110962074
0.0078533860
0.0050419723
0.0598816648
0.0072857067
0.0231737718
0.0181672592
0.0128583470
0.0273266789
0.0087375445
0.0036511994
0.0498004295
0.0037514695
0.0187050030
0.0249787923
0.0132275121
0.0325400159
0.0066385702
0.0032633909
0.0097754812
0.0319014452
0.0543076843
0.0329615586
0.0073257512
0.0041866973
0.0360931903
0.0101506561
0.0694998652
0.0211712513
0.0567953773
0.1314156204
0.0191345606
0.0054805181
0.0680042431
0.0250616949
0.0077073942
0.0490505584
0.0044952417
0.0065425867
0.0048246076
0.0042415722
0.0441188253
0.0131407455
0.0625761524
0.0536827296
0.0562440902
0.0396069288
0.0366915502
0.0051786518
0.0176734310
0.0651718304
0.0194272008
0.0149642751
0.0616224781
0.0110754659
0.0543628745
0.0648998246
0.0485666655
0.0351857096
0.0100795273
0.0699623227
0.0121051194
0.0054748324
0.0032688489
0.1059862077
0.0584719479
0.0703090429
0.0182205494
0.0147168962
0.0274740160
0.0555800125
0.0034052895
0.0041858968
0.0045222063
0.0033313960
0.0197220352
0.0455010831
0.0615752228
0.0126855690
0.0354702100
0.0178995207
0.0039463998
0.0108475108
0.0309024025
0.0091133704
0.0043927631
0.0659258813
0.0284514856
0.0159407351
0.0103745330
0.0284328945
0.0567478724
0.0056037400
0.0033870211
0.0058923466
0.0560537651
0.0392389819
0.0670020580
0.0593957119
0.0202466585
0.0400025807
0.0103510711
0.0033528721
0.0540767200
0.0391869806
0.0682066232
0.0552836843
0.0297873896
0.0268154088
0.0183635186
0.0092375763
0.0500245094
0.0051704892
0.0057274373
0.0492105447
0.0125638023
0.0228745006
0.0090849148
0.0130588384
0.0031860189
0.0120410826
0.0570145398
0.0120160291
0.0078444965
0.0062587997
0.0032165241
0.0146146249
0.0593862869
0.0132934013
0.0101980520
0.0299780723
0.0710935444
0.0420665331
0.0447128117
0.0222435538
0.0314621516
0.0478118099
0.0210739952
0.0046150750
0.0392394252
0.0139370067
0.0444662534
0.0663837790
0.0181557667
0.0067858445
0.0183812194
0.0096327830
0.0151218148
0.0141075756
0.0564884283
0.0377729982
0.0183834303
0.0048119472
0.0547183938
0.1055387631
0.0029991569
0.0186143629
0.0189415738
0.0064938641
0.0364340767
0.0113135418
0.0292778071
0.0098576266
0.0663625002
0.0103766769
0.0102418009
0.0246065427
0.0310803559
0.0092093619
0.0262283497
0.0042700144
0.0030384753
0.0539902747
0.0139920227
0.0233430564
0.0515284166
0.0195378270
0.0105340052
0.0700579360
0.0629672036
0.0121548856
0.0326833352
0.0234194323
0.0250936411
0.0175036937
0.0625949427
0.0430306904
0.0364596546
0.0605988279
0.0041225618
0.0222895052
0.0195035860
0.0056764344
0.0037124511
0.0702918470
0.0408081599
0.0371433869
0.0038376376
0.0092494739
0.0717032403
0.0193367936
0.0072408128
0.0561610833
0.0051068631
0.0705483928
0.0032819004
0.0359017998
0.0693573654
0.0065258429
0.0033704583
0.0191407129
0.0321728736
0.0589369796
0.0170721430
0.0715696216
0.0032775742
0.0551596656
0.0727481991
0.0112685366
0.0689225644
0.0663641393
0.0041154991
0.0121079702
0.0596932769
0.0453274325
0.0425478965
0.0647983328
0.0078169331
0.0102457423
0.0116712842
0.0134547101
0.0161061734
0.0452007018
0.0595054701
0.0040934295
0.0032505875
0.0082949568
0.0586460531
0.0061863675
0.0347086973
0.0151611743
0.0502730012
0.0500719436
0.0122290011
0.0047989148
0.0347511843
0.0727256015
0.0030443519
0.0260105226
0.0704614371
0.0157414526
0.0542610660
0.0394141003
0.0033358813
0.0414100662
0.0191449896
0.0072444933
0.0188011117
0.0490149371
0.0551208816
0.0057128370
0.0387580283
0.0725143999
0.0574124008
0.0107326023
0.0289348513
0.0304314885
0.0264748950
0.0305818357
0.0037176923
0.0448952615
0.0434852801
0.0159029048
0.0087910341
0.0222046841
0.0075020101
0.0050617368
0.0641785562
0.0091507230
0.0030330617
0.0042472449
0.0099021886
0.0037717696
0.0660327151
0.0098172007
0.0197915528
0.0586954877
0.0036398277
0.0268678870
0.0517142974
0.0422053114
0.0106886690
0.0581193790
0.0113913035
0.0037151810
0.0296580642
0.0576784797
0.0307210200
0.0196230970
0.0066902358
0.0205468498
0.0198020283
0.0054131802
0.0169692636
0.0255943742
0.0455976501
0.0414001532
0.0142008560
0.0206884723
0.0276649576
0.0479971245
0.0127242664
0.0089123966
0.0039792475
0.0103549855
0.0291331597
0.0209604837
0.0270348005
0.0065020360
0.0572099686
0.0349321552
0.0034748418
0.0077752490
0.0235625673
0.0046434710
0.0369840711
1.0413069725
0.0379419476
0.0648392513
0.0116768098
0.0561976507
0.0648059100
0.0418900214
0.0287006292
0.0223008804
0.0108145764
0.0038741597
0.0629913285
0.0266887732
0.0668791682
0.9101366401
0.0272078179
0.0074405437
0.0631331429
0.0045457631
0.0034769699
0.0115975207
0.0136257689
0.0410428345
0.0416303314
0.0595723242
0.0280551519
0.0203239359
0.1122228503
0.0112095289
0.0090591749
0.0471727774
0.0502860472
0.0343011357
0.0671708584
0.0452996232
0.0623165034
0.0531166047
0.0092006782
0.0077605089
0.0743679330
0.0250560753
0.0184460934
0.0455718562
0.0038119096
0.0249024052
0.0128691634
0.0050013037
0.0280444790
0.0036977658
0.0413736328
0.0067374469
0.0670645833
0.0483612530
0.0500239059
0.0371140949
0.0276630521
0.0241466369
0.0053763431
0.0165989473
0.0132145071
0.0451598279
0.0243670363
0.0030941893
0.0920004323
0.0125857927
0.0712857917
0.0386497006
0.0371128991
0.0410455130
0.0051775076
0.0084748026
0.0117063066
0.0261614490
0.0334412903
0.0450164378
0.0299589783
0.0361128412
0.0146770226
0.0617384687
0.0695897937
0.0041669603
0.0364577882
0.0043071508
0.0424258895
0.0148105146
0.0305660516
0.0034454460
0.0135713350
0.3309966028
0.0366418809
0.0033320340
0.0549474359
0.0303325672
0.0330606587
0.0145271914
0.0585295260
0.0079974514
0.0301236268
0.0079394663
0.0059942110
0.0036710808
0.0057623144
0.0064164549
0.0412968285
0.0167399645
0.0177449230
0.0083758328
0.0047667311
0.0048799510
0.0694162101
0.0695049986
0.0376907997
0.0159406550
0.0658730194
0.0261478852
0.0434810892
0.0041982369
0.0133871119
0.0487412326
0.0156730376
0.0637620091
0.0169632193
0.0050114207
0.0313738026
0.0169298388
0.0046722372
0.0729617551
0.0494033284
0.0409693196
1.0009938478
0.0302397981
0.0806781277
0.0126076788
0.0122897765
0.0704381019
0.0169817284
0.0054487069
0.0280408021
0.0353847854
0.0037910487
0.0120700356
0.0060779117
0.0122824144
0.0200402979
0.0400424711
0.0125129949
0.0621084832
0.1028006226
0.0237566289
0.0642306358
0.0071269143
0.0033647362
0.0272054002
0.2243586183
0.0418871380
0.0170292594
0.0034250673
0.0359264165
0.0262631942
0.0362595394
0.0686768666
0.0134722730
0.0127218748
0.0143528711
0.0639102980
0.0218215771
0.0519016981
0.0727487952
0.0269706622
0.0321622081
0.0084816599
0.0115822554
0.0649688989
0.0267205834
0.0046877796
0.0074158255
0.0134066688
0.0156164709
0.0090850433
0.0033075488
0.0325514078
0.0321792960
0.0082591977
0.0194929838
0.0060536312
0.0162665080
0.0307761636
0.0126812505
0.0072906218
0.0279253665
0.0064882911
0.0608840398
0.0195788573
0.0574633107
0.0376128070
0.0467341430
0.0038206601
0.0343556888
0.0491209961
0.0466227792
0.0590370968
0.0061295168
0.0036572069
0.0483829938
0.0036507018
0.0146453567
0.0090788892
0.0065049892
0.0394425914
0.0571592934
0.0188564118
0.0069477949
0.0377108678
0.0054613273
0.0189862289
0.0135439709
0.0087760659
0.0504423939
0.0106718298
0.0068888697
0.0581830330
0.0093373237
0.0439318605
0.0105878348
0.0151906209
0.0046840450
0.2116126567
0.0342822298
0.0534760915
0.0068538757
0.0591081530
0.0147519279
0.0089428099
0.0332299434
0.0031523581
0.0701790154
0.0171596166
0.0719595030
0.0497618355
0.0680338517
0.0722767636
0.0304224156
0.0043580383
0.0034382071
0.0074325283
0.0281707291
0.0046370183
0.0621937439
0.0242897775
0.0134646641
0.0191466492
0.0229008049
0.0124842515
0.0468634106
0.0089957686
0.0665418729
0.0384202972
0.0041176663
0.0292276666
0.0159661639
0.0499292612
0.0303047076
0.0687839314
0.8480042219
0.0707271323
0.0078584347
0.0236202627
0.0565251336
0.0276633035
0.0439198650
0.0139969643
0.0084606353
0.0270894077
0.1300229579
0.0061770002
0.0472729579
0.0117042037
0.0249544177
0.0084587196
0.0442232154
0.0220192298
0.0334792398
0.0766939595
0.0029359276
0.0233703461
0.0157737955
0.0144788073
0.0150663499
0.0116033340
0.0360349230
0.0107995067
0.0478672646
0.0445958562
0.0574216060
0.0037819622
0.0678194389
0.0073487880
0.0121284481
0.0108250650
0.0235044379
0.7202579379
0.0545301624
0.0570443235
0.0702213719
0.0125967031
0.0575640127
0.0682935268
0.0032879920
0.0236547347
0.0421812125
0.0103753600
0.0065671960
0.0031007933
0.0241422914
0.0624927990
0.0080199735
0.0036751260
0.0536237843
0.0647957176
0.0040092501
0.0420567133
0.0412994474
0.0216812268
0.0080358870
0.0372229517
0.0374884121
0.0088337306
0.0256554205
0.0142215043
0.0035396242
0.0240539126
0.0338217467
0.0209543649
0.8798550367
0.0204908978
0.0346811228
0.0491799489
0.0544237010
0.0672886744
0.0056573069
0.0289947335
0.0314882621
0.0086524980
0.0420417711
0.2325735986
0.0332254134
0.0173140373
0.0154771935
0.0236571748
0.0144072650
0.0081782369
0.0158190727
0.0929991156
0.0376261026
0.0669961795
0.0552410483
0.0140483715
0.0685406551
0.8733347654
0.0094367955
0.0098293563
0.0158635657
0.0423384197
0.0135580953
0.0466355234
0.0583804585
0.0280969795
0.0082322806
0.0100776656
0.0431444906
0.0050831945
0.0657553077
0.0116973612
0.0410090685
0.0460633934
0.0523815975
0.0145342676
0.0040475386
0.0213627610
0.0279638749
0.0422223210
0.0501071028
0.0095982729
0.0222701691
0.0225771349
0.0115996422
0.0254419968
0.0040587801
0.0105261719
0.0134369219
0.0530746393
0.0078833662
0.0499614067
0.0440144017
0.0216197465
0.0190285277
0.0047374042
0.0030028166
0.0073640738
0.0100364080
0.0039670360
0.0272619966
0.0119894538
0.0376678705
0.0598858632
0.0053615416
0.0359299518
0.0050715180
0.0382444412
0.0297528524
0.0133780213
0.0035514073
0.0133027928
0.0160275716
0.0145609612
0.0461048782
0.0287200790
0.0267670006
0.0068272930
0.0207665358
0.0391840301
0.0287961867
0.0416536294
0.0054509649
0.0487667471
0.0039335601
0.0566603020
0.0120695978
0.0097535988
0.0436013751
0.0109939799
0.0048241848
0.0104818847
0.0284475014
0.0080436235
0.0159804393
0.0069508003
0.0281997174
0.0604525916
0.0169613399
0.0194494352
0.0033336997
0.0466958545
0.0224146396
0.0107708210
0.0723188445
0.0199596547
0.0237932075
0.0052564563
0.0106270835
0.0068914117
0.0113960057
0.0087130945
0.0059503387
0.0139329163
0.2439477295
0.0030263630
0.0100367973
0.0382761098
0.0133216884
0.9785642028
0.0289236102
0.0310823806
0.0041029570
0.0363601409
0.0352331251
0.0256661158
0.0055597131
0.0062039001
0.4566120207
0.0047528516
0.0468365736
0.0625879839
0.0235764347
0.0449552797
0.0085527068
0.0058658253
0.0323205478
0.0050126198
0.0371448919
0.0702887550
0.0562994406
0.0934116021
0.0564813390
0.0704384744
0.0425766781
0.0075269043
0.0702211931
0.0225231852
0.0401884131
0.0040303809
0.0140466671
0.7134162784
0.0273491628
0.0578601547
0.0415834449
0.0207542218
1.0062496662
0.0369050317
0.0046691871
0.0101970453
0.0045977398
0.0231631529
0.0303944200
0.0032300027
0.0614394322
0.0588560328
0.0108504612
0.0697839037
0.0140920319
0.0603450201
0.0116997128
0.0281640366
0.0101522692
0.0471077822
0.0171893630
0.0413544253
0.0627762154
0.0082530696
0.0064027989
0.0271391608
0.0035621615
0.0099662123
0.0103735551
0.0630281642
0.0058307769
0.0385136679
0.1277019233
0.0560344271
0.0296607222
0.0077679735
0.0595383607
0.0321989171
0.0147030884
0.0077397558
0.0619897768
0.0513364933
0.0101980651
0.0399240516
0.0207807198
0.0153383510
0.0343257114
0.0130514791
0.0367579795
0.0616117977
0.0034685668
0.0065126265
0.0249661803
0.0266134385
0.0091254236
0.0055738501
0.0505449474
0.0201190189
0.0514868088
0.0046710772
0.0430292450
0.0059631341
0.0640020818
0.0073835547
0.0027532859
0.0192777012
0.0200388692
0.0402645618
0.1355084330
0.0333495475
0.0042431601
0.0113282138
0.0257864203
0.0300339777
0.0572928227
0.0186718777
0.0319964327
0.0070460411
0.0476497971
0.0177648868
0.0336430483
0.0599342100
0.0209871568
0.0254635140
0.0350888930
0.0068155644
0.0030390383
0.0214949213
0.0081768492
0.0182501059
0.0272537973
0.0273434408
0.0235327333
0.0066647399
0.0139099676
0.0195759665
0.0066254865
0.0113018285
0.0294226557
0.0066665090
0.0544365309
0.0674579293
0.0184041727
0.0710864738
0.0096705658
0.0214517992
0.0455289111
0.0051748813
0.0126520172
0.0113599533
0.0552950390
0.0290566590
0.0221264716
0.0109831374
0.0302399956
0.0417539701
0.0230143648
0.0137909548
0.0577999651
0.0535317883
0.0153484568
0.0079848589
0.0030858947
0.0475606136
0.0592249110
0.1495887488
0.1051263586
0.0296479445
0.0094801364
0.0358910225
0.0069677080
0.0231493525
0.0056959162
0.0378924645
0.0161780417
0.0539818704
0.0445292629
0.0692975223
0.0152199324
0.0105693033
0.0585098714
0.0122919641
0.0071812700
0.0030103577
0.0031672900
0.0088151088
0.0137392348
0.0155452862
0.0030702469
0.0203568470
0.0427941531
0.0054705176
0.0108390842
0.0037829529
0.0481926948
0.0118554290
0.0664523765
0.0284679122
0.0204788242
0.0235807598
0.0078365188
0.0100491373
0.0058308300
0.0045500421
0.0030532635
0.0340290442
0.0920929089
0.0090400325
0.0078866901
0.0201556236
0.0044038594
0.0251616407
0.0109979333
0.0393838361
0.0131086390
0.0209410936
0.0126368348
0.0092618456
0.0152537581
0.0214126892
0.0668054149
0.0087612895
0.0475428700
0.0137656881
0.0136891501
0.0594352335
0.0103578735
0.0524842590
0.0613487177
0.0177867413
0.0203471035
0.0080873128
0.0210587010
0.0415082611
0.0584430471
0.0366547219
0.0342794172
0.0211942941
0.0688123927
0.0405259095
0.0045961337
0.0099421982
0.0669421554
0.0050400156
0.0602587089
0.0241150707
0.0143833021
0.0239662435
0.0227238629
0.0195913855
0.0460845754
0.0629064143
0.0083797863
0.0030133417
0.0060913409
0.0110359667
0.0065308018
0.0093515795
0.0075080241
0.0213146023
0.0035519076
0.0045596831
0.0144729028
0.0059727109
0.0080440566
0.0505613536
0.0070147393
0.0269450359
0.0491349250
0.0425884649
0.0044026948
0.0362667255
0.0200332981
0.0104592871
0.0076217940
0.0100880209
0.0584501810
0.0524641462
0.0139409807
0.0185359009
0.0537508577
0.0704690441
0.0095435390
0.0049963729
0.0379017182
0.6850383878
0.0703128800
0.0099046109
0.0638105944
0.0063011958
0.0108239790
0.0055051381
0.0414725691
0.0049314210
0.0313909464
0.0051671956
0.0396847948
0.0455276407
0.0627342388
0.0730139166
0.0054792622
0.0031934879
0.0293371957
0.0544161275
0.0672595352
0.0596036762
0.0145517504
0.0046019577
0.0646233931
0.0044281199
0.0130737917
0.0702994913
0.0095900260
0.0087976903
0.0360657722
0.0350839160
0.0030598398
0.0036335385
0.0284729172
0.0042148018
0.0050897812
0.0699840039
0.7624772787
0.0123156495
0.0055936500
0.0586472079
0.0063260859
0.0187145304
0.7297416329
0.0331176482
0.0475377701
0.0292506181
0.0108463792
0.0171442926
0.0446541682
0.0047705276
0.0704001412
0.0364773460
0.0033728585
0.0403242633
0.0188020710
0.0174542926
0.0469198786
0.0633617491
0.0190796088
0.0067912461
0.0053737923
0.0100278826
0.0038531981
0.0739114583
0.0053809313
0.0034744232
0.0290666558
0.7645008564
0.0121667618
0.0051678633
0.0520752259
0.0069549591
0.0312741101
0.8928475380
0.0073718824
0.0047706873
0.0247561466
0.0396617427
0.0064652162
0.0353874788
0.0478564575
0.0096209915
0.0060976101
0.0046813302
0.0036444224
0.0438754074
0.0280323494
0.0602873489
0.0121215079
0.0342409499
0.0431938916
0.0579694286
0.0167178344
0.0084554385
0.0273572318
0.0212203190
0.0045408052
0.0608830228
0.0189785846
0.0185640473
0.0130663058
0.7118586898
0.0340692066
0.0667310432
0.0466149114
0.0044538416
0.0115746921
0.0178225506
0.0549699441
0.0403027274
0.0418900214
0.0039696060
0.0118067292
0.0030149997
0.1511698067
0.7231179476
0.0417578965
0.0499752611
0.0160017032
0.0141564375
0.0229545124
0.0352366269
0.0230902024
0.0089943558
0.0255755335
0.0032052372
0.0110671585
0.0691094026
0.0206742510
0.0085382136
0.0201282930
0.0036534518
0.0446344465
0.0431181379
0.0062878546
0.0463135466
0.0032119472
0.0728684440
0.0668346733
0.0149766896
0.0239274912
0.0419813544
0.0404672585
0.0642056912
0.0131794689
0.0040121260
0.0492042042
0.0059717558
0.0209522769
0.0038206251
0.0335296430
0.0044427090
0.0032175432
0.0155896386
0.0313112251
0.0090896394
0.0043971823
0.0234800000
0.0257152896
0.0495582111
0.0136200562
0.0526345856
0.0042743627
0.0220649149
0.0582116432
0.0639720783
0.0250196550
0.0442338251
0.0630919710
0.0677199885
0.1794714183
0.0372008644
0.0261965096
0.0475671664
0.0119079594
0.0096198432
0.0089812027
0.0135291666
0.0111648766
0.0389873385
0.0294892751
0.0399385765
0.2383812666
0.0254603997
0.0316826403
0.0472504273
0.0516084321
0.0653603449
0.0494147427
0.0423359834
0.0141082201
0.0177321583
0.0114443377
0.0331576429
0.0047782464
0.0078840517
0.0861883014
0.0081383372
0.0607652888
0.0386794284
0.0130697442
0.9887288809
0.0102742584
0.0718144551
0.0034061444
0.7770074010
0.0068348795
0.0202760398
0.0458233543
0.0374706388
0.0090245316
0.0142286066
0.0119504668
0.0224173758
0.0409307629
0.0445515811
0.0618021898
0.0062898486
0.0601072945
0.0669263005
0.0132429115
0.0083996458
0.0353221223
0.0300535336
0.0626715794
0.0063638450
0.0570402667
0.9015382528
0.0117034717
0.0139132701
0.0039416435
0.0049337652
0.0679657087
0.0350615457
0.0034431238
0.0070395814
0.0065026730
0.0213619117
0.0158492997
0.0389296338
0.0634673238
0.0411729477
0.0287645105
0.0192338061
0.0454163700
0.0042038951
0.0163437240
0.0304742064
0.0128860157
0.0076262392
0.0254298896
0.0090344111
0.0173377432
0.0131665152
0.0201337617
0.0240601357
0.0259276740
0.0511712842
0.0405410267
0.0895473436
0.0455454253
0.0081400676
0.0029130401
0.0145391235
0.0037126110
0.0443211533
0.0599604212
0.0351667665
0.0558704808
0.0149847995
0.0618603677
0.0359614231
0.0313770808
0.0135219637
0.0701612309
0.0654826835
0.0038690164
0.0261279829
0.0172220469
0.0226389319
0.0120521747
0.0057843123
0.0034991815
0.0346749574
0.0272062309
0.0219330415
0.0066015823
0.0081494255
0.0553805381
0.0105908029
0.0236945041
0.0092593124
0.0528410263
0.0548498183
0.0368257575
0.0293062348
0.0709050670
0.0554603413
0.0721898749
0.0423956551
0.0173000097
0.0116928741
0.0231776573
0.0068936897
0.9024580717
0.0174995419
0.0266041402
0.0234090071
0.7169722915
0.0447836518
0.0669198409
0.0637749508
0.0194062106
0.0053139036
0.0534727871
0.0063865064
0.0094957594
0.0062244958
0.0157865919
0.0487307310
0.0543228686
0.0491074473
0.0599964522
0.0123376567
0.0257860534
0.0496439599
0.0030388129
0.8492202163
0.0440935194
0.0459093265
0.2215322256
0.0279279128
0.0035554338
0.0177398622
0.0724853650
0.0107647143
0.0289596450
0.0133835822
0.0061309179
0.0169850737
0.0119753089
0.0358139761
0.0048238742
0.0041456404
0.0045389184
0.0114526600
0.0203777682
0.0679799169
0.0204740036
0.0094609149
0.0354794264
0.0214793552
0.0299740192
0.0713822842
0.0351063982
0.0490436107
0.0061520417
0.0082326634
0.8610782027
0.0457633995
0.0096096024
0.9302176833
0.0277021229
0.0564022064
0.0045622867
0.0333409160
0.0543793216
0.0508326516
0.0386023037
0.0550744347
0.0029870181
0.0132144066
0.0037890996
0.0165941212
0.1003317535
0.0407905616
0.0276083909
0.0072968788
0.0131431017
0.0496287048
0.1630657911
0.0093873348
0.0501943231
0.0606219061
0.0390042402
0.8392300606
0.0074126958
0.0642149821
0.0182832330
0.0075001018
0.0041036247
0.0399735272
0.0490004681
0.0459598750
0.0427065529
0.0340990350
0.0702778772
0.0059494358
0.0238971338
0.0161315762
0.0034954918
0.0237058606
0.0466043204
0.0413317569
0.0038802663
0.0258066244
0.0356894471
0.0033582554
0.0148683488
0.0082532484
0.0492925569
0.0244971607
0.0588795096
0.0162970833
0.0077357995
0.0034043454
0.0119944382
0.0521608852
0.0109180128
0.0408778228
0.0536054336
0.0061935345
0.0369695835
0.0161600355
0.0364848375
0.0611248687
0.0353868566
0.0552129000
0.0644812137
0.0222037211
0.0640781447
0.0029494059
0.0102073625
0.0091429427
0.0118517131
0.0180614460
0.0039032570
0.0064691342
0.0640259534
0.0345541798
0.0563043579
0.0225807540
0.0228775218
0.0677951127
0.0595079400
0.0557188503
0.0500975773
0.0194416977
0.0092007136
0.0035165066
0.0312604122
0.1121006235
0.0073061371
0.0090683093
0.0442913733
0.0610437803
0.0330192409
0.0075307130
0.0040444206
0.0104980450
0.0316616297
0.0312418286
0.0434452891
0.0540977716
0.0101866871
0.0422997735
0.0138423545
0.0099204369
0.0713453069
0.0074594291
0.0104749305
0.0037732078
0.0586018004
0.0271510035
0.0456744134
0.0170399956
0.0062523587
0.0122678811
0.0204863381
0.0084918877
0.0242164005
0.0649343282
0.0139962705
0.0458869338
0.0032141786
0.0161319971
0.0042350856
0.0087038409
0.0656253994
0.0032094147
0.1132182926
0.0075083552
0.0030997405
0.0238966756
0.0154042393
0.0034967707
0.0332665481
0.0153152365
0.0045888526
0.2228010148
0.0174062178
0.0240312405
0.0148471463
0.0603151172
0.0278382525
0.0035638637
0.0652586073
0.0567172319
0.0071994127
0.0133605087
0.0107306857
0.0414465778
0.0286435466
0.0356422141
0.0530654825
0.0385004133
0.0048292717
0.0170288105
0.9396061301
0.0328754894
0.0213450231
0.0621629320
0.0068874806
0.0172402207
0.0083950534
0.0312949084
0.0435027294
0.0230507534
0.0099291354
0.0599660724
0.0645939782
0.0335232988
0.0080985446
0.0067154560
0.0049550543
0.0492846780
0.0143476054
0.0100158388
0.0125917532
0.0605557896
0.0188172832
0.0208313838
0.0191023517
0.0083784452
0.0477875508
0.0365931243
0.0067510027
0.0385321118
0.0305759348
0.0036093232
0.0030889013
0.2454797626
0.0042321100
0.0030695612
0.9999415874
0.0112618748
0.0129449908
0.0091781681
0.1371251941
0.0608247854
0.0138482321
0.0050383965
0.0272675920
0.0071523767
0.0090164654
0.0374192744
0.0044524516
0.0470825322
0.0040194942
0.0039592902
0.0128636798
0.0492749847
0.0089422949
0.0035646914
0.0159646887
0.0214363672
0.0042644613
0.0713027269
0.0088891033
0.0134525234
0.0049355766
0.0064115743
0.0066394862
0.0129373865
0.0282213688
0.0370117836
0.0346455276
0.0206462611
1.0424742699
0.0311970338
0.0543877818
0.0047312248
0.0150430314
0.0093584983
0.0036559398
0.0049326536
0.0177346449
0.0550665781
0.0511833280
0.0099424822
0.0315737203
0.0080262292
0.0038757757
0.0257183202
0.0133401388
0.0160849206
0.0229883604
0.0195637718
0.0187032335
0.0600835048
0.0116154822
0.0127454260
0.0054546245
0.0349853151
0.0094687780
0.0511375703
0.0049908366
0.0093110874
0.0155276256
0.0030261637
0.0680042058
0.0134501290
0.0102077546
0.0031902799
0.0190425012
0.0123422779
0.0512680523
0.0112992590
0.0055807265
0.0191327408
0.0171449892
0.0470765270
0.0437881984
0.0521111563
0.0304575078
0.0234450102
0.0402143598
0.0453730226
0.0353715010
0.0309173837
0.6168934703
0.0561368801
0.2289603651
0.0453175791
0.0035760987
0.0034836212
0.0031435334
0.4691164196
0.0399393067
0.0201808456
1.0036176443
0.0321129002
0.0163184032
0.0467013270
0.0050367247
0.0384619832
0.0691989139
0.0696731880
0.0234623142
0.0423242152
0.0558742024
0.0547433645
0.0380006507
0.0642892048
0.0139253167
0.0461950451
0.0188283678
0.0183756035
0.0329759531
0.0595985278
0.0288460366
0.0374930650
0.0044468134
0.0038080949
0.0185770188
0.0228262953
0.0628032386
0.0705267489
0.0090001328
0.2159472555
0.0278995223
0.0709427074
0.0095190061
0.0272102300
0.0358718559
0.0395121798
0.0029585105
0.0692869127
0.0078390837
0.0459775031
0.0038290666
0.0057857647
0.0589153878
0.0042569549
0.0033859638
0.0180329625
0.0705443025
0.0221205931
0.0145538440
0.0035336625
0.0193179063
0.0701504946
0.0031457325
0.0056775771
0.0483132452
0.0034737629
0.0644158497
0.0031624334
0.0359798856
0.0046476014
0.0177726671
0.0482359976
0.0068089725
0.0488521345
0.0283057019
0.0477652587
0.0098201521
0.0103295352
0.0097500607
0.7966870666
0.0053534200
0.0087051895
0.0176045131
0.0725589097
0.0291568134
0.0117223365
0.0213447008
0.0707239881
0.0494630449
0.0255600940
0.0282793548
0.8571597934
0.0033920694
0.0069665196
0.0585040897
0.0437437892
0.0051943799
0.0047738487
0.0155327301
0.0230770968
0.0211492870
0.0315263495
0.0061503220
0.0153187839
0.0058754259
0.0128961699
0.0279504489
0.0103585869
0.0439347290
0.0040294919
0.0496110544
0.0466727354
0.0642074347
0.0048945933
0.0175958443
0.0602852218
0.0031708146
0.0580265000
0.0637575388
0.0478408113
0.0488305874
0.0040010894
0.0251341555
0.0034321959
0.0037798446
0.0658787712
0.0115141608
0.1265595555
0.0134007670
0.0032596351
0.0184770916
0.0179966539
0.0107315052
0.0705821514
0.0201987978
0.0295503009
0.0730426088
0.0251675807
0.0041772681
0.0650696233
0.0648682117
0.0559215024
0.0250551775
0.0030330038
0.0358324312
0.0487772487
0.0410298146
0.0045584748
0.0142296748
0.1152581573
0.0069822450
0.0139464242
0.0206154902
0.0317188464
0.0618790239
0.0438287668
0.0598798431
0.0079534715
0.0145529713
0.0708297119
0.0096359756
0.0502217971
0.0216326993
0.0478428230
0.2775140107
0.0245128144
0.0210461710
0.0030351814
0.0056517334
0.0051011122
0.0119972769
0.0394891948
0.0357333198
0.0463131294
0.0208792686
0.0500145778
0.0396730453
0.0123601835
0.0681096837
0.0206531622
0.0230624080
0.0079782540
0.0163676888
0.0313634425
0.0176882334
0.0359380394
0.0039838320
0.0451121628
0.0103031145
0.0117887305
0.0599351600
0.0113581978
0.0188581385
0.0554684289
0.0616023466
0.0120333582
0.0364103615
0.0265593547
0.3176418543
0.0101991296
0.0173054505
0.0054256795
0.0095097683
0.0263962429
0.0093833478
0.0360080190
0.0687890425
0.0689197481
0.0493229628
0.0279647727
0.0283841174
0.0100215143
0.0112596117
0.0222183410
0.0275935903
0.0285133086
0.0586727969
0.0454061888
0.0037093128
0.0122700064
0.0068005426
0.0463476330
0.0051931585
0.0213086158
0.0470729321
0.0240205433
0.0058639525
0.0097774845
0.0331040435
0.0189740323
0.0095251659
0.0540273637
0.0057295589
0.0034003728
0.0389736295
0.0460665859
0.0325307511
0.0042392509
0.0532127470
0.0263029635
0.0068515069
0.0129746851
0.0379689932
0.0125094224
0.0487162285
0.0037334058
0.0434873141
0.0272373017
0.0127211669
0.0672970116
0.0430945046
0.0212469753
0.0188335758
0.0443520695
0.0157127772
0.0201996695
0.0697021335
0.0318199210
0.0334399529
0.0060097370
0.0143536199
0.0533270910
0.0118915597
0.0282100923
0.0149232028
0.0049045603
0.0506618842
0.0427739993
0.0104580997
0.0295815561
0.0473685637
0.0135098426
0.0101340236
0.0025705742
0.0065567801
0.0213638879
0.0037875751
0.0242223833
0.0189388618
0.0225567296
0.0418601073
0.0089848246
0.0296248440
0.0440561250
0.0489307381
0.9663352370
0.0253038574
0.0395279154
0.9005377889
0.0085528539
0.0806925818
0.1390117705
0.0489746332
0.0504285805
0.0408851728
0.0049460279
0.0165586509
0.0058711302
0.0718174726
0.0238424372
0.0223086029
0.0038605963
0.0534363128
0.0029465815
0.0503011867
1.0046694279
0.0105023487
0.0270233043
0.0209764931
0.0621524863
0.0492776819
0.0320182964
0.0710751340
0.0484183729
0.0246709567
0.0640145242
0.0060845353
0.0698981881
0.0257349219
0.0245114490
0.0077054803
0.0103291608
0.7484284043
0.0114991926
0.0664602295
0.0098818475
0.0049227122
0.0125690950
0.0144210504
0.0453607999
0.0149026271
0.0071784165
0.0214428343
0.0033967476
0.0173081439
0.2488758415
0.0215910245
0.0044958941
0.0129914805
1.0154099464
0.0280770324
0.0596639775
0.0262643788
0.0456704497
0.0043460880
0.0210750662
0.0195874963
0.0487800650
0.0551735386
0.0488791093
0.0164390523
0.0266389847
0.0348118581
0.9967013001
0.0096701765
0.0141649609
0.0243901070
0.0063421465
0.0081394194
0.0457457453
0.0178371556
0.0404014513
0.0449165478
0.0314384177
0.0588092059
0.0032447332
0.0675573498
0.0237038378
0.0069032772
0.0047713877
0.0297830366
0.0281290635
0.0089146588
0.0122727072
0.0060322625
0.0078730853
0.0048513464
0.0129585313
0.0262488965
0.0035688493
0.0628179312
0.0189392027
0.0372584872
0.0647760257
0.0510419011
0.0072895158
0.6648878455
0.0460107550
0.0375263207
0.0167812239
0.0491145365
0.0070053264
0.0154133281
0.0121659990
0.0038087892
0.0057841833
0.0247662682
0.7736397386
0.0124573978
0.7774772644
0.7748015523
0.0161304660
0.0446913540
0.0032380612
0.0133213671
0.0355389714
0.0041481559
0.0039628330
0.0083478475
0.0193722900
0.0104102595
0.0129970731
0.0096910782
0.0253353138
0.0586112551
0.0444041379
0.0301494803
0.0550873317
0.0395983122
0.0195099059
0.0029205123
0.0556637906
0.0032540506
0.0357469507
0.0093400534
0.0078186309
0.0169021860
0.0091670183
0.0342952050
0.0294420756
0.0066155810
0.0047580171
0.0495199710
0.0467269272
0.0440280251
0.0062724221
0.0122023998
0.0177496709
0.0477570556
0.0046249614
0.0492175072
0.0133907571
0.0232410450
0.0485184304
0.0100516826
0.0726307258
0.0037921483
0.0289117936
0.0237281192
0.0272092987
0.0193232968
0.0103936940
0.0478199273
0.0518832766
0.0448896661
0.0314656161
0.0087189656
0.0134109417
0.0063905506
0.0391623043
0.0431481525
0.0032807563
0.0101799443
0.0546692722
0.0035093678
0.0237320215
0.0292833094
0.0234109126
0.0032203512
0.0435418375
0.0309914537
0.0394639447
0.0065874108
0.0044473698
0.0241709128
0.0156151159
0.0100573944
0.0128900455
0.0250556301
0.0441954620
0.0056243921
0.6062571406
0.0290414691
0.0439389385
0.0634040833
0.0157409813
0.0193877108
0.0423559770
0.0154424449
0.0449306592
0.0372674987
0.0277669746
0.0224317573
0.0151373930
0.0605016872
0.0404714234
0.0080074510
0.0098879160
0.0048833708
0.0366364233
0.0169874635
0.0177985113
0.0228345692
0.0165531766
0.0409934632
0.0059960126
0.0650852174
0.0264505353
0.0936159641
0.0492512733
0.0658122078
0.0074380166
0.0031335149
0.0555861890
0.0730596036
0.1519258767
0.0644871220
0.0044152844
0.0098028760
0.0113221481
0.0095193945
0.0035471101
0.0219147634
0.0086338520
0.0072240620
0.0422297120
0.0345854051
0.0233599879
0.0047753048
0.0552838817
0.0370824412
0.0421847329
0.0034676061
0.0057713166
0.1136989817
0.0196592100
0.2997395098
0.0334707461
0.0149164516
0.0377316512
0.0449915566
0.0266546160
0.0413963832
0.0030083163
0.0171038806
0.0295413490
0.0047753551
0.0487150773
0.0491165072
0.0137610566
0.0457366854
0.0326448232
0.0035970113
0.0033264894
0.0183596909
0.0551616922
0.0327120125
0.0032520036
0.0079518734
0.0079507735
0.0134421410
0.0043533780
0.0094514256
0.0511877872
0.9198702574
0.0374826416
0.0405053459
0.0461436324
0.0044470695
0.0151488278
0.0315940492
0.0370197184
0.0275565032
0.0209884308
0.0414970815
0.0385300629
0.0121539216
0.0063180425
0.0111864787
0.0176757835
0.0401872844
0.0526454113
0.0358445980
0.0073906328
0.0257537626
0.0383681543
0.0043332521
0.0307682361
0.0193284862
0.0553548187
0.0650049448
0.0117857521
0.0583950914
0.0240406077
0.0114437891
0.0141368713
0.8248991370
0.0365378559
0.0032572430
0.8235718012
0.0262828935
0.6783968210
0.0306177661
0.0060506309
0.0666399375
0.9557560086
0.0260633361
0.0122968191
0.0606384054
0.0136431400
0.0719018281
0.0185962413
0.0263020359
0.0406187028
0.0216348134
0.0035693471
0.0479931906
0.0373054221
0.0208461881
0.0118195359
0.0257749185
0.0390681811
0.0051305247
0.0405968502
0.0592971966
0.0090838764
0.0039793602
0.0055165617
0.9351300001
0.0042898166
0.0460068323
0.0080772322
0.0098388428
0.0404767059
0.0283128992
0.0094916150
0.0133939264
0.0145978462
0.0697562695
0.0692202896
0.0060281665
0.0566990413
0.0037812465
0.0064102323
0.0387365483
0.0088188024
0.0492606498
0.0292618442
0.0163083840
0.0498581044
0.0073474338
0.0549322069
0.0385779105
0.0061713681
0.0041065039
0.0514693931
0.0171096120
0.0059368466
0.0483006537
0.0444164313
0.0552233197
0.0041029272
0.0270155538
0.0145244282
0.0121832630
0.0067533324
0.0050779115
0.2139154673
0.0726471171
0.0250204317
0.0484162979
1.0039561987
0.0062783672
0.0178391971
0.0428660586
0.0123017933
0.0099729309
0.8693122864
0.0198129881
0.0321449824
0.8832644224
0.0282035824
0.0567658916
0.0609809533
0.9417453408
0.0077383211
0.1814632565
0.0194381587
0.0172205288
0.0724437460
0.0105550094
0.0120628709
0.0195270013
0.0104972869
0.0302991252
0.0126145035
0.0139354710
0.0057128915
0.0522292443
0.0112579865
0.0330083147
0.0041706534
0.0274000298
0.0075505883
0.0358360894
0.0035677759
0.0133080250
0.0063636913
0.0313276239
0.0260163154
0.0514900088
0.0380423069
0.0045487564
0.0089763440
0.0381079987
0.0647878125
0.0060469522
0.0145495301
0.0282390695
0.0120668849
0.0181930251
0.0566183999
0.0158305783
0.0585428178
0.0727664977
0.0063423133
0.0029175133
0.0261050630
0.0566525646
0.0061130021
0.7891454101
0.0291372612
0.0184448659
0.0134030916
0.6838114262
0.0320348553
0.0578174666
0.0037570705
0.1936815977
0.0107222963
0.0031982556
0.0671624318
0.0113115497
0.0639407262
0.0338370502
0.0181373209
0.0040453826
0.0136643220
0.0504539609
0.0669724569
0.0744890645
0.0286303796
0.0177817587
0.0045329081
0.0235997848
0.0222845301
0.1847307384
0.0143909929
0.0608344488
0.0033355316
0.0104160523
0.0519245379
0.0069035217
0.0497527160
0.0108573483
0.0599864237
0.0296873525
0.0093201045
0.0083080670
0.0372661836
0.0352939740
0.0235369820
0.0398877226
0.0176908039
0.0234326422
0.0029444052
0.0439196378
0.9646899104
0.0146353366
0.0075783804
0.0296159852
0.0099021830
0.0088947052
0.0403675735
0.0183777306
0.0107869357
0.8657191992
0.0515591204
0.0093989260
0.0047898930
0.0031245460
0.0038062935
0.0365038924
0.0073437784
0.1143264025
0.0463332124
0.0416168943
0.0271569192
0.0517816693
0.0091904700
0.0064041629
0.0053338199
0.0661492497
0.0395612344
0.0309564862
0.0060523571
0.0079296762
0.0030661488
0.0064524952
0.0391132087
0.0426550247
0.0491638295
0.0128444955
0.0537930168
0.0513180941
0.0171239134
0.0088114357
0.0090752067
0.0167657565
0.0167088341
0.0196901504
0.0088891089
0.0113530131
0.0155667895
0.0132896723
0.0075621037
0.0032648181
0.0052514640
0.0133333886
0.0294136330
0.0285327304
0.0504749343
0.0499025024
0.0121695502
0.0405363068
0.0051809307
0.0035341268
0.0031384444
0.0090462305
0.0041752066
0.0051563741
0.0452906340
0.0340454355
0.0210684724
0.0549897291
0.0101471310
0.0370961763
0.0070140832
0.0042329086
0.0372130200
0.0042103427
0.0429298878
0.0108606806
0.0630314872
0.0357435979
0.0713313073
0.0320006423
0.0116986567
0.0389447138
0.0458848663
0.0059649032
0.0170411654
0.0178202521
0.0647354424
0.0606917255
0.0050645992
0.0255293101
0.0399871655
0.0264681615
0.0318572633
0.0062004747
0.0212172642
0.0345572047
0.0360113159
0.0063210265
0.0038227036
0.0035779860
0.0868171528
0.0182417911
0.0120496964
0.0175791383
0.0147167603
0.0560007468
0.0443846136
0.0395083912
0.0586938970
0.0075189923
0.0171249695
0.0079641994
0.0139462193
0.0247038659
0.0064644204
0.0085284514
0.0206488669
0.0046289898
0.0191828497
0.0082647549
0.0045389957
0.0373890772
0.0401655659
0.0734553710
0.0211702939
0.0596067682
0.0473224930
0.0711079314
0.0464840084
0.0060858699
0.0210744571
0.0259563979
0.0381694175
0.0064224862
0.0515968613
0.0037815494
0.0053030788
0.0108803753
0.0080164243
0.0209702458
0.0107173277
0.0457176119
0.0121117188
0.0039608809
0.0221833140
0.0053461688
0.1311831325
0.0347620212
0.9583917260
0.0333276577
0.0064255791
0.0091738431
0.0276822094
0.0300307628
0.0175106879
0.0611114055
0.0057862098
0.0703231171
0.0435783640
0.0099858977
0.0441930331
0.0584516935
0.0346143134
0.0063778227
0.0050876625
0.0854894146
0.0527107753
0.0499402583
0.0061345901
0.0183200650
0.0455605499
0.0608242974
0.0367161967
0.0200381577
0.0306179449
0.0059817415
0.0047800262
0.0035089145
0.0046234177
0.0040897159
0.0208287928
0.0034329097
0.0426792130
0.0205511916
0.0164046194
0.0099678338
0.0448946767
0.0154503807
0.0059762890
0.1328837276
0.0457729734
0.0141141657
0.0194397941
0.0352670774
0.0032051855
0.0056878510
0.0751136839
0.0154195288
0.0207111128
0.0129530020
0.0073273978
0.0230276771
0.0632895306
0.0478277989
0.0294650197
0.0278391298
0.0075920494
0.0216304008
0.0388588719
0.0106375329
0.0190125145
0.0715747178
0.2987644970
0.0374654569
0.0231726710
0.6926689148
0.0211226121
0.0668871626
0.0411441736
0.0310144629
0.0078102206
0.0670520812
0.0630392954
0.0113847181
0.0238427781
0.0075360681
0.0403068140
0.0429697856
0.0611406602
0.0431148745
0.0144745614
0.0037307302
0.0519349687
0.0065972391
0.0141543541
0.0593336113
0.0593934469
0.0425655283
0.0336828940
0.0643880293
0.0601762719
0.0039529344
0.0288184676
0.0069276555
0.0236371197
0.0176601596
0.0656406134
0.0413488671
0.0407852046
0.0186879057
0.0282583311
0.0049367193
0.0196562707
0.0300377421
0.0600730367
0.0173821766
0.0100694140
0.0303025730
0.0264472514
0.0071026571
0.0567024909
0.0093009826
0.0220505912
0.0141400397
0.0102328556
0.0093919430
0.0192904063
0.8099440336
0.1024274454
0.0091172773
0.0041159173
0.0391579121
0.0078255218
0.0133112222
0.0136885354
0.0039681210
0.0078709656
0.0163084622
0.0074985656
0.7527245283
0.0575994961
0.0172357541
0.0121289119
0.0447852723
0.0035541642
0.0184711963
0.0599783696
0.0314970724
0.0060778530
0.0035855910
0.0746200830
0.0156294443
0.0194823183
0.0115116229
0.0051911664
0.0156732854
0.0136214811
0.0320509784
0.0369760580
0.0583536625
0.0047294758
0.0037866186
0.0534777343
0.0079622334
0.0576047748
0.0317003168
0.0145938862
0.0316173658
0.0463759489
0.0405135937
0.0566048883
0.0348841250
0.0288379323
0.0150000509
0.2781226933
0.0653173551
0.0270012207
0.0543980151
0.0615901835
0.0505255759
0.0030217278
0.0094351778
0.0696415454
0.0082966639
0.0113413790
0.0562015399
0.0686995536
0.0413167886
0.0241198838
0.0066970633
0.0215840340
0.0489305593
0.0041997102
0.0706201270
0.0425613001
0.0372699425
0.0678644776
0.0186429247
0.0046220766
0.0048597646
0.0062554395
0.0698298737
0.0236923136
0.0040405970
0.0193170309
0.0079229530
0.0382851735
0.0138924196
0.0575749837
0.0292980950
0.0055784457
0.0348821282
0.0413898639
0.0369166173
0.0035735718
0.0107502034
0.0368286744
0.0056847632
0.0186804030
0.0687793195
0.0344272815
0.0214394163
0.0636755601
0.0667705834
0.0254991259
0.0612044260
0.0141276997
0.0193335488
0.0130975647
0.0045704106
0.0101910075
0.0251262039
0.2320402414
0.0698383823
0.0092531992
0.0061401208
0.0595299676
0.0263389386
0.0258628447
0.0197395943
0.0512240343
0.0041524321
0.0049726702
0.0298667606
0.0564298667
0.0409299023
0.0659628212
0.0146308625
0.0131349554
0.0283715688
0.0244617462
0.0139236990
0.0189242102
0.0464472137
0.0065833665
0.0133557701
0.0492521785
0.0325743891
0.0592501871
0.0186632052
0.0106982673
0.0076839384
0.9131991267
0.0055114334
0.0167310275
0.0423470400
0.0470086969
0.0085214833
0.0097351642
0.0453895368
0.0064969701
0.0254339613
0.0081477109
0.0071494789
0.0124533912
0.0092946710
0.8906950355
0.0125319650
0.0303693097
0.0494574904
0.0050712270
0.0144295422
0.0147631355
0.0057022977
0.0060863663
0.0094958981
0.0230901930
0.0383767039
0.0108894808
0.0204374772
0.0164974108
0.0659937635
0.0667019859
0.0150473388
0.0387528464
0.0176399220
0.1394645870
0.0385167748
0.0476284362
0.0317931361
0.0402182639
0.0643769652
0.0431006998
0.0672592521
0.0291073453
0.0082069682
0.0038807301
0.0085206870
0.0177925564
0.0071195159
0.8372558355
0.0056486675
0.0059498139
0.0056487452
0.0727820024
0.0544644818
0.0057982770
0.0202159490
0.0304913875
0.0723323375
0.0729716942
0.0244188067
0.0068823141
0.0378322899
0.0159886070
0.0564409532
0.0132302297
0.0704294443
0.0310100820
0.0096216621
0.0499312542
0.0050419294
0.0678915679
0.0170739740
0.0524527952
0.0256045163
0.0428364836
0.0271921754
0.8831319213
0.0569470264
0.0641506687
0.0395301580
0.0439709499
0.0256050173
0.0499326847
0.0422917679
0.0137159433
0.0083668455
0.0034385757
0.0298850946
0.0033588193
0.0489652604
0.0038001435
0.0699700043
0.0066044866
0.0474729352
0.0275974870
0.0104394713
0.0606408715
0.0090283453
0.0085325399
0.0343023427
0.0471588895
0.7836710811
0.0047468208
0.0451787896
0.0432918146
0.0374107249
0.0726476908
0.0245503150
0.0696277022
0.0042511192
0.0085669123
0.0308950599
0.0078286352
0.0382685363
0.0075671840
0.0383695923
0.0533697866
0.0601991527
0.0102142254
0.0322108641
0.0120158931
0.0083243959
0.0779095218
0.0472142324
0.0440383255
0.0042451830
0.0128164692
0.0788420513
0.0192162264
0.0153870415
0.0146950241
0.0145101594
0.0260311291
0.0059177331
0.0189180262
0.0248363707
0.0316616520
0.0642839819
0.0051893885
0.0125562074
0.0677524582
0.0243804343
0.0177857839
0.0129190031
0.0081205899
0.0032990340
0.8668698072
0.0153055713
0.0604187101
0.0138833635
0.0183441322
0.0171944108
0.0683859214
0.0102635156
0.0119794384
0.0070586451
0.0374613479
0.0164320040
0.0151188551
0.0208443422
0.0658248514
0.0166337974
0.0236002412
0.0044794558
0.0097660916
0.0228638612
0.0115538370
0.0220244117
0.0145507595
0.0558303371
0.0215244107
0.0150904786
0.0256768372
0.0271485895
0.0230483785
0.0154902861
0.0092064878
0.0186967365
0.0091529451
0.0056273593
0.0671350285
0.0143371997
0.0702348650
0.0680790618
0.0041875294
0.0119785899
0.0143319741
0.0676441118
0.0034738146
0.0047434727
0.0034535653
0.0294537544
0.0465310030
0.0462289564
0.0720519572
0.0177026372
0.0045892522
0.0210435968
0.0729783103
0.0204038806
0.0628312901
0.0229795165
0.0030098718
0.0068566459
0.0268779695
0.0143111488
0.0273443609
0.0084312102
0.0048725670
0.0110596484
0.0091821905
0.0586868711
0.0415367037
0.0264104214
0.0452745073
0.0444593728
0.0362143852
0.0156949293
0.0582089014
0.0713625401
0.0035088423
0.0039168866
0.0046209861
0.0063511254
0.0173658673
0.0170788318
0.0265534669
0.0171138626
0.0463150255
0.0095059834
0.0029372887
0.0530212335
0.0404369123
0.0038970844
0.0074217785
0.0606458373
0.0424748734
0.0064282776
0.0079186009
0.0043720813
0.0718622133
0.0181828029
0.0505585633
0.0457208380
0.0460947379
0.0424681418
0.0074900207
0.0367125422
0.0164341740
0.0494195335
0.0089907330
0.8878098130
0.0045760497
0.0174737554
0.0076777106
0.0116587281
0.0460639670
0.0087943627
0.0685964301
0.0142985918
0.0166864600
0.0093329092
0.0046348791
0.0407791771
0.0163259972
0.0118386978
0.0266181212
0.0493122600
0.0536579601
0.0296145938
0.0079421010
0.0406861156
0.0045415657
0.0575947799
0.0487397872
0.0317381807
0.0167611688
0.0363494679
0.0228033140
0.0588223301
0.0628856793
0.0275899973
0.0178519264
0.0050759744
0.0337066576
0.0296105500
0.0089095514
0.0651791766
0.0047526010
0.0727980658
0.0172351580
0.0033018216
0.0320110470
0.0092559466
0.0244839247
0.0641975179
0.0539779700
0.0537223071
0.0468932278
0.0356229581
0.0032057182
0.0371215940
0.0353349783
0.0073436960
0.0072115096
0.0429092906
0.0181808714
0.0076119928
0.0247705299
0.0123839052
0.0315415226
0.0039159912
0.0088341068
0.0677045137
0.0450546108
0.0267468300
0.0690933466
0.0706157610
0.0086192228
0.0101356125
0.0199651998
0.0301500726
0.0612315610
0.0157411899
0.0094679818
0.0578571297
0.0096906871
0.0360305309
0.0055951187
0.0629920661
0.0111215832
0.0663080513
0.0530685186
0.0525349155
0.0047892984
0.0124504417
0.0322387293
0.0375797600
0.0062023140
0.0357561372
0.0208599046
0.0386641547
0.0531795993
0.0725542903
0.0084363995
0.0126023050
0.0173121858
0.0052132141
0.0257467907
0.0352971293
0.0045853965
0.0061861584
0.0133471843
1.0236679316
0.0197842810
0.0646241754
0.0224973243
0.0119477529
0.0249702800
0.0033389432
0.0635628402
0.0273946859
0.0241128821
0.0087953247
0.0153389527
0.0142873712
0.0071066679
0.0312923677
0.0031647761
0.0045047989
0.0077784378
0.0090579046
0.0062987972
0.0605827793
0.0061847265
0.0593425333
0.0048438213
0.0371581353
0.0218137652
0.0170893371
0.0310465340
0.0490702651
0.0119731743
0.0642164052
0.0325689837
0.0086681768
0.0233219266
0.0049083582
0.0047508436
0.0350694917
0.0606179163
0.0355938748
0.0171947572
0.0096906293
0.0630295873
0.0551992618
0.0571239628
0.0371133164
0.0061104419
0.0692874119
0.0196876861
0.0083791576
0.0157150980
0.0167501103
0.0031745359
0.0040308614
0.0106481109
0.0621447563
0.0557415001
0.0475904867
0.0715056360
0.0052033025
0.0309156366
0.0064265803
0.0095360102
0.0540554561
0.0495104194
0.0034876980
0.0322140791
0.0161705073
0.0083285822
0.0104204565
0.0529159233
0.0229148380
0.0057530385
0.0704005137
0.0056509841
0.0044028424
0.0200594440
0.0262355525
0.0073045813
0.0446042120
0.0134308683
0.0506500639
0.0054850359
0.0104321558
0.0135990139
0.0052679772
0.0441232324
0.0320176221
0.0240819491
0.0438458733
0.0049139685
0.0080748573
0.0729525611
0.0328228697
0.0621657073
0.0304113049
0.0110228052
0.0554199144
0.0350516364
0.0519149266
0.0247717053
0.0454917215
0.0030263003
0.0293450244
0.0696955174
0.0074492255
0.0355672240
0.0234858692
0.0561945289
0.0401380584
0.0413740985
0.0511660017
0.0440817922
0.0079550454
0.0050540701
0.0411342345
0.0154669033
0.0386154093
0.0063195908
0.0114752306
0.0526356287
0.0034967943
0.0243459307
0.0186920650
0.0064767357
0.0077644358
0.0115468940
0.0223290641
0.0547757521
0.0223105233
0.0446203835
0.0085931914
0.0130374832
0.0175019093
0.0623942502
0.0042114710
0.0189440735
0.0251094494
0.0687820911
0.0725617632
0.0315052308
0.0183163118
0.0339094475
0.0351429209
0.0106032006
0.0255301464
0.0573822297
0.0696110651
0.0030099433
0.0626575872
0.0318939388
0.0233680792
0.0147988461
0.0297460184
0.0132802166
0.0671373382
0.0164095256
0.0050764475
0.0106213233
0.0042240666
0.0048033879
0.0195449796
0.0411292911
0.0605179295
0.0042846515
0.0073142508
0.0500024706
0.0555429533
0.0423822328
0.0613108538
0.0452446304
0.0047134683
0.0360589586
0.0626540482
0.0175693389
0.0054564611
0.0666516572
0.0147134736
0.0252924301
0.0102514988
0.0339540914
0.0185912680
0.0688216016
0.0102256173
0.0031535288
0.0171922129
0.0458812714
0.0271845851
0.0251764283
0.0718589574
0.0030969197
0.0363701470
0.0073963730
0.0594285950
0.0213415530
0.0151109444
0.0148102771
0.0119326878
0.0345910601
0.0383190699
0.0069115669
0.0070137209
0.0101278080
0.0293591879
0.0365903191
0.0035140617
0.0510641299
0.0284139644
0.0289882589
0.0178509131
0.0199033152
0.0164082777
0.0620331392
0.0086893709
0.0373023599
0.0503376089
0.0038039708
0.0076383054
0.0230226833
0.0041819378
0.0287046582
0.0545023233
0.0519783422
0.0598838888
0.0525126010
0.0225576479
0.0152298538
0.0031841970
0.0538037457
0.0143273175
0.0594967380
0.0057676234
0.0482168198
0.0180465169
0.0255642124
0.0401725248
0.0174349044
0.0179354474
0.0457063913
0.0613653585
0.0239129253
0.0615156293
0.0187790897
0.0457793772
0.0278162882
0.0297836531
0.0422593951
0.0097697303
0.0085370252
0.0250597615
0.0260719378
0.0453547314
0.0413782261
0.0366627984
0.0086418884
0.0379670262
0.0029501230
0.0268769916
0.0172891151
0.0338527672
0.0056477152
0.0040820735
0.0064850738
0.0131963585
0.0639750212
0.0037475189
0.0536150523
0.0401758067
0.0349575840
0.0215287469
0.0706317872
0.0102476962
0.0148861753
0.0405205972
0.0127601679
0.0350102410
0.0240342226
0.0080697807
0.0149569185
0.0068921121
0.0061012874
0.0288490225
0.0439060964
0.0120693110
0.0372188911
0.0295748729
0.0646764711
0.0708226338
0.0110158511
0.0131558105
0.0047605764
0.0700163916
0.0547010601
0.0284778047
0.0245255977
0.0498125702
0.0576073155
0.0540814660
0.0070165196
0.0224119816
0.0237948410
0.0139427148
0.0711835623
0.0047451239
0.0660219938
0.0215900280
0.0287197605
0.0111104855
0.0033519324
0.0297218636
0.0040884623
0.0549622402
0.0030593553
0.0227674022
0.0031194810
0.0228585154
0.0132925706
0.0275996383
0.0425262526
0.0400494449
0.0105328970
0.0104947137
0.0034652173
0.0203690063
0.0129988166
0.0039110142
0.0651835650
0.0066825044
0.0289635379
0.0253276564
0.0527251065
0.0057521574
0.0406195037
0.0425864868
0.0296702236
0.0383746848
0.0302051920
0.0061149728
0.0232808087
0.0423323922
0.0537600741
0.0294558927
0.0070280666
0.0533963107
0.0696784630
0.0323475264
0.0280020256
0.0345841199
0.0380026996
0.0174292345
0.0596121065
0.0500647910
0.0133690555
0.0244855788
0.0032198897
0.0071538282
0.0712655112
0.0403593294
0.0054657403
0.0281879064
0.0042702323
0.0060934983
0.0112996818
0.0658505261
0.0594193861
0.0112481518
0.0284732953
0.0503037833
0.0180398710
0.0432886519
0.0040284339
0.0064494554
0.0043879822
0.0258301161
0.0165397078
0.0229893941
0.0209521577
0.0060327924
0.0296115875
0.0523486175
0.0188847575
0.0681723133
0.0120801982
0.0260113925
0.0054836818
0.0392562933
0.0096693281
0.0095819030
0.0646397546
0.0128732277
0.0040006591
0.0082439641
0.0236117952
0.0054376363
0.0537771024
0.0443314575
0.0090975072
0.0093068406
0.0085434932
0.0029772457
0.0325556546
0.0489505418
0.0378302522
0.0323317014
0.0492604487
0.0177001134
0.0615692995
0.0061301077
0.0467731133
0.0386808105
0.0278687458
0.0249353275
0.0072711199
0.0060999347
0.0037441682
0.0292015150
0.0062415311
0.0606622174
0.0452854149
0.0702970922
0.0045158379
0.0362101831
0.0031727301
0.0683614537
0.0030359877
0.0474496968
0.0067784810
0.0566898175
0.0067219767
0.0074332454
0.0632147193
0.0145603335
0.9508565068
0.0093069207
0.0189706795
0.0176876988
0.0120930746
0.0376424938
0.0104757762
0.0260010809
0.0525751896
0.0479911678
0.0622131005
0.0371057950
0.0580479801
0.0036859072
0.0110107651
0.8109173775
0.0215576999
0.0241424199
0.0277781617
0.0484078899
0.0068746596
0.0068294192
0.0032835796
0.0123098819
0.0581034236
0.0166479703
0.0521104634
0.0221523456
0.0066958782
0.0506947339
0.0094894068
0.0097921826
0.0357249379
0.0318273418
0.0103289522
0.0530195870
0.0618815310
0.0312336832
0.0701244473
0.0243111271
0.0511373132
0.0501975529
0.0235284381
0.0116304392
0.0478378385
0.0049464079
0.0212162565
0.0097065214
0.0242544189
0.0698824301
0.0037804809
0.0497399978
0.0307327323
0.0315979570
0.0614921935
0.0263062119
0.0232995972
0.0076229600
0.0388506949
0.0169976112
0.0274468865
0.0100438735
0.0158409998
0.0214255415
0.0341224298
0.0029491060
0.0114784148
0.0438352376
0.0049288184
0.0075985887
0.0529397167
0.0064533665
0.0032788478
0.0708181858
0.0421395116
0.0608304329
0.0711243972
0.0035438954
0.9061334729
0.0131046744
0.0038689994
0.0135361683
0.0174725857
0.0381603763
0.0421722829
0.0089834323
0.0209923889
0.0068556848
0.0106965760
0.0598792993
0.0642925277
0.0029152823
0.0122767724
0.0259162728
0.0105057778
0.0712965950
0.0131008755
0.0568296127
0.0059756851
0.0296947062
0.0133616170
0.0065103122
0.0381650999
0.0089606680
0.0061267959
0.0037250130
0.0384330526
0.0332590714
0.0404452533
0.0721105859
0.0182374232
0.0340608321
0.0433860533
0.0116153732
0.0645736605
0.0127445962
0.0178837981
0.0123018045
0.0439302959
0.0036870933
0.0340138301
0.0099890186
0.0110245403
0.0043323399
0.0679626763
0.0209759381
0.0153954420
0.0290873609
0.0116083110
0.0272602793
0.0326609574
0.0135280211
0.0346622355
0.9631795883
0.0141507434
0.0248195939
0.0304195173
0.0182130989
0.0146641312
0.0271549821
0.0033928179
0.0079807900
0.0388303548
0.0476671830
0.0241419040
0.0568553209
0.0221140850
0.0554832369
0.0034338369
0.0729032755
0.0402881876
0.0428756624
0.0111345267
0.0113704931
0.0203746986
0.0406280607
0.0087445294
0.0444435775
0.0326925926
0.0502305999
0.0347007737
0.0058150887
0.0576122291
0.0407454446
0.0066810874
0.0053685252
0.0714359805
0.0333166644
0.0217287410
0.0684092641
0.0571935326
0.0247386321
0.0314850956
0.5583197474
0.0032938831
0.0083528524
0.0100937122
0.0123995822
0.0430431813
0.0416042842
0.0048181377
0.0042900671
0.0214492343
0.0043693446
0.0449639335
0.0606722161
0.0074433829
0.0054737804
0.0042390600
0.0396812223
0.0247322507
0.0274581295
0.0174974017
0.0100761121
0.0668733045
0.0090888375
0.0479368195
0.0454998091
0.0058637648
0.0435316227
0.0356732681
0.0709550902
0.0267616455
0.0261932835
0.0166338366
0.0121920658
0.0258450378
0.0277017951
0.0032484357
0.0181479063
0.0430922098
0.0604746155
0.0156989843
0.0114547070
0.0251965728
0.0528757796
0.0262442771
0.0169409532
0.0469764955
0.0113667799
0.0051450673
0.0640530065
0.0679771602
0.0305901375
0.0512735508
0.0030428125
0.0279748775
0.0431640148
0.0597197302
0.0043220292
0.0721012428
0.0359361283
0.0944230631
0.0653667003
0.0148589145
0.0397607610
0.0076849721
0.0209799502
0.0232615191
0.0442146733
0.0424705744
0.5523666739
0.0134593723
0.0392530374
0.0433998629
0.0497000441
0.0389869772
0.0261855572
0.0712094158
0.0691866502
0.0291729514
0.0223613139
0.0040389053
0.0139624057
0.0523904674
0.0613433421
0.0602926128
0.0147821149
0.0124319103
0.0241668671
0.0063353796
0.0100038331
0.0162786674
0.0073333327
0.0046153688
0.0083040511
0.0054680482
0.0484558344
0.0108947502
0.0187091399
0.0080083488
0.0292593148
0.0060306611
0.0091999890
0.0265767053
0.0046392088
0.0548499860
0.0471170247
0.0239498466
0.0699159801
0.0076810904
0.0349139608
0.0150753185
0.0039613526
0.0127855213
0.0150794368
0.0040894947
0.0400811732
0.0543169640
0.0462115072
0.0062775994
0.0225884914
0.0593934730
0.0055065299
0.0337556936
0.0047508837
0.0185077712
0.0342091545
0.0542824343
0.0040281047
0.0044277948
0.0167308468
0.0042460072
0.0036776767
0.0442650877
0.0033069991
0.0123050287
0.0640732944
0.0100106187
0.0617958009
0.0196670555
0.0093663037
0.0596454144
0.0136139132
0.0325588249
0.0217361487
0.0148607828
0.0030144595
0.0077006826
0.0108521339
0.0213129222
0.0289482027
0.0247994568
0.0465064421
0.0511322357
0.0278417524
0.0575085320
0.0144174127
0.0457178839
0.0677978620
0.0302162673
0.0089819022
0.0335344560
0.0490949191
0.0043367604
0.0249108206
0.0201649833
0.0159827452
0.0351039842
0.0386225358
0.0233200919
0.0689757243
0.0344334617
0.0424664877
0.0113678202
0.0076152529
0.0049927318
0.0252066199
0.0295087229
0.0058858092
0.0151520576
0.0326028429
0.0474160761
0.0054164538
0.0688118190
0.0120207481
0.0092537990
0.0456965007
0.0120910835
0.0172857884
0.0076638982
0.0052020401
0.0059779943
0.0053943419
0.0475565456
0.0225081965
0.0465643480
0.0221607964
0.0180584900
0.0140340710
0.0466100723
0.0032180576
0.0207075235
0.0243770815
0.0361016355
0.0421144292
0.0122926524
0.0352060013
0.0653603822
0.0197248999
0.0230515338
0.0222906433
0.0091391355
0.0315549932
0.0141223492
0.0049299332
0.0225522406
0.0629336834
0.0709829330
0.0572279394
0.0116697783
0.0473849140
0.0432554260
0.0289738420
0.0701331422
0.0303391367
0.0094487192
0.0474568680
0.0267491732
0.0033274093
0.0554082841
0.0061074868
0.0424709953
0.0681025460
0.0605739020
0.0051371162
0.0289919358
0.0071094278
0.0186499935
0.2098466754
0.0637795031
0.0466393046
0.0108948359
0.0052655335
0.0113002257
0.0038559046
0.0184345860
0.0142798377
0.0458023809
0.8771141768
0.0117510557
0.0289849732
0.9558397532
0.0035386994
0.0169475768
0.0064700851
0.0283853635
0.0409539752
0.0080276318
0.0200007204
0.0370187350
0.0590655394
0.0532773584
0.0179964472
0.0552397966
0.0496716574
0.0142602548
0.0389801338
0.0157509539
0.0176495966
0.0047873384
0.0132540334
0.0336494595
0.0299920663
0.0129127065
0.0061338237
0.0213646740
0.0118826311
0.0335866660
0.0070368503
0.0054486874
0.0551088266
0.0298803803
0.0201046001
0.0139531149
0.0483046919
0.0188508648
0.0339645185
0.0521313250
0.0360951126
0.0102929082
0.0280518848
0.0644527599
0.0435886048
0.0646125525
0.0499146357
0.0599484965
0.0461859964
0.0267405789
0.0426503532
0.0173306763
0.0697086677
0.0266022198
0.0357151814
0.0535009764
0.0097847385
0.0676219687
0.0033553028
0.0069637871
0.0149721932
0.0413071439
0.0598827749
0.0197903365
0.0438554399
0.0400663689
0.0047150380
0.0707176179
0.0539175309
0.0254575796
0.0552146994
0.0054181372
0.0039744941
0.0406847447
0.0099744117
0.0419805720
0.0206323881
0.0133145303
0.0080926865
0.0237288475
0.0127056865
0.0154802296
0.0061162156
0.0039328034
0.0638686270
0.0491649173
0.0073348950
0.0087825414
0.0337320268
0.0251685847
0.0727903992
0.0109633040
0.0583635233
0.0135733439
0.0458592586
0.0316860266
0.0139520587
0.0043565650
0.0683402792
0.0363486819
0.0458621085
0.0346342959
0.0499989800
0.0596480034
0.0033734480
0.0087140677
0.0066169011
0.0156052569
0.0113413809
0.0100322617
0.0244747680
0.0130468374
0.0557769388
0.0661050454
0.0227828566
0.0149824647
0.0726503879
0.0048310454
0.0539804585
0.0355169848
0.0613368899
0.0125341639
0.0047050668
0.0179480277
0.0365104116
0.0039482918
0.0041043907
0.0032782929
0.0091737332
0.0395195484
0.0031607279
0.0157400742
0.0343152508
0.0030896980
0.0129080825
0.0054319473
0.0039219409
0.0639366731
0.0190789290
0.0570448190
0.0338035040
0.9191639423
0.0137941521
0.0304816961
0.0366970561
0.0169512574
0.0219326969
0.7995577455
0.0582001917
0.0143906455
0.0496442989
0.0437938869
0.0219193231
0.0111215599
0.0439450704
0.0290939994
0.0445121452
0.0690090358
0.0033172332
0.0034621763
0.0349717997
0.0604759715
0.0161798485
0.0186897330
0.0591479465
0.0275951494
0.0133045204
0.0048231333
0.0157795977
0.0525837615
0.0367855728
0.0229074974
0.0156586207
0.0207554027
0.0044164462
0.0411068685
0.0501879342
0.0049999594
0.0046134950
0.0061808620
0.0730943307
0.0062867245
0.0198246688
0.0086018080
0.0095975325
0.0700171739
0.0034811778
0.0670152679
0.0114007294
0.0034715955
0.0233597774
0.0104181087
0.0105606383
0.0037169098
0.0043356381
0.0288449768
0.0191569049
0.0071538021
0.0029961593
0.0595709980
0.0298879687
0.0233898051
0.0648388863
0.7932896614
0.0141978199
0.0660089105
0.0061692065
0.0168955158
0.0130566945
0.0034972271
0.0047379825
0.1229557991
1.0157155991
0.0192204434
0.0331075042
0.0107214833
0.0347612463
0.0083726374
0.0299302749
0.0226800218
0.0279102772
0.0046494487
0.0345593207
0.0548660606
0.0310188066
0.0252955090
0.0460710824
0.0166639201
0.0134984422
0.0142946187
0.0125088654
0.0117194513
0.0322204717
0.0091443099
0.0178112909
0.0473818667
0.0538449995
0.0681645349
0.0521069244
0.0344079621
0.0370847024
0.0052477755
0.0236246828
0.0235266630
0.0730456114
0.0381449088
0.0293468554
0.0435024984
0.0054992889
0.0184190869
0.0049580811
0.0639830828
0.0075558149
0.0141504519
0.0100472244
0.0303833466
0.0043439856
0.0365678109
0.0295634978
0.7629498243
0.0044093747
0.0405983850
0.0141188977
0.0486643203
0.0683061555
0.0216236580
0.0121945133
0.0178196393
0.0552892759
0.0141654639
0.0674736500
0.0394852795
0.0149764419
0.0302534569
0.0060338676
0.7550899982
0.0332135148
0.0128479730
0.0319238044
0.0057456139
0.0052383733
0.8229399920
0.0100646047
0.0102262301
0.0724520236
0.0329820961
0.0312823169
0.0388916358
0.0157752261
0.0121904565
0.0197906122
0.0147932367
0.0051213428
0.0227271952
0.0204619858
0.0692497119
0.0433769636
0.0494090654
0.0066392370
0.0624570474
0.0538045987
0.0530123077
0.0452192463
0.0372837931
0.0051856409
0.0185078494
0.0545487031
0.0279716756
0.0106157297
0.0717528313
0.0082529886
0.0327686742
0.0189812686
0.0118224965
0.0344274677
0.0138185620
0.0197025854
0.0345330462
0.0034927179
0.0138281938
0.0399487279
0.0089681791
0.0244838893
0.0171108302
0.0674513876
0.0669561550
0.0441820808
0.0120895188
0.0060915453
0.0114475181
0.0116558736
0.0085498383
0.0668297857
0.0088005327
0.0158477295
0.0330823250
0.0123457639
0.0293318853
0.0394939482
0.0069822245
0.0181714892
0.0156779252
0.0088909203
0.0543306209
0.0166089535
0.0489129797
0.0059431228
0.0567195863
0.0030873441
0.0190891847
0.0598483570
0.0609615855
0.0597473979
0.0516878963
0.0034030043
0.0180221088
0.0224803090
0.0042924420
0.0029310549
0.0115609290
0.0099860700
0.0102787185
0.0180731267
0.0303255990
0.0044149561
0.0116951047
0.0173413288
0.0261599533
0.0493473597
0.0339503810
0.0172442794
0.0283022225
0.0196404234
0.0369049422
0.0684896782
0.0140218344
0.0094256634
0.0273679011
0.0638481677
0.0281229019
0.0347744562
0.0069316835
0.0241488572
0.0542507619
0.0117626581
0.0303902943
0.8724277616
0.0155501440
0.0364693440
0.0132671436
0.0233555883
0.0561949387
0.0169695243
0.0606943332
0.0053605502
0.8965380192
0.0685735941
0.0533957183
0.0431246944
0.0134095699
0.0066903564
0.0263910815
0.0553652719
0.0088471267
0.0042897649
0.0095498078
0.0034126502
0.7613593340
0.0715263113
0.0252160262
0.0399902835
0.0199062042
0.0272455122
0.0107049774
0.0071847090
0.0615505166
0.0423596725
0.0693555027
0.0134713650
0.0412122048
0.0307989549
0.0318962149
0.0459774956
0.0075680404
0.0611910000
0.0033275499
0.0658958182
0.0212172568
0.0728728697
0.0228390116
0.8266922235
0.0563236028
0.0099655092
0.0182838012
0.0182712805
0.0216296241
0.0656575114
0.0083646057
0.0377263911
0.0187775549
0.0033391356
0.0338388421
0.0089890910
0.0483735949
0.0098939855
0.0061105881
0.0376702026
0.0144467894
0.0178812500
0.0151904225
0.0521805435
0.0032561126
0.0536786653
0.0191291198
0.0549429096
0.0126376012
0.0376649052
0.0566886663
0.0447214581
0.0104018645
0.0092270896
0.0109657375
0.0220907256
0.0051019923
0.0728287399
0.0032858890
0.0059233578
0.0102343708
0.0135885207
0.0648514330
0.0107872467
0.0340975560
0.0125447400
0.0282675326
0.0100545138
0.0090001738
0.0133576253
0.0548733249
0.0090075210
0.0142620653
0.0030123962
0.0106124943
0.0554257743
0.0106246006
0.0713968500
0.0107265720
0.0290415268
0.0499563999
0.0045721792
0.0141972238
0.0402223840
0.0036366300
0.0411174633
0.0096225515
0.0062174723
0.0614452772
0.0372325033
0.0595920496
0.0437835231
0.0399115086
0.0068830471
0.0434372388
0.0502870344
0.0658317730
0.0048573632
0.0056260480
0.0442977473
0.0144177573
0.0517802127
0.0049412223
0.0202701576
0.0216207635
0.0297797937
0.0219624471
0.0153468689
0.0116502373
0.0374719128
0.0173301008
0.0345774032
0.0249458980
0.0342557020
0.0232202336
0.0320070162
0.0163203366
0.0201403312
0.0043226420
0.0121228807
0.0128994733
0.0041467403
0.0126998080
0.0140263643
0.0088358326
0.0032208713
0.7864388824
0.0379759856
0.0147392880
0.0434885882
0.0448089689
0.0553519651
0.0087778000
0.0536923930
0.0152307292
0.0032452773
0.0041876803
0.0519543476
0.0045411545
0.0667861700
0.0223746393
0.0477538705
0.0706806183
0.0066249445
0.0155294240
0.0473949648
0.0389970355
0.0171564613
0.0286048222
0.0252974536
0.0157844350
0.0404661000
0.0256931260
0.0476302095
0.0704488456
0.0109539777
0.0146741448
0.0488498621
0.0084154857
0.0281382650
0.0061161905
0.3937541246
0.0236038789
0.6852231026
0.0044042701
0.0522923730
0.0668656677
0.0286398456
0.0070943548
0.0201873556
0.0294257868
0.0344097577
0.0223577097
0.0276431199
0.0166407339
0.0611868873
0.0602971390
0.0288824216
0.0106935017
0.0120695783
0.0124471905
0.0444222465
0.0042412383
0.0505039953
0.0233201049
0.0163428541
0.0134662231
0.0121950377
0.0200877786
0.0637787357
0.0309749078
0.0069798287
0.0177400392
0.0162138846
0.0764765963
0.0123359868
0.0122527815
0.0600713082
0.0271037612
0.0226511676
0.0503589623
0.0482043140
0.0276880600
0.0186763238
0.0386352427
0.0344830789
0.0029814623
0.0088026850
0.0233142972
0.0145617090
0.0146525176
0.0047201253
0.0083279461
0.0036871913
0.0464303978
0.0730396137
0.0517511256
0.0054625510
0.0600415803
0.0184257012
0.0249510221
0.0051794951
0.0113001289
0.0476463623
0.0073003438
0.0256328527
0.0124905454
0.0553327873
0.0064968606
0.0098017268
0.4808393717
0.0623576008
0.0243252739
0.0298699215
0.0067137801
0.0528002679
0.0092240442
0.0252035130
0.0568890683
0.0084060961
0.0389692448
0.0156871695
0.0076741562
0.0141589697
0.0495177023
0.0101882061
0.0310198050
0.0131056225
0.0088549340
0.0146695692
0.0054901876
0.0276950281
0.0166486688
0.0376413539
0.0072586136
0.0328576304
0.0281258281
0.0359032974
0.0119020203
0.0583638549
0.0065577417
0.0031424775
0.0115146786
0.0084981266
0.0325644538
0.0269729178
0.0257585403
0.0480793677
0.0222583432
0.0122337993
0.0050840271
0.0517715290
0.0116140200
0.0084027108
0.0612611957
0.0038209944
0.0314295068
0.0609273389
0.0296359286
0.0332897604
0.0350329801
0.0114263678
0.0680762604
0.0108289793
0.0152241569
0.0098084109
0.0311028864
0.0034525418
0.0711993277
0.7574357390
0.0072647231
0.0307978746
0.0118142273
0.0286751799
0.0059284298
0.0089361174
0.0479220599
0.0235860981
0.0706214458
0.0045022806
0.0244689249
0.0049427520
0.0257634819
0.0109796012
0.0296574365
0.0033328256
0.0437475480
0.0049995813
0.0064420765
0.0033106469
0.0081040645
0.0698496178
0.0063357428
0.0273707341
0.0030852996
0.0461539254
0.0355969705
0.0698341802
0.0065448242
0.0073679066
0.0657063648
0.0088500530
0.0083767576
0.0234561656
0.0651706532
0.0073856171
0.0102933515
0.0448846817
0.0126207201
0.0708247870
0.0103519903
0.0076614264
0.0093133571
0.0300666559
0.0160243344
0.0125732096
0.0103634121
0.0120555684
0.0060641342
0.0617777742
0.0720145181
0.0074845008
0.0375585482
0.0537017807
0.0081056384
0.0604453906
0.0517082065
0.0383898616
0.0720390826
0.0609140843
0.0258149449
0.0451607108
0.0666440502
0.0614960454
0.0112908334
0.0293984171
0.0047990857
0.0109296534
0.0471356697
0.0472613126
0.0188169125
0.0456430577
0.0064482586
0.0035404956
0.0290146600
0.0259223282
0.0538136326
0.0310455579
0.0515047386
0.0579093061
0.0399149209
0.0145601286
0.0701235607
0.0042894562
0.0365362801
0.0634350255
0.0175235532
0.0253990218
0.0668954626
0.0030330077
0.0081299292
0.0370733775
0.0069919745
0.0678495690
0.0677217394
0.0069260723
0.0227343123
0.0501189046
0.0248545539
0.0193403736
0.0064779744
0.0174477901
0.0484340936
0.0029692054
0.0227212980
0.0654235259
0.0670264959
0.0188172702
0.0179531164
0.0091719972
0.0151642738
0.0500127114
0.0180112403
0.0439665653
0.0351243690
0.0181818455
0.0200034529
0.0043427907
0.0049768141
0.4376906455
0.0138768097
0.0657684579
0.0404158682
0.0281478725
0.0589127652
0.0243289545
0.0369815305
0.0370102972
0.0039365697
0.0090959184
0.0207968764
0.0555204898
0.0294767488
0.0728070587
0.0481723212
0.0247990973
0.0573213622
0.0059565092
0.0713733360
0.0315095447
0.0294850301
0.0087073827
0.0384597965
1.0261415243
0.0363472253
0.0492735058
0.0503695458
0.0102451071
0.0134949563
0.0347247124
0.0549547747
0.0174664557
0.0532158203
0.0082899798
0.0411516391
0.0076394761
0.0058699772
0.0068347319
0.0301930979
0.0289708450
0.0470689014
0.0444089212
0.0102099348
0.0088536860
0.0241072271
0.0050034495
0.0258166026
0.0085963905
0.0037087419
0.0472734980
0.0589491427
0.0048241992
0.0499244928
0.0039754882
0.0222902261
0.0674599409
0.0383202881
0.0118617490
0.0619642250
0.0199350566
0.0059650387
0.0375029743
0.0298157353
0.0115195103
0.0204024035
0.0110381274
0.0287578423
0.0129981264
0.0284422692
0.0654454455
0.0656915680
0.0067897737
0.0031724987
0.0101981955
0.0181609374
0.0202847663
0.9742731452
0.0083373338
0.0129253771
0.0120342951
0.0056191203
0.0080931885
0.0381311104
0.0233600996
0.0126028825
0.0163767766
0.0453725196
0.0419378728
0.0071384404
0.0181216151
0.0031651191
0.9319808483
0.0128804250
0.0405714139
0.0158745442
0.0485900082
0.0422777906
0.0467291325
0.1209987104
0.0036223263
0.0496264584
0.0188569315
0.0074542393
0.0031339198
0.0320724249
0.0431929789
0.0046346602
0.0218161549
0.0460279100
0.0431447439
0.0087054297
0.0116268126
0.0035947813
0.0664688945
0.0176170375
0.0529465675
0.0035856694
0.0105660241
0.0404482558
0.0209027659
0.0492246412
0.0059058587
0.0115000261
0.0356904529
0.0286077000
0.0213655736
0.0077201561
0.0101313516
0.0222652312
0.0031488270
0.0097107897
0.0223396402
0.0107982904
0.0133957285
0.0486160554
0.0605768003
0.0574230663
0.0029203563
0.0250394437
0.0052998550
0.1090404838
0.0033276454
0.0245735366
0.0211785845
0.0133539354
0.0693447143
0.0486700758
0.0467362031
0.0090751015
0.0487489030
0.9744747281
0.0254238676
0.0122170057
0.0268414635
0.0143273585
0.0284965150
0.0156599805
0.0474950373
0.0216856189
0.0224130936
0.0590742938
0.0084540360
0.0371439718
0.0062004272
0.0286728777
0.0118689723
0.0344091058
0.0275856871
0.0673597902
0.0389741249
1.0459375381
0.0037196383
0.0326316394
0.0422162004
0.0108568436
0.0154520338
0.0087382961
0.0508783869
0.0078738807
0.0044274321
0.0391526148
0.0630036816
0.0397802927
0.0089646969
0.0280026328
0.0300876480
0.0303309374
0.0058824588
0.0512257330
0.0041040019
0.0645862520
0.0035021964
0.0412254222
0.0278383456
0.0166572817
0.0652625933
0.0424807929
0.0556700155
0.0068343435
1.0202351809
0.0053766291
0.0306985807
0.0502200350
0.5057080388
0.0386493765
0.0498373471
0.0727097169
0.0225326028
0.0387953892
0.0345838629
0.0036456408
0.0084697446
0.0069294674
0.0142512918
0.0232238248
0.0155892055
0.0459235460
0.0302251298
0.0183667652
0.0056156428
0.0340319052
0.0117108664
0.0123892687
0.0174197592
0.0243495125
0.0032222304
0.0085471980
0.0188225415
0.0356743038
0.0117043778
0.0093560982
0.0095159598
0.0146357343
0.0172142982
0.0083041489
0.0279241093
0.0240849368
0.0457340255
0.0152042024
0.0091231298
0.0364454463
0.0054467348
0.0052223336
0.0293196738
0.0285657700
0.0670835301
0.0067283781
0.0487876646
0.0701099038
0.0118665919
0.0090713771
0.0049396898
0.0239509214
0.0054131127
0.0103149004
0.0176274236
0.0038408928
0.0064874836
0.0187208466
0.0094996206
0.0335611403
0.0567904413
0.0043023899
0.0211992953
0.0517723188
0.0068292948
0.0255410876
0.0472939685
0.0304247458
0.0327802412
0.0661337599
0.0406712703
0.0048453687
0.0238527842
0.0455550216
0.0129166264
0.0445540734
0.0072072125
0.0095273275
0.0195617843
0.0048071533
0.0612229183
0.0709619299
0.0469696149
0.0328580961
0.0641971901
0.0030325642
0.0094757080
0.0164386574
0.0539428703
0.0483870953
0.0080686407
0.0039942306
0.0187754892
0.0199031588
0.0125884525
0.0549168475
0.0153090321
0.0041952501
0.0056619202
0.0618297048
0.0581467636
0.0609773062
0.0045181131
0.0467118174
0.0130336639
0.0168373846
0.0491664372
0.0346506946
0.0319674760
0.0153454086
0.0546672158
0.0118487971
0.0497223102
0.0034457033
0.0296248440
0.0047310349
0.0032767421
0.0610799789
0.0074837557
0.0058241528
0.0400652550
0.0509932898
0.0266521387
0.0108226091
0.0292487387
0.0245869588
0.0414146967
0.0043179342
0.0074384133
0.0042396965
0.0334589705
0.0499338396
0.0295175482
0.0031589025
0.0248041935
0.0035266399
0.0169331226
0.0162795633
0.0103284204
0.0473597348
0.0078107957
0.0410161689
0.0294627193
0.0305573847
0.9766215682
0.0624224953
0.0051946752
0.0092384527
0.0572317019
0.0496751554
0.0203821212
0.0084103104
0.0426300541
0.0031430440
0.0162434299
0.0631640032
0.0148299420
0.0703249127
0.0586148836
0.0286058206
0.0552661791
0.0156836659
0.0128028858
0.0530934781
0.0041538617
0.0148630077
0.0548525117
0.0041102320
0.0041799704
0.0039102021
0.0235044267
0.0577333346
0.0423221663
0.0047751633
0.0032253326
0.0658678710
0.0107924007
0.0243000258
0.0029303045
0.0245700721
0.0081238858
0.0519960709
0.0311678164
0.0035816727
0.0328408256
0.0551113114
0.0030797278
0.1383348107
0.0248217061
0.0301820859
0.0051907701
0.0206587762
0.0544025563
0.0037543538
0.0483590066
1.1173083782
0.0117306551
0.0084121516
0.0620765835
0.0395844616
0.0632526502
0.0493137501
0.0303448979
0.0199456774
0.0469230376
0.0108908946
0.0539942309
0.7871045470
0.0371004790
0.0082874186
0.0042783949
0.0636584461
0.0467104949
0.0375689194
0.0032621284
0.0069914307
0.0610306896
0.0285153762
0.0186425112
0.0455770381
0.0367865786
0.0301615242
0.0663516447
0.0362851098
0.0321318395
0.0457544960
0.0477517806
0.0042902934
0.0224880185
0.0031641584
0.0684655681
0.0272055455
0.0497677177
0.0703551918
0.0034870810
0.0567727871
0.0268933997
0.0097161308
0.0672230199
0.0147417290
0.0223110374
0.0102166319
0.0512458086
0.0130249355
0.0483632386
0.0551618151
0.0668979287
0.0448964313
0.8836488724
0.0528395288
0.0536625832
0.0323245041
0.0156292059
0.0158225503
0.0261747465
0.0114239249
0.0232609790
0.0031033303
0.0271000545
0.0598642081
0.0072913165
0.0140696941
0.0032211831
0.0065157851
0.0242170282
0.0170720331
0.0576529615
0.0229540877
0.0661801025
0.0093686190
0.0550397895
0.0107079335
0.0153563628
0.0443454199
0.0489289872
0.0200198796
0.0032274332
0.0038777213
0.0044147787
0.0577699281
0.0312662870
0.0119997505
0.0522291698
0.0132194851
0.0316697694
0.0469680168
0.0283174757
0.0145620061
0.0379715450
0.0044953129
0.0697172880
0.0292562395
0.0055926745
0.0073460089
0.0538378097
0.0069466070
0.0194738172
0.0475977734
0.0199321471
0.0598853901
0.0037752651
0.0076993657
0.0177481622
0.0395565294
0.0059315637
0.0520812310
0.0030237341
0.0265302323
0.0054878308
0.0354979187
0.0463630557
0.0083424738
0.0339538641
0.0423722789
0.0361337885
0.0521219261
0.0078016846
0.0433375239
0.0617537461
0.0080723362
0.0174620971
0.0085092988
0.0062223347
0.0770581365
0.0154654691
0.0041618100
0.0112541029
0.0209390856
0.0362882875
0.0035040884
0.0029643208
0.0663241223
0.0476408750
0.0294569526
0.0071991445
0.0620258823
0.0154463276
0.0102162231
0.0186863746
0.0450181291
0.0042956071
0.0295681451
0.0156331547
0.0083238920
0.0460194834
0.0115114097
0.0245751645
0.0157796703
0.0281015839
0.0116812699
0.0167249218
0.0078018517
0.0284179337
0.0119126868
0.0184043739
0.0441591516
0.0174519178
0.0265509728
0.0478497110
0.0055029499
0.0341314264
0.0286661237
0.0037608393
0.0270744059
0.0271248110
0.0226687267
0.0189367123
0.0648575872
0.0120875761
0.0570415780
0.0157397296
0.0168687422
0.0054673264
0.0036440548
0.0603396930
0.0474112667
0.0033710548
0.0121593205
0.0529147945
0.0449619554
0.0194781963
0.0186140537
0.9835798144
0.0605598539
0.0496204197
0.0031038804
0.0029872644
0.0132735772
0.0683839545
0.0107843857
0.0399949476
0.0712115690
0.0459456109
0.0317242108
0.0548496731
0.0068350439
0.0058756750
0.0226421058
0.0693760589
0.0384160206
0.0723511055
0.0375869237
0.0069510010
0.0084264111
0.0708417222
0.0074008876
0.0307085384
0.0535521060
0.0137933400
0.0038983021
0.0158340894
0.0052047046
0.0041410946
0.0566239171
0.0699742287
0.0728442669
0.0187883787
0.0042480999
0.0115157291
0.0090527833
0.0192391984
0.0549320057
0.0035583240
0.0561904572
0.0264392737
0.0383266993
0.0386969857
0.0166632738
0.0120501034
0.0270589888
0.0345326364
0.0572628006
0.0202504452
0.0539614893
0.0273574889
0.0110809533
0.0093035363
0.0480367318
0.0509375520
0.0145934615
0.0549508668
0.0486766249
0.0380858257
0.0488099866
0.0259442050
0.0037739351
0.0062994403
0.0027054616
0.8141413927
0.0050278753
0.0041542170
0.0033314426
0.0547524132
0.0090490384
0.0402629524
0.0033161698
0.0172624979
0.0237135570
0.0569939725
0.0190040022
0.0088141933
0.0340772457
0.0665915534
0.0353350863
0.0299057923
0.0460686982
0.0128953485
0.0348280035
0.0713593662
0.0288100727
0.0148360925
0.0097012147
0.0136163058
0.0699674338
0.0228005629
0.0081510413
0.0120330732
0.0060140253
0.0295410957
0.0512080975
0.0414181985
0.9707744122
0.9121478796
0.0314662643
0.0681630224
0.0170591567
0.0493132211
0.0061426680
0.0115655577
0.0108011533
0.0407486446
0.0106865894
0.0128474142
0.0368542932
0.0268107634
0.0104289828
0.0373539962
0.0061619044
0.0127323549
0.0509743169
0.0057328432
0.0447437689
0.0218466446
0.0239898320
0.0086216861
0.0177631024
0.0619126298
0.0158005115
0.6710909009
0.0125038298
0.0082295127
0.0085300440
0.0269505568
0.0573761575
0.0237946827
0.0061505507
0.0072144032
0.0258100927
0.0304023419
0.0234400574
0.0462753363
0.0174342338
0.0561202765
0.0448140018
0.0214857254
0.0065054004
0.0078063244
0.0711591393
0.0552099496
0.0150635801
0.0660699531
0.0050259936
0.0123361154
0.0060541844
0.0079853935
0.0512003638
0.0086660776
0.0105028860
0.0076526804
0.0086478451
0.0072613228
0.0595865101
0.0389442593
0.0507823266
0.0438591912
0.0041057281
0.0037441391
0.0615579709
0.0677176863
0.0106896469
0.0668426976
0.0045630112
0.0480559617
0.0444265008
0.0283525158
0.0053388411
0.0439819545
0.0120773800
0.0369101278
0.0188075788
0.0098029394
0.0314013772
0.0337569714
0.0126293562
0.0314934030
0.0129961120
0.0089378944
0.0230437331
0.0031097683
0.0180973019
0.0320783593
0.0667374954
0.0450576916
0.0075751212
0.0284765232
0.0453380384
0.8547488451
0.0605194718
0.0681580678
0.0293615591
0.0233135149
0.0154568432
0.0273584407
0.0350592695
0.0425257199
0.0210754126
0.0128141539
0.0122757480
0.0372881070
0.0114615150
0.0427196175
0.0098323431
0.0171130393
0.0698960498
0.0051382720
0.0301401056
0.0301684160
0.0214444306
0.0101062227
0.9861889482
0.0033793079
0.0342349634
0.8380065560
0.0220381562
0.0033068203
0.0419197306
0.0208785087
0.0200671833
0.0651385114
0.0097026005
0.0703629628
0.0180264469
0.0564145558
0.0697331801
0.0617115349
0.0053842100
0.0309562907
0.0135665666
0.0081540681
0.0175068621
0.0092164287
0.0078813806
0.0566455722
0.0075994954
0.0059703109
0.0045402129
0.0048689125
0.0395867452
0.0303392392
0.0342931934
0.0173685271
0.0240584966
0.0110291466
0.0576304384
0.0446745232
0.0618306845
0.0091059916
0.0502685457
0.0397662520
0.0674225688
0.0307507347
0.0200497694
0.0697474554
0.0716104135
0.0140421716
0.0509066209
0.0079883197
0.0283000506
0.0517159663
0.0186805185
0.0147271380
0.0102489898
0.0601319037
0.0371153392
0.0417120084
0.0093960455
0.0091025624
0.0051284246
0.0067091570
0.0227002017
0.0060489797
0.0156954229
0.0672076494
0.0133137684
0.0352640189
0.0199609976
0.0197342560
0.0067922142
0.0033950261
0.0411551669
0.0228591114
0.9829566479
0.0136495633
0.0430548191
0.0075311908
0.0285140947
0.0396333635
0.0411587842
0.0069247228
0.0440417528
0.0644503087
0.0322300345
0.0054752035
0.0193058401
0.0576323569
0.0168377515
0.0292193443
0.0528577082
0.0376649536
0.0536535531
0.0062565468
0.0131840706
0.0068097119
0.0426585376
0.0423955210
0.0029306761
0.0207804255
0.0610392541
0.0552234352
0.0310032833
0.0261809733
0.0154826893
0.0068447990
0.0116823390
0.0424447060
0.0271087140
0.0375506468
0.9850878716
0.0448308401
0.0124090947
0.0185269918
0.0031454025
0.0032014686
0.0122554889
0.0150451288
0.0053493977
0.0093565518
0.0522285886
0.0040229866
0.0249878410
0.0046859602
0.0280087590
0.0069632386
0.0044757263
0.0118251918
0.0306337848
0.0087285982
0.0049963607
0.0164062120
0.0167483650
0.0649686307
0.0252869371
0.0237681586
0.0403731093
0.0029333550
0.0407510884
0.0055418648
0.0098747471
0.0045739980
0.0100483242
0.0468707122
0.0082354741
0.0104632154
0.0120389275
0.0538241006
0.0192310736
0.0086854054
0.0295524281
0.0721228719
0.0106067779
0.0115622263
0.0471440107
0.0187108815
0.0393824503
0.0495160148
0.0370372944
0.0496154539
0.0643381327
0.0291571431
0.0588351823
0.0430447012
0.0063559795
0.0074044559
0.0709274486
0.0534705035
0.0143464804
0.0130008142
0.0100835143
0.0390203856
0.0520859286
0.0153432461
0.0502531826
0.0102878250
0.0151031185
0.0050300350
0.0034911614
0.0198307671
0.0029656212
0.0522721373
0.0281891022
0.0441699773
0.0271873921
0.0092995418
0.0099747377
0.0283748750
0.0566887558
0.0728450716
0.0131253814
0.0270148441
0.0032762715
0.0066055520
0.8338953853
0.0255006608
0.0084471302
0.0278674979
0.0584714971
0.0239640884
0.0049566841
0.0535405464
0.0128233731
0.0493844301
0.0254521742
0.0580923036
0.0032360805
0.0571181066
0.0104883118
0.0631017461
0.0562776737
0.0046336362
0.0062133316
0.0621355437
0.0600684099
0.0042852936
0.0031587824
0.0046985019
0.0294766985
0.0317123570
0.0312472358
0.0043732808
0.0038826892
0.0191442221
0.0233919937
0.0120672854
0.0156011330
0.0712112039
0.0248748790
0.0281409826
0.0610679612
0.0039881668
0.0064650262
0.0044368156
0.0564874001
0.8917131424
0.0418544933
0.0032837952
0.0045508132
0.0389252603
0.0151481461
0.0071930760
0.0085378261
0.0110624675
0.0098249745
0.0187181942
0.0036524651
0.0075980774
0.0365448743
0.6977670193
0.0697959661
0.0041570570
0.0039967783
0.0490375496
0.0098428633
0.0403898992
0.0166501980
0.0125589771
0.0081829736
0.0146113075
0.0292870998
0.0200596228
0.0064369091
0.0104606999
0.0647693500
0.0283233970
0.0574712344
0.0056554060
0.0639131144
0.0360547528
0.0056250226
0.0540536009
0.0180707034
0.0055436119
0.0150230555
0.0088100815
0.0149377547
0.0413219370
0.0314884633
0.0666223615
0.0349519067
0.0375703648
0.0029303092
0.0036409397
0.0295847971
0.0534018017
0.0046341601
0.0251775868
0.0212495476
0.0085681183
0.0156510677
0.0478819571
0.0214257967
0.0502040498
0.0274541210
0.0693059117
0.0570926517
0.0649413466
0.0171325840
0.0222109426
0.0659079254
0.0037236076
0.0098360227
0.0050338581
0.0192116667
0.0468700081
0.0064770887
0.7673103213
0.0097703720
0.0053865439
0.0342454351
0.0100646671
0.0086620981
0.0029516863
0.0091939913
0.0134879788
0.0670067668
0.0309859868
0.8372493386
0.0675764829
0.0333793275
0.0252741575
0.9278382659
0.0363805443
0.0037424061
0.0294187479
0.0314850099
0.0145330131
0.0225162227
0.0052782712
0.0350685641
0.0074079996
0.0127002737
0.0547998808
0.0234364085
0.0659273490
0.0721007884
0.0308532733
0.0240278561
0.0144674601
0.0228075404
0.0398429036
0.0034244331
0.0256348904
0.0721396729
0.0059144059
0.0333076529
0.0186106320
0.0146250976
0.0184774827
0.0080501894
0.0653401315
0.0036387327
0.0380632952
0.0043466589
0.0621846989
0.0121762957
0.0559366383
0.0106712962
0.0562574118
0.0135915549
0.0528978109
0.0263370275
0.0115802353
0.0093703512
0.0062376643
0.0082997605
0.0669349357
0.0070714951
0.0545948371
0.0297281146
0.0201967806
0.0391553752
0.0028846092
0.0151276356
0.0029883436
0.0114183007
0.0342361741
0.0592845753
0.0602391399
0.0560278445
0.0205004457
0.0130156288
0.0715695024
0.0295143612
0.0493067317
0.0144775845
0.0035829060
0.0031692430
0.0182154402
0.0671814904
0.0621186271
0.0315769650
0.0486487597
0.0247370005
0.0274344310
0.0632102489
0.0286989957
0.0525704995
0.0416879170
0.0297630262
0.0326328762
0.0062868968
0.0029279382
0.0158641785
0.0069051562
0.0077781794
0.0288858898
0.0071776733
0.0517104380
0.0300518740
0.0128424997
0.0226645209
0.0211148802
0.0038259793
0.0377537683
0.0454026870
0.0701270476
0.0148601551
0.0257222671
0.0315938219
0.0282622781
0.0060948585
0.0466233082
0.0333467722
0.0205761828
0.0234379563
0.0314093269
0.0471947007
0.0209430847
0.0136663830
0.0211854540
0.9474601746
0.0064384295
0.0032287519
0.0577347316
0.0135318553
0.0595849156
0.0071301237
0.0216135476
0.0355055369
0.0355328880
0.0238826163
0.0194082540
0.0278175231
0.0084529184
1.0204336643
0.0065108207
0.0400343202
0.4587920904
0.0340706520
0.0906586349
0.0108724209
0.0143371951
0.0235546343
0.0576653220
0.0568456985
0.0053368430
0.0080592027
0.0498276055
0.0031524973
0.0258020461
0.0406854041
0.0351607539
0.0092243338
0.0360831581
0.0248551145
0.0486045294
0.0163174737
0.0037686704
0.0116259903
0.0099213943
0.0719076619
0.0510849655
0.0086779902
0.0357509367
0.0067650080
0.0436837934
0.0073333671
0.0110308025
0.0568052344
0.0169218872
0.0189916193
0.0055719088
0.0225377008
0.0234996974
0.0392242782
0.0229405034
0.0350398533
0.0257500112
0.0340463147
0.0071184891
0.0132646831
0.0075441371
0.0319611914
0.0068582972
0.0519239940
0.0051686424
0.0415433496
0.0549004301
0.0312023610
0.0230735503
0.8713461161
0.0038677070
0.0285276845
0.0029105619
0.0607462525
0.0688039809
0.0150280213
0.0090885283
0.0704286247
0.0039997189
0.0055409134
0.7090855837
0.0494395271
0.0118335271
0.0550331399
0.0573488921
0.0378705002
0.0037934678
0.0088034198
0.0180061888
0.0268321075
0.0124255363
0.0174866319
0.0496565998
0.0085761640
0.0574267507
0.0617984124
0.0687708408
0.0511619747
0.0672560036
0.0132479062
0.0043284837
0.0087380195
0.0195753258
0.0618944205
0.0459962189
0.0331902765
0.0333497114
0.0256855097
0.0157750249
0.0175939146
0.0065951678
0.0151140448
0.0597814508
0.0581751727
0.0091984477
0.0207127873
0.0663740933
0.0171629228
0.0488103628
0.0567920171
0.0029319087
0.0087164622
0.0654526055
0.0169457924
0.0790143907
0.0612643100
0.0389838554
0.0435020588
0.0141962981
0.0031643545
0.0274458062
0.0104848538
0.0089933220
0.0478666387
0.0539129190
0.0395866111
0.0536434464
0.0700412542
0.0144493533
0.0162304733
0.0105712423
0.0083920369
0.0375868082
0.0290104020
0.0225537624
0.0033660771
0.0092193289
0.0065179975
0.0333336927
0.0169296172
0.0470159389
0.0457952283
0.0174176116
0.0676406696
0.0354955643
0.0328407884
0.0091890842
0.0710909292
0.0044764597
0.0446241684
0.0068077301
0.0170297548
0.0123149669
0.0482283197
1.0297483206
0.0237299372
0.0475988798
0.0031454593
0.0067840395
0.0639132932
0.0265441239
0.0071778828
0.0598013103
0.0503039472
0.0038246573
0.0034122602
0.0174601320
0.0314371325
0.0043444084
0.0669543073
0.0165940486
0.0192215871
0.0214894842
0.0064070215
0.0523126461
0.0363622680
0.0307861846
0.0310741831
0.0096027814
0.0401000939
0.0219863970
0.0176862441
0.0553893410
0.0373837911
0.0116867581
0.0135680269
0.0346059650
0.0038808801
0.0034707873
0.0543609858
0.0051512360
0.7487999201
0.0362639502
0.0154855102
0.0041837576
0.0725637153
0.0141459312
0.0132242404
0.0035164396
0.0220047925
0.0163555201
0.0068604844
0.0058656149
0.0041122669
0.0076816520
0.0222208109
0.0206778906
0.0421347134
0.0121295080
0.0035882387
0.0079394011
0.0099756448
0.0030419719
0.0127651673
0.0615385622
0.0059074610
0.0043217121
0.0676845685
0.0259032398
0.0715086609
0.0207056310
0.0092873266
0.0039103171
0.0052000596
0.8890427351
0.0716042891
0.0261478871
0.0042648516
0.0037313958
0.0197273269
0.0562240593
0.0345674604
0.0336341672
0.0089047579
0.0469920635
0.0275558829
0.0570973903
0.0076960903
0.0204550531
0.0071950369
0.0140641257
0.0552786887
0.0291550178
0.0389666408
0.0251431949
0.0417942293
0.0323803425
0.0077917925
0.0107248425
0.0083360868
0.0281501953
0.0278853085
0.0558748096
0.0119968224
0.0209737457
0.0620421879
0.0534157455
0.0394817442
0.0483577251
0.0656638369
0.0397559553
0.0122758159
0.0039954833
0.0183228105
0.0127184242
0.0125065930
0.0332605764
0.0155689418
0.0193828158
0.0038181590
0.0184311047
0.0582314655
0.0130178984
0.0097536845
0.0604921877
0.0114291171
0.0190725066
0.0695938841
0.0038357794
0.0031983901
0.0031332788
0.0047342260
0.0055466085
0.0084758336
0.0681778118
0.0401763432
0.0054137451
0.0041075102
0.0687123388
0.0095828725
0.0720284805
0.0358692594
0.0043097064
0.0040589473
0.0043283706
0.0035123681
0.0052831820
0.0181226283
0.0076209293
0.0714721456
0.0032188513
0.0090675186
0.0228824057
0.0047022491
0.0605943538
0.0340625867
0.0038703766
0.0088234236
0.0580756478
0.0123924492
0.0462037362
0.0209505726
0.0042284001
0.0502710156
0.0247381926
0.0122913234
0.0030450365
0.0626257062
0.0047907336
0.0353851654
0.0165108908
0.7848374844
0.0572840534
0.0069015529
0.0053782426
0.0102785509
0.0630611852
0.0297806859
0.0368915312
0.0041401186
0.0652551204
0.0587151647
0.0519594066
0.0636820197
0.0222426597
0.0680483133
0.0370778665
0.0654745921
0.0039910302
0.0228717439
0.0129333204
0.0330234915
0.0068626935
0.0503986478
0.0171923656
0.0182134826
0.0260353032
0.0032940872
0.0141395824
0.0049862619
0.0050535458
0.0030616047
0.0420469604
0.0477411076
0.0192544572
0.0237294473
0.0090849297
0.0402705595
0.0047074086
0.0046365797
0.0318484902
0.0029576982
0.0037076683
0.0469480976
0.0032538818
0.0030505829
0.0086270878
0.0578595363
0.0081080729
0.0177272279
0.0035021554
0.0413575619
0.0101898964
0.0218167752
0.0035228867
0.0419439711
0.0167593118
0.0224705879
0.0068281265
0.0517438166
0.0077182166
0.0121099185
0.0056586708
0.0088755479
0.0073316065
0.0370038897
0.0127912462
0.0039797141
0.0678073168
0.0058847959
0.0567313321
0.0584108457
0.0319381356
0.0574523322
0.0378278568
0.0031143338
0.0590020120
0.0274002943
0.0047816643
0.0582602881
0.0077663795
0.0394087061
0.0044465456
0.0231478736
0.0040979455
0.0043419017
0.0404468514
0.0111438204
0.0495263375
0.0289763436
0.0059459405
0.0029477673
0.0094760321
0.0357182696
0.0066779153
0.0357047319
0.0483324304
0.0244911015
0.0047303522
0.0043320186
0.0048723621
0.0458998494
0.0086356150
0.0485227481
0.0645829365
0.0145650366
0.0046416270
0.0394616425
0.0141471531
0.0694786534
0.0181331802
0.0080891047
0.0040216716
0.0219580587
0.0107987821
0.0301491711
0.0337081477
0.0063467827
0.0203254595
0.0080865668
0.0578234419
0.0648967251
0.0243793763
0.0090788146
0.0242237113
0.0088232523
0.0241201241
0.0694704950
0.0056828526
0.0091932453
0.0481770076
0.0390015468
0.0048248754
0.0306343138
0.0430881903
0.0097667780
0.0279713161
0.0144704096
0.0679674745
0.0073694550
0.0305279177
0.0338246673
0.0069028228
0.0217887033
0.0571940280
0.0584316701
0.0136537431
0.0555938631
0.0081377812
0.0557799190
0.0062038908
0.0040986794
0.0393508300
0.0052120276
0.0660821721
0.0076338886
0.0060609835
0.0152836861
0.0537972972
0.0303403474
0.0332851037
0.0072452351
0.9937847853
0.0480395518
0.0076867775
0.0208829362
0.0119303688
0.0329202563
0.0266611706
0.0323887393
0.0510886945
0.0340584517
0.0069186515
0.0322728306
0.0193160232
0.0258815307
0.0531190708
0.0253349524
0.0142802950
0.0580835417
0.0315314196
0.0079155639
0.0068807658
0.0125494236
0.0125646675
0.0524599291
0.0119343549
0.0343284011
0.0062575871
0.0494389944
0.0158436764
0.0109173441
0.0035035969
0.0112377834
0.0071663428
0.0446593352
0.0093720853
0.0621385537
0.0116811469
0.0080669327
0.0226665195
0.0320329405
0.0371787101
0.0471925773
0.0268893670
0.0050112214
0.0062254900
0.0063124145
0.0163385030
0.0207120106
0.0189677738
0.0519372597
0.0089970911
0.0599601269
0.0222767293
0.0099894255
0.0438951477
0.0155834053
0.0051964861
0.0041272757
0.0712051988
0.0049288138
0.0107436804
0.0114385970
0.0046293018
0.0238814093
0.0093568070
0.0057856003
0.0031362174
0.0179874506
0.0055266996
0.0270210057
0.0219529625
0.0205874816
0.0174872987
0.0433349125
0.0220368225
0.0691114813
0.0042290948
0.0066796532
0.0089988103
0.0077458555
0.0128200576
0.0364416130
0.0348851979
0.0155406855
0.0145679340
0.0042581167
0.0577039495
0.0592607036
0.0315217227
0.0050186156
0.0237614755
0.0030810251
0.0030285819
0.0274189170
0.0035177665
0.0086695552
0.0045610052
0.0052054399
0.0407073125
0.0040316037
0.0206164140
0.0160472170
0.0031740745
0.0311257020
0.0159518030
0.0081188288
0.0228567868
0.0545107499
0.0199346915
0.0195872113
0.0407594778
0.0056486237
0.0316993818
0.0191978589
0.0288464706
0.0335796811
0.0342443660
0.0231056884
0.0066705784
0.0029319024
0.0250501670
0.0211044271
0.0517885461
0.0051168734
0.0710821226
0.0312085431
0.0128458990
0.0066039278
0.0213396158
0.0069733695
0.0228035115
0.0213134419
0.0125915669
0.0030120215
0.0390383042
0.0644854605
0.0685622245
0.0066114715
0.0040354636
0.0721464008
0.0193762854
0.0040315059
0.0032528886
0.0057090227
0.0097746532
0.0080176294
0.0232171379
0.0091639338
0.0331383087
0.0183389839
0.0045468337
0.0508673787
0.0198899750
0.0101239374
0.0094205970
0.0048542931
0.0101949945
0.0099276509
0.0132489996
0.0130850384
0.0142700663
0.0070725284
0.0545439161
0.0244368333
0.0478961505
0.0426899604
0.0050495625
0.0072626323
0.0144993151
0.0365166143
0.0049057850
0.0033787875
0.0331218801
0.0068361228
0.0265103597
0.0639163032
0.0049741226
0.0524216071
0.0339619108
0.0046720011
0.0653093755
0.0241831634
0.0312589295
0.0068307421
0.0366537869
0.0391723067
0.0139103439
0.0195812117
0.0032311198
0.0176617783
0.0458329506
0.0037369311
0.0168681946
0.0563538931
0.0700457543
0.0614658259
0.0702315345
0.0429079272
0.0083101727
0.0031993224
0.0063649751
0.0412569381
0.0040653478
0.0075747501
0.0064567686
0.0651108548
0.0092301425
0.0130498428
0.0623823740
0.0066004768
0.0127057238
0.0364441276
0.0109641943
0.0437486582
0.0256777033
0.0261480603
0.0349069573
0.0407674760
0.0042363927
0.0542174242
0.0467418358
0.0066407323
0.0032601266
0.0284801722
0.0648755655
0.0413867123
0.0315155797
0.0172085259
0.0038155888
0.0690663084
0.0077484758
0.0107187964
0.0609592907
0.0077052191
0.0032735849
0.0623439066
0.0450895168
0.1573724747
0.0407169722
0.0081923502
0.0453218520
0.0588745922
0.0327677578
0.0288929585
0.0405631252
0.0177779440
0.0085201906
0.0103257596
0.0295635965
0.0247173943
0.0360045731
0.0284139942
0.0111299232
0.0192695353
0.0246058740
0.0046581947
0.0077393246
0.0077862786
0.0319406502
0.0094822142
0.0185761806
0.0077027022
0.0103230150
0.0667176619
0.0575790368
0.0042475974
0.0062935669
0.0084337033
0.0046782000
0.0689283982
0.0048460984
0.0194510631
0.0636310354
0.0100056846
0.0092694750
0.0517948531
0.0237042420
0.0685586259
0.0034715927
0.0299409572
0.0403049551
0.0032364251
0.0399503373
0.0224080030
0.0031204866
0.0049223364
0.0094603775
0.0279735811
0.0130029358
0.0176847558
0.0710365251
0.0317360908
0.0106491717
0.0372921079
0.0081319157
0.0165941734
0.0108858347
0.0384615250
0.0338647701
0.0307662822
0.0229992494
0.0035993201
0.0437664837
0.0094074095
0.0333241075
0.0159536861
0.0490617864
0.0046706540
0.0091359774
0.0350007825
0.0093726870
0.0388321690
0.0317796804
0.0071290908
0.0177637637
0.0344990753
0.0291974097
0.0541605763
0.0214780103
0.8675187230
0.0599336252
0.0096974289
0.0712989122
0.0282222591
0.0041796849
0.0071341894
0.0243535303
0.0505579077
0.0204641614
0.0029636081
0.0103368834
0.0153248636
0.0043428559
0.0034488537
0.0036626055
0.0094262175
0.0052212863
0.0492476933
0.0652382374
0.0411560722
0.0305779316
0.0221419502
0.0030053288
0.0341838039
0.0249840803
0.0522189103
0.0144713931
0.0062820762
0.0521300994
0.0581708178
0.0099846190
0.0156708788
0.0132131157
0.0373038761
0.0517169014
0.0035637647
0.0078224475
0.0054289252
0.0637700260
0.0719087571
0.0083901295
0.0481123105
0.0277486499
0.0501358733
0.0039949184
0.0624941364
0.0102136713
0.0055102813
0.0673235655
0.0033716364
1.0780080557
0.0706933439
0.0562395491
0.0039261053
0.0045523965
0.0116437767
0.0343292169
0.0148164649
0.0604363568
0.0083944863
0.0581890494
0.0610464364
0.0081409076
0.0367461331
0.0373046435
0.0149847493
0.0040446515
0.0117576830
0.0182790216
0.0067056292
0.0078441417
0.0114660608
0.0140680810
0.0078567835
0.0104114283
0.0724269450
0.0128821786
0.0111645833
0.0130779976
0.0417339653
0.0095967920
0.0086615114
0.0544724800
0.0061270138
0.0360851586
0.0693044066
0.0619864501
0.0638123974
0.0099395812
0.0055253729
0.0052180300
0.0407583229
0.0312791206
0.0334246196
0.0184888057
0.0306712426
0.0622924082
0.0550202988
0.0650918111
0.0558238700
0.0509960055
0.0175521988
0.0170082636
0.0723038465
0.0231583081
0.0640526637
0.0253973883
0.0243885890
0.0051768911
0.0324043110
0.0240729004
0.0169874541
0.0629194677
0.0290514529
0.0248462483
0.0579945855
0.0643062592
0.0092642037
0.0559522659
0.0097505748
0.0652093589
0.0318319574
0.0255371220
0.0542925857
0.0071029011
0.0108046615
0.0358235724
0.0406252779
0.0075135971
0.0598240867
0.0353756733
0.0167828780
0.0035906190
1.0451563597
0.0648556203
0.0233877655
0.0485491939
0.0267277118
0.0294800624
0.0470183529
0.0198445357
0.0082557369
0.0075318506
0.0453789830
0.0038355724
0.0280479323
0.0208560321
0.0690087304
0.0663117319
0.0062017632
0.0069059222
0.0037792798
0.0097312685
0.0242181607
0.0515842848
0.0294063631
0.0480462387
0.0360711813
0.0030628967
0.0505280681
0.0158688072
0.0253289435
0.0174656007
0.0287269000
0.0422235951
0.0326747186
0.0043889787
0.0435535312
0.0149795339
0.0528060757
0.0063401577
0.0386729538
0.0544160306
0.0359563306
0.0634637773
0.0128254248
0.0094445143
0.0646480471
0.0120766759
0.0080628684
0.0225316267
0.0038426430
0.0176834911
0.0363849886
0.0085802907
0.0124879032
0.0032632318
0.0299309399
0.0108179785
0.0437766761
