0.0082641216
0.0049654935
0.0078013237
0.0037386417
0.3192897141
0.2366803139
0.0063001933
0.0184837747
0.0137140620
0.0046153697
0.3952918947
0.0082386034
0.2641820908
0.0285239294
0.0445497856
0.0147991842
0.0047578090
0.0165728759
0.0037903399
0.7582566142
0.0073443246
0.1497848481
0.0699481368
0.0207836814
0.0290985014
0.0425537229
0.0295173246
0.0135606099
0.0037994930
0.9915904999
0.0650152117
0.3442304432
0.0035533106
0.0074752448
0.2375987470
0.1172677279
0.0076726400
0.0307686962
0.2049145252
0.6032339931
0.0581586212
0.0943846628
0.4323746264
0.6504841447
0.0117323343
0.5294457078
0.0039638756
0.6789687276
0.1046046838
0.0426003821
0.0370782353
0.1502972245
0.0133971227
0.0157630034
0.1452978998
0.0417749919
0.0038193034
0.9478856325
0.0049601584
0.0148352068
0.1088723466
0.0134072751
1.1022312641
0.0252100043
0.0306272395
0.0134694492
0.7619057298
0.2184332162
0.0036502667
0.6234570742
0.3618330359
0.0100505697
0.0152194360
0.2445126772
0.5385621786
0.0052002803
0.0222551972
0.0764006749
0.0161375757
0.0030429133
0.0055803303
1.0476484299
0.0114713851
0.0122434571
0.0324758291
0.0410837159
0.0766493380
0.0038226778
0.0774280801
0.4021568000
0.0329410434
0.0504996143
0.2729727626
0.0051663779
1.0391108990
0.0060902573
0.1594536304
0.3043414354
0.9485802054
0.0046281088
0.2767051458
0.0188247357
0.0482019819
1.0712352991
0.0070776697
0.0549061261
0.0051625976
0.0181711167
0.1607396752
0.0144680198
1.0994488001
0.0069852979
0.0030161911
0.0259613357
0.0444809794
0.0265728571
0.0086411312
0.4605574310
0.1486836523
0.7350231409
0.1643515527
0.8499417901
0.4113684297
0.0456176810
0.0424469002
0.0068281344
0.0416230038
0.0628207922
0.0061768480
0.0162482057
0.5302423835
0.3897438645
0.0507719629
0.1570886821
1.0274087191
0.0152256172
0.4667180181
0.0204859413
0.0279186554
1.0739080906
0.0058084093
0.0104366001
0.0035591724
0.5817478895
0.0468887985
0.0051655564
0.0078241248
0.0103279492
0.3637750149
0.0145859383
0.0135658123
0.2752250135
0.0037095211
0.0053207381
0.1097829714
0.0136507507
0.2554847896
0.0044818171
0.0045390134
0.0183798447
0.0032937056
0.7388354540
0.0569748655
0.0896747038
0.1953202933
0.1474922448
0.9727706909
0.3875401318
0.6771659851
0.2638033926
0.0054419725
0.0198937971
0.0087340996
0.2031079978
0.0776914805
0.0145027097
0.8990720510
0.0038753857
0.6263384819
0.7878103852
0.0889423415
0.2870161235
0.1003964618
0.0052140937
0.0117915943
0.0539604798
0.1016331688
0.2229121327
0.6664514542
0.9137097597
0.0171607528
0.0529409461
0.0509205945
0.0105293673
0.0318260267
0.0092435926
0.0490354635
0.0084781181
0.4968230128
0.6472249031
0.0349466130
0.0091342414
0.0085046571
0.0251351260
0.0561084263
0.0695896223
0.3198156357
0.0050023003
0.0215719696
0.1921269447
0.2362932265
0.0515699759
0.6855641603
1.0654330254
0.1895001978
0.0401451737
0.4818567634
0.0067413994
0.0132263629
0.0064466549
0.0047496343
0.0152935572
0.0048336214
0.0193628017
0.0072803884
0.0046068821
0.0063600671
0.7251361609
0.8230745196
0.7531743050
0.0260146949
0.0778954774
0.0045989994
0.0495302081
0.7460742593
0.0032553233
0.2199781239
0.0126621556
0.1422493011
0.0066969451
0.0542942472
0.0130619984
0.3806802332
0.0213460736
0.0171563290
0.0152971763
0.0062233321
0.1390440762
0.0292758010
0.0206438731
0.0052984487
0.1866099387
0.0190528464
1.0494245291
0.1628797054
0.0080699744
0.7099600434
0.0144775854
0.0145150376
0.0029033446
0.0485122800
1.0466654301
0.0388103388
0.0682963356
0.0071572289
0.4805461764
0.0253365543
0.1488322765
0.0828581229
0.0267635603
0.0225615390
0.0360564105
0.0486897230
0.0748045146
0.1160128191
0.0267739259
0.0069402121
0.0434882529
0.0055908551
1.0994839668
0.0828588754
0.0647468492
0.1594831496
0.6903909445
0.0074048592
1.0782879591
0.1148446798
0.0083363941
0.1454824805
0.6832967401
0.0215646699
0.0310436804
0.7952746153
0.1158910394
0.8703593612
0.0801929608
0.0121677397
0.2733749449
0.3478609324
0.7354709506
0.6788200140
0.0030270664
0.5349581242
0.0063708355
0.0171566140
0.0041562421
0.0055848677
0.0200887937
0.9646248817
0.0325808823
0.0763317943
0.9490012527
0.3267811835
0.1515766233
0.0082475515
0.0143223973
0.8265532851
0.0065389471
0.0217915885
0.0060827867
1.0434809923
0.0117047904
0.6739915013
0.0405302159
0.1298255771
0.7457029819
0.0117232157
0.0287174340
0.0288181473
0.0419909433
0.0040478138
0.5737076998
0.0091098491
0.1700004935
0.0066346461
0.0164767578
0.5656195283
0.0993608534
0.0072014611
0.1185822189
0.0081755063
0.0038040946
0.1275622547
0.0103455968
0.0069337860
0.2011333704
0.0743756518
0.0288619250
0.0047982298
1.1280111074
0.1182017848
0.0046618562
0.0371638760
0.1197681576
0.8993093371
0.0731307790
0.3379587531
0.1854897141
0.0079336092
0.0527121872
0.6389021277
0.0034967368
0.0587617084
0.0228743255
0.0086217029
0.8082546592
0.7272239327
0.0180409346
0.0209367517
0.0053854133
0.0044319052
0.0166424066
0.0075982111
0.0630263090
0.0212228931
0.2385585308
1.0381945372
0.0149920052
0.5110661983
0.0243788771
0.0071091275
0.0113956947
0.0068509346
0.0085696001
0.0585416779
1.0201014280
0.0372842513
0.0405258536
0.0235851929
0.0231165905
0.0313918293
0.0041113212
0.7194467783
0.0333203152
0.0073440024
1.1055136919
0.0054860753
1.0498629808
0.0545499176
0.0183937699
0.0542770214
0.0041678329
0.0128088463
0.0031668774
0.0030337591
0.0052871397
0.0044545671
0.2213817537
0.0031432016
0.0168172196
0.0087701948
0.0336019732
0.0261778440
0.0259738993
0.0114221657
0.4405648410
0.0186018888
0.0054350086
0.7426337600
0.0779433548
1.0101779699
0.0202018172
0.0434801653
0.5165787339
1.0970177650
0.0072220508
0.1471932828
0.0029122897
0.4648750424
0.0081670051
0.0246645529
0.6317495108
0.6010921597
0.0244282223
0.5216715932
0.8472528458
0.3806949854
0.7152242661
0.2648542225
1.0604845285
0.1894854009
0.0080840532
0.0179821439
0.0228857994
0.3055705130
0.7095037103
0.0039040735
1.0914436579
0.0063084718
0.9036253691
0.0186190512
0.9597332478
0.0041407696
0.1963380426
0.0102265552
0.0195999816
0.1586570144
0.0032992305
0.0029320354
0.0219375491
0.0056428947
0.0080833780
0.0138366707
0.4300242662
0.0131142512
0.0768371373
0.0091262935
0.0579562299
1.0353260040
0.0046330956
0.0575508997
0.0298114698
0.0034017821
0.0067862673
1.0109854937
1.0352576971
0.6651971340
0.0257593095
0.0290981270
0.0054256506
0.0035334071
0.0043558818
0.0482383147
0.9623562098
0.0050156326
1.0487003326
0.9404013157
0.0046474487
0.9521164298
0.0257483721
0.0087137083
0.0085361451
0.0036658647
0.1428377181
0.0849606991
0.0377944484
0.0036406796
0.1457991451
0.0113542294
0.1416510344
0.0485227518
0.0117555838
0.0220691450
0.0181816928
0.0030868275
0.0076176431
0.0319889151
0.1847271472
0.0873678550
0.0166276265
0.0388395526
0.5063843727
0.0359449834
0.0469396524
0.6667314172
0.0093170628
0.0082948422
0.0068368912
0.2019873410
0.2846255600
0.0389162749
0.1503261179
0.0039412011
0.0147437006
0.2301447839
0.0053357221
0.0181736890
0.0221446194
0.0223335773
0.0141783282
0.5285369754
0.1193007454
0.5698208213
0.2901815474
0.0245682411
0.2993675470
0.8510022759
0.0596317761
0.1411899030
1.0744241476
1.0062485933
0.0390996225
0.0096955085
0.0118411062
0.0553288572
0.4606466293
0.0323413014
0.0123027805
0.4714129269
0.0167097934
0.0081133759
0.0559962168
0.0691749156
0.0360142291
0.3074551225
0.0548454225
0.0313195735
0.0142504564
1.0007572174
0.0335801765
0.0064231642
0.0080926120
0.0131011587
0.0303814225
0.0073885559
0.0091823656
0.0469517969
1.0222541094
1.0137128830
0.0088882791
0.0486644320
0.0303917341
0.0264166687
0.9209104180
0.0115611181
0.0411849581
0.0031058346
0.0119139319
0.9965245128
0.0282542054
0.0393038616
0.0030703093
0.0321289860
0.0218416452
0.1213723198
0.0093795834
0.2395893335
0.5836558938
0.0385464244
0.6282502413
0.9850103855
0.0453452878
0.1443455368
0.3154362142
0.0071920664
1.0548177958
0.0645428672
0.0131740309
0.0989293680
0.1651496589
0.0113725113
0.0030200102
0.0119454628
0.4219686687
0.0094827022
0.0099966601
0.2485953718
1.0875536203
0.0040852875
0.6356077790
0.0324423648
0.0088457074
0.0401792414
0.0196082126
0.3375910223
0.2159021348
0.7103037834
0.0811891332
0.0066605858
1.0653498173
0.0084713632
0.8105254769
0.0345335007
0.0168784335
0.0332084186
0.0084041469
0.0375476480
0.0279495101
0.0560349077
0.0529018715
0.1783136278
0.0032467803
0.0044251927
0.1213386655
0.2716164589
0.2082259059
0.0484549329
0.0068158288
0.0041585253
0.9688116312
0.0075094537
0.0147600546
0.0070763333
0.2317652702
0.0068247868
0.0311115514
0.0089508370
0.8199930787
0.0145675903
0.0740007907
1.0325715542
0.1113403663
0.0340887792
0.0200167410
0.0060009467
0.0144224064
0.9979743958
0.8915525079
0.0050651198
0.8955991864
0.7779166102
0.0044072485
0.8534806967
0.0031632923
0.0254342854
0.0326862335
0.0121514304
0.2620967925
1.0102593899
0.0030544829
0.0079212813
0.9798390269
0.0109746316
0.0555987991
0.2449571490
0.0145265469
0.9394164085
0.1277998686
1.1033349037
0.0756405666
0.0028834913
0.0067631360
0.0196006075
0.0297254231
0.0137126604
0.0086741699
0.9834938645
0.8662452698
0.0311513338
0.0084851645
0.3544266522
0.0394067615
0.1039714366
0.0030289369
0.0208408013
0.0483828895
0.1643453389
0.0049151974
0.0124535123
0.0039583896
0.0235461183
0.0266706571
0.2934517860
0.0142280674
0.0631365478
0.0186830051
0.0191475283
0.0030707940
0.2862542272
0.0594008155
0.7408041358
0.1043102369
0.0076669892
0.0033195924
0.6397327781
0.0305783730
0.6355352998
0.7161872387
0.0193583015
0.0412039943
0.0747692138
0.0059625064
0.2504238486
0.5409995317
0.0079442700
0.4779767692
0.1358168870
0.0093124416
0.0254513435
0.7025488615
0.0195975732
0.0083426293
0.0439720936
0.0475834161
0.7963564396
0.6354337335
0.0286756232
0.0843765140
0.0158830583
0.0077379816
0.0033780502
0.9651983976
0.0280016717
0.0235262699
0.9637791514
0.0030418548
0.0044450061
0.0155287711
0.1985273659
0.0118012540
0.0372713879
0.0081499852
0.0062440056
0.2430379093
1.0118690729
0.5448051095
0.0431888551
0.7029141784
0.0129116140
0.0224222317
0.0397075787
0.0127508044
0.0053673484
0.0295835510
0.0049150791
0.1454602033
0.0705153495
0.0129986657
0.0029412159
0.0056480961
0.0088742673
0.4585324228
0.0099062817
0.0339001529
1.0573176146
0.0923710093
0.0047320370
0.2305122465
0.0193075687
0.0147888530
0.5054202080
0.0135155553
0.8283344507
0.0147947995
0.0328068398
0.0988406390
0.0054631680
0.9089456201
0.0040382827
0.0091238860
0.0031907316
0.6476380229
0.0791594908
0.0135730132
0.0380204916
0.0044374843
0.0368863679
0.4171517193
0.0040718364
0.0078684399
1.0619812012
0.0136692673
0.0174085554
1.0599504709
0.4436098337
0.1552928984
0.0052799457
0.0067458176
0.6799322963
0.0099416059
0.0052718460
0.0036329683
0.0607487112
0.0199857820
0.5375739336
0.0092563685
0.0205190014
0.2160405964
0.0221550632
0.0132370135
0.3543398678
0.2525852919
1.0825487375
0.0229856540
0.1065040603
0.0822457299
0.2071237564
0.2458952218
0.1324917823
0.0276455879
0.0041235574
0.0278727282
0.0097984374
0.0480072424
0.0127892522
0.1953231096
0.0050773253
0.0310556125
0.0102979541
0.0073148473
0.0312777907
0.0487706512
0.0216404200
0.0740070492
0.1664461344
0.0328650586
0.0073959166
0.2532160878
0.0044098869
0.0095749879
0.0172044951
0.3444852829
0.0070826076
0.0126416273
1.0371358395
1.0764007568
0.0043055047
0.0115667526
0.0253159739
0.0050488361
0.1165488064
0.0094891386
0.0145315388
0.0705043525
0.0454973355
0.5482749343
0.0227096509
0.7011976242
0.0039523495
0.0030181918
0.0499569364
0.0075006052
0.0073165623
0.0705160499
0.0053299060
0.0238932911
0.0150907813
0.9110047221
0.0099335024
0.0399332680
0.0145875923
0.0189577639
0.0316589102
0.0116002597
0.0722106770
0.0103845987
0.5575355887
0.0681561455
0.0103436885
0.0130886026
0.9076782465
0.1796119958
0.0033759293
0.0029905161
0.0087064337
0.1513648480
0.0031231360
0.4118353724
0.0496732257
0.0150706898
0.0062639983
0.0227519870
0.9768903255
0.1247123033
0.8512690067
0.2630065978
0.8055949807
0.3047949374
0.1234171242
0.0139867952
0.0265359320
0.0527454987
0.0248091910
0.0126489196
0.0203176513
0.0102653541
0.8303526640
0.0111293010
0.0280276984
0.0029439027
0.0338763632
0.0129454760
0.0041200672
0.0230428688
0.2065434009
1.0629293919
0.9718812704
0.0205613766
0.1256549358
0.6417005658
0.0159680229
0.1626421064
1.0431448221
0.9069280028
0.0036554222
0.0042465534
0.0074595474
0.0118705994
0.1965762824
0.0928237736
0.0628802180
0.0907234475
0.0113694053
0.0032862655
0.4923380017
1.0380133390
0.0057819975
0.1391050071
0.3941842914
0.7803528905
0.0062384922
0.0587251671
0.7217887640
0.0134479646
1.0641702414
0.0712023675
0.3133415580
0.0467438959
0.0169662349
0.0288330130
0.1744086593
0.0535108522
0.0155980745
0.0942726880
0.2371704429
0.0212566201
0.2275157720
0.0133039188
0.7048250437
0.7704845071
0.0088291988
0.0512412712
0.9985079765
0.0116830226
0.8175230026
0.0305126719
0.9124014378
0.0116600078
0.1055189371
0.0708981976
0.0306364615
0.0041095917
0.5364995599
0.4302912056
1.0741167068
0.0402352959
0.0089223189
0.1659089774
0.0033579490
0.7570152879
0.0515208058
0.2669047713
0.0179000143
0.0463742428
0.0066478518
0.8077778220
0.9635972381
0.0047351760
0.0090659587
0.3804920614
0.0269815587
0.0182296000
0.0124285892
0.8131023049
0.0732690543
0.0219593570
0.0032324486
0.0867309868
0.5090436935
0.0077464711
0.0895404443
0.0088032102
0.0031197548
0.0056826361
0.0183563977
0.0045771855
0.0035498068
0.0031060288
0.0230834577
0.5617462993
0.7908518910
0.0094229365
0.4343623817
0.0740727186
0.0378100239
0.3034240007
0.5441279411
0.4029965997
0.0139806885
0.0120180184
0.0099653536
0.0894606411
0.0056804987
0.0063927122
0.0121739488
0.0076217279
0.0313459933
0.3462758064
1.0004485846
0.9870212078
0.0407451838
0.9949744344
0.0552116819
0.7545863390
0.6652702093
0.0035042285
0.0030696001
0.0339025520
0.0707252994
0.0097060297
0.1280750185
0.0062643066
0.0888890028
0.6076183915
0.7250576019
0.6867306232
0.0187164452
0.0060840617
0.2732483149
0.0287841186
0.0595709607
0.0066514402
0.0219409876
0.0043056170
0.0588937327
0.0625234544
0.0093328245
0.6185478568
0.0048960145
0.0150630539
0.0045861686
0.0051003536
0.0310683679
0.0343660712
0.0044232821
0.0144068329
0.0067684925
0.6536926031
0.0063586482
0.0523540303
0.0292898566
0.0108916666
0.0252467096
0.0139144966
0.0123826209
0.0165274907
0.0197217837
0.0282984581
0.0255217683
0.0047418848
0.0716627464
0.0728578791
0.0095622400
0.0105837649
0.0052311327
0.6009490490
0.0037169803
0.5905967355
0.0343268625
0.0605931319
0.0427308492
0.1198659763
0.0583830439
0.0083298124
0.0034919456
0.0098993024
0.0160645060
0.0159848388
0.0103645874
0.0089756083
0.1150627434
0.4448819160
0.0056955847
0.0084446147
0.9888496399
0.0039459788
0.4217246473
0.3628491163
0.9032632709
0.0206402279
1.0514751673
0.0030695377
0.0069268504
0.0361138955
0.0075895516
0.0762430429
0.0145166880
0.0033134092
0.0197682865
0.0089119738
0.1795711517
1.0998561382
0.1926791966
0.0494854823
0.7094140053
0.5115920305
0.1460782290
0.0296622813
0.0578446202
0.0573547482
0.0187385119
0.0296131112
0.8839216232
0.0159821734
0.0183577593
0.0159329958
0.0076861596
0.1205451414
0.0081396662
0.0062644281
0.0110189831
0.8350871205
0.8533236384
0.0205488373
0.0338593684
0.0087232348
0.5400821567
0.0054599363
0.0077010780
0.2248517722
0.0052157799
0.0127640227
0.0903527066
0.2279867679
0.5053340793
0.1987667382
0.0135690225
0.0152003253
0.1121358126
0.0261620618
0.1085504144
0.0029595373
0.0110672452
0.0328181610
0.0587235466
0.0473707877
0.0043545663
0.0037793010
0.0144110098
0.4068354368
0.6031740308
0.0618827157
0.0258761104
0.0277891718
0.0270330738
0.8834728599
0.0698070228
0.0056902445
0.3533202708
0.1981004924
0.0071156425
0.0773826763
1.0937120914
0.9692966938
0.0574070066
0.8498136997
0.0059434175
0.0083700214
0.0682668313
0.1788604259
0.0194831323
0.4714440107
0.6477811933
0.2784536481
0.2463472337
0.5526806116
0.0036496243
0.0620078556
0.4289422035
0.8621327281
0.0096813226
0.0170541592
0.0716257766
0.0236749556
0.0311325919
0.1909729093
0.1055717319
1.0012217760
0.0033774180
0.0169683285
0.0226985235
0.0088325012
0.0298882611
0.8465245962
0.8930951953
0.2725837529
0.5534586310
0.0202980284
0.0032480536
0.0299087055
0.2514032423
0.1397317648
0.0054172166
0.0105675636
0.5867788196
0.2920974791
0.0446631834
0.0073920288
0.0195568763
0.0051087583
0.1559762806
0.0299242884
0.0404467881
0.0041087912
0.0728113726
1.1433577538
0.0091698710
0.0410296135
0.0078278976
0.1594368815
1.1009538174
0.0225904435
0.0058247522
0.6556077003
0.0230009072
0.1001048237
0.0253944583
0.0318046175
0.0136558553
0.0130317677
0.0031543006
0.0074628941
0.0075527010
0.0040572039
0.7989754677
0.0093912976
0.0226533823
0.0120962383
0.4028663933
0.2593888938
0.0039649201
0.9137346148
0.0664492771
0.0178732015
0.0120766470
0.0240578447
0.0077792751
0.0069434308
0.0161651000
0.0169528909
0.0124658030
0.0035434924
0.0051439381
0.0265500899
0.0293459967
0.0133891152
0.0067622019
0.0172964949
0.0061585219
1.0715832710
0.0038425124
0.0055218004
0.0058106133
0.0246930066
1.0193912983
0.0497860536
0.0057108379
0.0085386084
0.4550888538
1.0568106174
0.0042880396
0.5584958196
0.0152865220
0.0135111846
1.0253227949
0.0031169448
0.0144396797
0.0231523756
0.0109873824
0.0110918796
0.9674955606
0.0053059245
0.0115603469
0.0113037350
0.7312049866
0.2575713694
0.0162041150
0.0303135831
0.0088605341
0.0176278837
0.0158132985
0.1803906113
0.0045276065
0.0724881887
0.0034450307
0.0035538806
0.0136988955
0.0086717391
0.0292090531
0.0962832272
0.0089443857
0.0226649735
0.0246333685
0.0189756621
0.0033414173
0.0503448173
0.0178202167
0.5688179135
0.0249722525
0.0467428006
0.1155343205
0.0436815843
0.0264647584
0.0195416976
0.0045350390
0.9085616469
0.1797166020
0.0374179520
0.0034927025
0.2508094311
0.0087234490
0.0202935729
0.0127894850
0.0236364417
0.3808755279
0.0303671472
0.0327749923
0.5443390608
0.3982884586
0.2034631371
0.1124422848
1.0308692455
0.0407323614
0.0371948592
0.8958269954
0.0084110769
0.0034521958
0.0187813770
0.0044760257
0.0047928863
0.0068347054
0.0239898171
0.0195669271
0.0139651122
0.0184539128
0.0236170292
0.5914207697
0.0346829034
0.0244946145
0.0135377999
0.0196968671
0.0039018113
0.0193037633
0.0115015414
0.2815378606
0.0033434343
0.6717561483
0.0111475354
0.1015794724
0.0351408198
0.0050840322
0.8037317395
0.0033784301
0.0296209492
0.0303059425
0.0175680928
0.0169652868
0.0418662317
0.6629815102
0.0394358635
0.0036554632
0.0579132214
0.0675375611
0.0043801907
0.0068744882
0.5745050907
0.1351549625
0.0319007747
0.5394506454
0.0132580455
0.0043578609
1.0927608013
0.0108300764
0.0506772026
0.1663460433
1.0541278124
1.0176882744
0.0060638548
0.0090821721
0.9454019070
0.0562424175
0.0674861446
0.0160535779
1.0610967875
0.3699964583
0.0132219950
0.5977979302
0.0265940838
0.4236200750
0.0201657955
0.0196106192
0.0311123580
0.3437863588
0.0071299779
0.0549741834
0.0108246636
0.1275524944
0.0071814880
0.0052321493
0.0191714335
0.0121180443
0.0323338024
0.0081170844
0.0908509865
0.0699054152
0.3140418828
0.0148199117
0.0033306489
0.8648083806
0.1006949991
0.0331706330
0.0184149072
0.0088893184
0.0358231328
0.1657661200
0.3747227490
0.0977412090
0.0667881444
0.0091896998
0.0067979530
0.0086191101
0.0052045938
0.0872588754
0.0594686903
0.5148710012
0.0119978674
0.7200915217
0.0315587521
0.0347886309
0.0040935138
0.0292309970
0.0031948332
0.0103297951
0.0305127762
0.0508760326
0.1493675560
1.0992029905
0.0267555974
0.0591371320
0.0185664222
0.0540284999
0.0037992196
0.1296280921
0.0486422516
0.0035728372
0.0150313023
0.0494118705
0.0172994696
0.0054075397
0.8940963745
0.0163009334
0.0032537209
0.3748128712
0.0506081022
0.0340609439
1.0708237886
0.6145629287
0.0035650977
1.0154447556
1.1157312393
0.0432812870
0.2530532181
0.0273799580
0.0617296286
0.0415163971
0.0466506369
0.3758835495
0.3121691644
0.0034625130
0.0167221297
0.5735795498
0.0179893021
0.9959061146
0.4277900755
0.0094556957
0.0213884525
0.0340950415
0.4200053811
0.6220755577
0.5408862233
0.0048175612
0.3746915162
0.0082003996
1.0612953901
0.3817877173
0.0617832430
0.0099761700
0.3401088417
0.2494780868
0.0134826032
0.0476983227
0.1029485762
0.0228853002
0.0287933685
0.0128211398
0.2485501319
0.0439049900
0.8883852363
0.4007175565
0.0176522080
0.0036241205
0.0091579165
0.0070693404
0.0441916883
0.2156635374
0.0797956064
0.6118787527
0.0059542079
0.1079442576
0.1198344603
0.0180344321
0.0061588194
0.0098211644
0.0072271945
0.0062730405
0.0062676659
0.0121127358
0.0196010768
0.0105696265
0.1368759871
0.2329776734
0.0313139297
0.0749330819
0.0834327489
0.9951225519
0.0980343148
0.0108084008
0.0173563045
0.0352246873
0.0198899005
0.0179480221
0.0836248249
0.0100554070
0.0191884637
0.0101040360
0.0037495720
0.0304003786
0.0040684226
0.1063399240
1.1338697672
0.8591314554
0.0119791720
1.0876686573
0.0513906851
0.2305178791
0.0169117600
0.0346148349
0.0228557624
0.0044158176
0.0038220109
0.0525208786
0.0397218056
0.8216073513
0.0042521199
0.5149462819
0.0058376510
0.9427180290
0.0055323956
1.0940901041
0.0050589619
0.0179440081
0.0105071282
0.0128918886
0.0222809389
0.0030102876
0.0126275504
0.0089972178
0.6755222678
0.0434783921
0.0033400371
0.0036845950
0.0286348332
0.0496530831
0.0305525735
0.0032324800
0.9494442940
0.0145928916
0.0217314139
0.2183604836
1.0961037874
0.0120360907
0.0753585398
0.2539615035
0.0121461125
0.9903298020
0.0099188201
0.0101643819
0.0030886228
0.0242531784
0.0050229304
0.9063215852
0.0149636175
0.0098688267
0.0549933612
0.0091540888
0.0116449082
0.0219970867
0.1068731993
0.2099369466
1.0886934996
0.9817976356
0.0147256637
0.0064549069
0.0040443824
0.0307259336
0.7104051113
0.0268514026
0.1175155342
0.0340961777
0.0358599387
0.0543896891
0.1596504897
0.0072817318
0.0257895160
0.0156787522
0.0090531912
0.0119462954
0.7161549330
0.1063392684
0.0033724161
0.0271883868
0.0468627103
0.0439764671
0.0049163280
0.2196427435
0.0048643844
0.0158214215
0.6280259490
0.0669637248
1.0171092749
0.0381941609
1.0600688457
0.1267119497
1.0176340342
0.4096721113
0.0110530471
0.0527419522
0.8225357533
0.0835404024
0.0308403969
0.0149740018
0.0060521052
0.0128516164
0.0159198269
0.0285349786
0.0116702039
0.4182654917
0.0049109668
0.1235813498
0.0197138544
0.2469299883
1.0689692497
0.0564075820
0.0145806903
0.0664603487
0.0058502182
0.0116490405
0.0166852903
0.0139620965
0.0089656534
1.1059833765
0.0305935536
0.0247113165
0.0416174382
0.0041025379
0.8850929141
0.0161896758
0.0039311396
0.9593847394
0.0064251511
1.0830131769
0.0141595714
0.0250890646
0.0704639480
0.0467338897
0.9574648738
0.0109913433
0.0045751352
0.0117146475
0.0075491164
0.0061056721
0.7518337369
0.2397271991
0.0039441399
0.0049359892
0.0099533107
0.0196933318
0.2698063850
0.0067924336
0.6879235506
0.0406563692
0.0038231681
0.3787005842
0.3056436479
0.0527161621
0.0043836744
0.0223208684
0.8026652932
0.0029402717
0.0194484871
0.0679161921
0.3188613653
0.3373263180
0.2774189711
0.0271312632
0.0094576869
0.0090282867
0.0365219824
0.0152780311
0.0030306170
0.0225856900
0.0188823063
0.0393535160
0.0196928699
0.0348538086
0.9821350574
0.0542852618
0.0619158857
0.0718961433
0.0305210184
0.0174514409
0.0389286503
0.0090892417
0.0063751782
0.0147280963
0.9717225432
0.0034447603
0.0098465728
0.0046726763
0.0216328576
0.9573941231
0.0104610436
0.3244322538
0.0707655624
0.0180099588
0.2221372128
1.0287268162
0.4572657049
0.0033454301
0.1075472087
0.0206694342
0.0125205228
0.0051502702
0.0089058708
0.0536961071
1.0337289572
0.0108601879
0.0217175130
0.0272216368
0.0329948366
0.0567040741
0.0090185683
0.0490328558
0.0332060233
0.0066417819
0.1221923232
0.0382839926
0.0953192487
0.0333900340
0.0519418865
0.0229120404
0.0243991353
0.0097463401
0.0120890746
0.0040408052
0.9275774956
0.0385074392
0.9263116717
0.0207172632
0.0038068583
0.0055429568
0.0041743820
0.0129298707
1.0252771378
0.0097011300
0.0122745102
0.0456161164
0.0031032329
0.0099563859
0.0569977164
0.0289548822
0.0259239934
0.0145662241
0.0066699865
0.8341622353
0.0420969017
0.0067633428
0.0047135483
0.0031626120
0.0074850512
0.0280606616
0.0443466306
0.0097518209
0.0043965508
0.0165879801
0.0253726095
0.0077221785
0.9208655357
0.0160358287
0.8880417347
0.6377602220
0.0126394164
0.1590747684
0.0082619842
0.0083524697
0.0261469595
0.0148235997
0.0034384746
0.0791003108
0.0038379878
0.0097273868
0.2232193202
0.0522287637
0.0076374183
0.0099963285
0.1275730431
1.0852285624
0.0053906678
0.0196596552
0.0065060267
0.0191344377
0.0272636339
1.0291503668
0.0052724760
0.0030219208
0.0116057992
0.9189168215
0.0279588047
0.0655857325
0.0068514091
0.0381543487
0.0136458501
0.0076013934
0.9299114347
1.0003914833
0.0103473794
0.9818031788
0.1704492420
0.0095112408
0.0219993312
0.0676093549
0.0148350159
1.0789204836
0.8552050591
0.1637443900
0.8788353205
0.8640235066
0.0048877518
0.0072818608
0.0092347218
0.0069366242
0.0693438351
0.1995986551
0.0045817820
0.0310977921
0.0086132139
0.4488806427
0.2085884362
0.0037436164
1.0343725681
0.9500443339
0.0090998169
0.0537492558
0.0087085320
0.2218517810
0.0166647602
0.0321080126
0.0590163432
0.0100659681
0.5430538058
0.0069014095
0.0042357100
0.0039887396
0.0304692518
0.1125400588
0.2379701883
0.7353470325
0.0052465266
0.2509161830
0.0083626602
0.2000781894
0.0183100943
0.0030251935
0.0373530500
0.0046162000
0.0078438474
0.0040945467
0.0830177814
0.0160062313
0.0042216587
0.6528981924
0.0240898877
0.0074783941
0.2168629616
0.8239958286
0.9730257988
0.8769265413
0.0149699440
0.0117910011
0.0395345762
0.0141480090
0.0066053639
0.0104742656
0.0614808425
0.0110604167
0.0588746965
0.3805115819
0.0395367853
1.0100791454
0.0050432421
0.0131702442
0.0030152746
0.0582302362
0.0103792278
0.0100252824
0.0695582032
0.0137321092
0.9599574208
0.0573848560
0.0029667604
0.0079673752
0.4262106419
0.0379187092
0.0123882601
1.1570297480
0.0043245596
0.3232412040
0.0079084178
0.0099888807
0.0967134535
1.0334097147
0.0077366615
0.0239884611
0.9484364986
0.0040889964
0.0234791972
0.0081742797
0.0154804066
0.1271504909
0.0231740810
0.9664397240
0.9731116295
0.0286769252
0.0597183704
0.0142021962
0.0174130145
0.0135066826
1.0379984379
0.0119851483
0.0877984986
0.0938800424
0.0448756143
0.8185356259
0.0318657644
0.0115979444
0.5170620084
0.0122400625
0.1680814177
0.0276749935
0.0239523277
0.1282220781
0.0099738482
0.0038488256
0.0043027550
0.0033683276
0.9467567801
0.0308413878
0.0098495390
0.0461590104
0.0103951395
1.1102367640
0.0168663207
0.0065641375
0.0672065467
0.0173584651
0.0235625729
0.0095667420
0.9437218308
0.9294614792
0.0048212693
0.4502600431
0.9114711285
0.0100809531
0.0029494520
0.0456900932
0.0368799828
0.0083638811
0.0377682596
0.1401842833
0.0157704242
0.9038081169
0.0103753796
0.0238274112
0.9968668222
0.0462761968
1.0357583761
0.9741345048
0.9159474969
0.4909634590
0.0046255169
0.3922186792
0.0144738965
0.7893599868
0.0133330682
0.0068124686
0.0190150701
0.0077092908
0.0291935578
0.0082321037
0.0714005232
0.1633469760
0.0421765968
0.1586346775
0.0856746286
0.7271078825
0.0072313757
1.0699948072
0.1582449228
0.2519093156
0.0065427194
0.3609912395
0.0187347233
0.0052395002
0.0156399235
0.9765532613
0.0047687227
0.3329089582
0.0672053918
0.0041370597
0.0030952278
0.0267418195
0.0612972155
0.0702810138
0.0290536247
0.0034837055
0.0498944148
0.0462200716
0.0249014404
0.7560748458
0.0576280653
0.0185217075
0.0330205522
0.0124777332
0.8592189550
0.0265386812
0.0240004659
1.0275393724
0.8257670403
0.9727599025
0.0225873161
0.0084432587
0.0106506217
0.0081280135
0.0156980176
0.0134692537
0.0054974356
0.0663128868
0.6839285493
0.9724134207
0.0076902285
0.0130080888
0.0326975882
0.0453319065
0.6564972997
1.0359271765
0.0560034849
0.0214010030
0.0316324309
0.9951689243
0.0210670698
0.2779052556
0.0470298901
1.0860712528
0.0095894458
0.0033814379
0.0141946245
0.8700546026
0.0083916569
0.0059351837
0.0559217744
0.0362734385
0.0284191873
0.1168925539
0.5577967167
0.0132062994
0.6227796078
1.0711150169
0.0391943567
0.0318864435
0.0109779313
0.0088706119
0.9829604626
0.0033653337
1.0918194056
0.0056423135
0.0621751659
0.0104695885
0.3987798691
0.0089121945
0.0041899704
0.0046491972
0.9891746640
0.0096279634
0.0235766191
0.0047105304
0.0091148382
0.0136310132
0.0722189099
0.0120941130
0.0116640693
0.0359632336
0.0280824024
0.0116548268
0.0255260188
0.0077437791
0.0148949604
0.0413184129
0.0060909069
0.0352419838
0.0061930120
0.0219666511
0.0035442060
0.8587914705
0.0065089958
0.0048329509
0.0915926918
0.0359970517
0.0120406859
0.1091783717
0.2687278986
0.0216027666
0.0088470913
0.0312816128
0.6476603150
0.2099253535
0.0336333774
0.0096454443
0.0069446652
0.0110697290
0.0155162970
0.0175146181
0.0161737148
0.0186098963
0.4675861597
0.4744764864
0.0868526325
0.2819316685
0.0251041297
0.0112258159
0.0091920495
0.0106104733
0.0475370586
0.0220638979
0.0468182676
0.8216279745
0.0215750821
0.0160015635
0.9186133742
0.9906723499
0.0320282094
0.0188578553
0.0292788055
1.0027558804
0.0157270562
0.0036548516
0.0058736028
1.0997291803
0.0211362336
0.0822737589
0.0031208568
0.0296648312
1.0609365702
0.0060261250
0.0196342468
0.6470571160
0.0218389481
0.0137418117
1.0857553482
0.0090589505
1.1183655262
0.9300814867
0.0052678753
1.0373537540
0.0029303760
0.0055056927
0.0096702613
0.0104131941
0.9618781805
0.0458846949
0.1867391169
0.0189095996
0.0928709581
1.0755169392
0.0160271917
0.0029817750
0.1563532352
0.0377448648
0.0682673529
0.0210294146
0.0051138070
0.0033840099
0.5276088119
0.0131711019
0.0363015942
0.0449511223
0.0606571771
0.0265485421
0.0522628576
0.0032029548
0.0212012082
1.0953983068
0.0031234459
0.0048985784
0.2744323015
0.2815347314
0.0193946883
0.0893166736
0.0464406051
0.0038158682
0.0240535885
0.0154712107
0.0845025182
0.8958469629
0.0552994199
0.0323558524
0.0341926217
0.0530870855
0.0390076265
0.0042115608
0.0708614886
0.0070711924
0.1197849661
0.0031146139
0.9821901917
0.0585255735
0.0032529081
1.0347411633
1.0976636410
0.0363608561
0.0106529556
0.1006159484
0.0111773014
0.0166237578
0.0120195989
0.0190456286
0.0145199671
0.3882350028
0.0094642472
0.0090249144
0.0377167203
0.0460051745
0.0039041184
0.0104812542
0.0739200339
0.0280468296
0.0109736742
0.0884361938
0.0083425641
0.0147212911
0.0141426716
0.0071002594
0.8264357448
0.0436850339
0.0352764204
0.0391340628
0.0030572270
0.0139476145
0.0251747780
0.0121279452
0.0035779704
0.6363345385
0.9465048313
0.0056317197
0.0033695151
0.4996323287
0.0503585078
0.0130044688
0.0036461633
0.0054984451
0.0095193284
0.0077335518
0.0198610313
0.9030084014
0.0437263660
0.0100053102
1.0076668262
0.0058477330
0.0091277556
0.0043728524
0.0372600108
0.0151902782
0.0170710944
0.0035661212
0.0346756279
0.0077419942
0.0523268096
0.0535635687
0.0439190529
0.0040468406
0.9601768851
1.0177903175
0.0726720318
0.0571774505
0.0034088632
0.0593923852
0.0127182854
0.0074694739
0.0077036349
0.0086601824
0.0262764711
0.0070464835
1.0879700184
0.1080265865
1.0717996359
0.8683747053
0.0489867739
0.0143104680
0.0188661125
0.0882617906
0.0144189205
0.0037812113
0.0082965726
0.8430335522
0.0781543404
0.0276095457
0.0269909892
0.0044019739
0.1463748664
0.0130400993
0.0121492231
0.0095463684
0.7241757512
0.1889003962
0.0415788218
0.1301004440
0.9932867289
0.0066289590
0.0389879048
0.0091956109
0.0511394702
0.0048704948
0.0410298593
0.0100290235
0.0204112865
0.0395814404
0.0176405199
0.2934246957
1.1583737135
0.0759222135
0.4130665362
0.0102952812
1.0789924860
0.0314927511
0.0221182778
1.0416101217
0.0044458769
0.0102020158
0.9856719971
1.0920175314
0.8848606348
1.1016221046
0.0095864115
1.1469955444
0.6128838658
0.0307351053
0.0587384440
0.0256109592
0.0719147027
0.0122002512
0.0283229761
0.1313671172
0.0213712975
0.1413491964
0.0076012928
0.0713580623
0.0070057088
0.0767511055
0.9975645542
0.8793442249
0.0076288441
0.6804860234
0.2141492367
0.0107103335
0.0045776838
0.3128554523
0.0073479065
0.0065214373
0.0044641071
0.0059093852
0.0203095581
0.0241954718
0.0169681311
0.0042617037
0.0356226973
1.0416126251
0.0135958707
0.0060879751
0.0175303314
0.0199105665
0.0030143054
0.1062200367
0.1806612164
0.0166143905
1.0100089312
0.8703868389
0.0750173479
0.0089526130
0.0367022268
0.9990313649
0.0071461503
0.0069183265
0.0095886653
0.0128527563
0.0107098361
0.9516359568
0.0204395875
0.0057364181
0.0641310215
0.0378795750
0.0556766093
0.0266501512
0.9173315167
0.9494054317
0.0187870245
0.0038430598
0.0092628160
0.0161758605
0.0071897968
0.0306883138
0.0057310322
0.0033593327
0.0187979322
0.0057585803
0.0079745119
0.0065609058
0.7123848796
0.0058341161
0.0080072237
0.0669866577
0.2818698883
1.0256279707
0.9214143157
0.0283677951
0.2391254306
0.9689915180
0.0128707662
0.6287251115
0.0084262053
0.0083226953
0.9935880303
0.0047796774
0.2020880282
0.0178276096
0.0127352141
0.0144598801
0.0080150422
0.0668359548
0.0079136873
0.9042637944
0.2908374071
0.0123261716
0.0030912613
0.0063806805
0.7729147077
0.0034871411
0.0056010457
0.1586751342
0.0116449483
1.0177805424
0.0083889225
0.0688359737
0.0030525746
0.0057048677
0.0301205311
0.9555650949
0.0043451996
0.9972547889
0.0161765385
0.3299664259
0.0041770400
0.0100943428
0.0796752349
1.0618579388
0.0668932945
0.0050207949
0.0058805267
0.0435110889
0.0480378345
0.8307927251
1.0560911894
0.0031285945
1.0276422501
0.0043750033
0.1017166898
0.1682043523
0.0029754692
0.7545034885
1.0209629536
0.1793673187
0.0029807694
0.0062208171
1.0605938435
1.0103743076
0.0101617305
1.0674977303
0.0040990906
0.3567368686
0.6760756969
0.0174552519
0.0093920492
0.0944282487
0.0748720989
0.1266184896
1.0996680260
0.3705296218
0.1446597874
0.0165468771
0.0743199512
0.3814043999
0.0225603636
0.2813872397
0.1864868253
0.1089928672
0.0165400542
0.0164545272
0.0139534408
0.0251738671
0.3602499962
0.0051958566
1.0178809166
0.0089756679
0.2264820933
1.1012258530
0.0656915009
0.7980303168
0.5845116973
0.0165480115
1.0693293810
0.8727517128
1.0228624344
0.0138903214
0.0115270326
0.0047352230
0.0157520771
0.0065122615
0.0165441502
0.0078681558
0.0295541771
0.1329467893
0.9892762899
1.0642676353
0.0189844221
0.0515984930
0.0161656756
0.0416296907
1.1167887449
0.0096538803
0.0318576917
0.0317340791
0.0220420249
0.0133820269
0.0060263397
0.0152863804
0.0337891541
0.0188680254
0.6969813108
0.0265520159
0.3376949728
0.0317436643
0.0088496068
0.0068948176
0.0062382608
0.1236717105
0.0896249786
0.2452726513
1.0572830439
0.0326707289
0.0553144030
0.5786951780
0.0088589108
0.9287764430
0.0214135218
0.0108229835
0.0030574154
0.0118097253
0.1547221988
0.0096236700
0.0292687118
0.0378500000
0.0126511920
0.4469181299
0.0292181000
0.0184654072
0.0056305244
0.1553122401
0.5869139433
0.0196936522
0.0111102024
1.0309567451
0.8568133712
0.0030628501
0.0197704304
0.8297148943
0.0075206980
0.0550016053
0.1303909421
0.0052181212
0.0041441242
0.0306539331
0.9611135721
0.4495564401
0.0142453294
0.0118802208
1.0221042633
0.0210520793
1.1172003746
0.0192044973
0.0337898433
0.0037488420
0.0215266664
0.0092044966
0.0340178274
0.0047501558
0.4506124258
1.0096685886
0.0055587264
0.0251327176
0.0279456526
0.0135891298
0.8917344809
0.0176509377
0.0067243665
0.0079308003
0.0075655021
0.0191097707
1.0960448980
0.0190487783
0.0032911771
0.0081199212
0.6190905571
0.0048536155
0.0052470169
0.0111489445
0.9702396989
0.0067327381
0.0095207496
0.4023139477
0.0977727547
0.0137906866
0.0577342138
0.0283668507
0.0046045464
0.0288256407
0.0277329478
0.0141128199
0.0243495479
0.0088917734
0.0065848762
0.7398757935
0.0507670343
0.0399726033
0.1160287932
0.0182158854
0.9527935982
0.3480271101
1.0975060463
0.0198093709
0.1008555070
0.0118867327
0.9127162099
1.0117075443
0.0324931890
1.0036853552
0.0194907505
0.0635823607
0.0044292272
0.6699202061
0.0058909999
0.0509421229
0.0061778645
0.0053394996
0.0034584985
0.0259961132
0.0087725734
0.0038459280
0.9105748534
0.0108684208
0.0112727648
0.0800687969
0.0162534639
0.0133640217
0.0122832684
0.0241250210
0.0092853503
0.9049860835
1.0622968674
0.2040870488
1.0082492828
0.0152226742
0.0066912202
1.0138818026
0.0040824045
0.0033667979
0.0102190990
0.0102749979
0.1661517024
0.0433403887
0.1881981194
0.0784734190
0.0548241325
1.0716675520
0.0199195258
0.0187586565
0.0221420452
0.0391993634
0.0219728388
0.0063318866
0.0081560053
0.0085498970
0.0287640784
0.5675331354
0.0091392994
0.0211209413
0.0238330700
0.0051707332
0.2629970908
0.6009213328
0.0463375114
0.3588916957
0.4373317659
0.2798721194
0.2386578172
0.0227163099
0.0031667533
0.0068026744
0.2520509958
0.0886963755
0.9029675126
0.0200966075
0.4669921398
0.0042970423
0.0042980257
0.0600956865
0.0097057186
0.0722933635
0.0050760396
1.0402350426
0.0397474393
1.0725599527
0.0095386915
0.0844321474
0.0086073335
0.0091594020
1.1257066727
0.0049117641
1.1312667131
0.0440168045
0.1722059101
0.9234222174
0.0041589565
0.0046334690
1.0367723703
0.3038031459
0.0607429929
0.0197504461
0.6433974504
0.3359783888
0.7287148237
0.0047652391
0.0207240842
0.0452887863
0.0099692624
0.0104227699
0.0033161866
0.0206958316
0.1074706763
0.0077265669
0.0132466331
1.0165424347
0.0031424202
1.0419991016
0.0252901800
0.0227519870
0.9888852835
0.0742778182
0.0155827031
0.7975427508
0.0046710121
0.0038194798
0.0052358336
0.0065410580
0.6835787892
0.9407673478
0.0358622260
0.0186410863
0.0148389731
0.0302053373
0.1599256098
0.0095841251
0.0221898817
0.0063876705
0.0088538490
0.5154914260
0.2311961204
0.0074582943
0.1819281727
0.0803278908
1.0092242956
0.0053307633
0.0126409307
0.0188094154
0.0143978503
0.4048941433
0.0074794153
0.0267785713
0.0080700554
0.0043084412
0.0117875868
0.6709142327
0.0037445365
0.0157264713
0.0060214759
0.0069490667
0.1047538593
0.0315327048
0.3956314921
0.0077271168
0.0101857372
0.0175329968
0.0051241838
0.0710153207
0.1723363847
0.0579683408
0.7668579221
0.8341853023
0.7256639004
0.0046140524
0.1226704121
0.0097203618
0.7991080880
0.0031265973
1.0638409853
0.0122308629
0.0326364264
0.0035429774
0.0559576936
0.5154513717
0.3976448774
0.0189130306
0.0097591178
0.8752225637
0.0092074405
0.0203813221
0.0342641994
0.0473609380
0.0071335873
0.0035473986
0.2996299267
0.9866665006
0.0050567323
1.0186140537
1.0791894197
0.0039643710
0.0131434351
0.0334372073
0.0097454237
1.0195488930
1.0206588507
0.0150036067
0.0257683061
0.0569779985
0.0213730000
0.9645000696
0.0158533100
0.7741628885
0.8187355995
0.0262069926
0.0340138450
0.0070978962
0.9984936714
0.0204277895
1.0446923971
0.0098822415
0.5481563210
0.0053306399
0.0031699007
0.0188413579
0.9532390833
0.0240024757
0.0829506293
1.1073917150
0.0683216676
0.7040789127
0.0034951614
0.0243993588
0.0104098404
0.9846580029
0.4558057785
0.0324829258
0.0239997450
0.0139968609
0.8632215261
0.9648938775
0.1414035410
0.0216187183
0.1790456325
0.0111600338
0.0198522974
0.1646177471
0.0291394554
0.0677166283
0.0129770925
0.0029718101
0.0187536851
0.0590819865
1.0725641251
0.9002834558
0.0379281342
0.0184993483
0.0372351520
0.0047048810
0.5891113281
0.0103819231
0.0035967634
0.0115402089
1.0290617943
0.0153278373
0.0032425018
0.0043444466
0.0189216994
0.0063635926
0.0074242176
0.0067754900
0.0827543586
0.0492583513
0.9988890290
0.0052601886
0.0834878907
0.0209104959
0.0278366879
0.9981681705
0.0031371531
0.0150841717
0.0170548074
0.9694857001
0.6898837686
0.0036605187
0.0293005314
0.9342959523
0.0267431568
0.0144467950
0.0068857153
0.0514265411
0.0569761246
0.3871888816
0.0080350665
0.0306115802
0.8500858545
0.0107266447
1.0444027185
0.0151933292
0.9275009036
0.0060026036
0.0074011083
0.0894841850
0.0051197750
0.0109659033
0.0085374750
0.0054489342
0.7381663322
0.4978442490
0.0348420739
0.0309427958
0.0411926433
0.0034114569
1.0786821842
0.0404938608
0.0446644612
0.0200794619
0.0049523371
0.0709323436
0.0046097534
0.0148219895
0.9181973934
0.0049044825
0.0058885412
0.3991155922
0.6445507407
0.0038364567
0.0077941050
0.0409333110
0.0029531145
1.0223915577
0.0514672361
0.0139191868
0.0063678478
0.7467181683
0.0267311819
0.0529700518
0.0301079992
0.0084671341
0.0096790744
0.0157436691
0.0364286490
0.0042527183
0.0422791839
0.0876461118
0.0193664972
0.0031327480
0.4146449566
0.0095390463
0.0063911071
0.0076199593
0.9000801444
0.0081700729
0.0060695987
0.0105655165
0.0567204244
0.0044966252
0.7617590427
0.0067523858
0.8947131634
0.0089751473
0.0088030295
0.6860383153
0.1386769861
0.0768457651
0.0421075001
0.4446409643
0.6883452535
0.0423985720
1.0627059937
0.8852837086
0.0836834535
0.0089371772
0.2292702347
0.5341150165
0.0047719213
0.2282129675
0.2813121378
0.3959000409
0.0452806316
0.7842365503
0.0116871307
0.4735562205
0.6772696376
0.1192427427
0.0044433908
0.0033224209
1.0077440739
0.0037312468
0.0266174134
1.1179020405
0.0590604544
0.0196360983
0.7950695157
0.3014208376
0.0194414854
0.0550653003
0.0033732525
0.0182424765
0.9177725911
0.0618691668
0.3567513824
0.0288042352
1.0325292349
0.0195275620
0.0559296608
0.0048594344
0.0095705763
0.0439515039
0.0075166593
0.0220398884
0.0063609025
0.7439017892
0.0164318290
0.3553223014
0.0168563873
0.0441620611
0.0284190532
0.0063920962
1.0384526253
0.2347348630
0.3067476749
0.0180887524
0.0049329544
0.0249375552
0.7706304789
0.0407155491
0.8072808385
0.0121635962
0.9049420953
0.0806199089
0.0333844088
0.0277369581
0.0125325331
0.0436841808
0.0119873825
0.0366659760
0.0149411680
0.0038671263
0.1643559784
0.8333036900
0.0194791816
0.0661040246
1.0755081177
0.1649083197
0.4077339768
0.0245355126
0.0065804794
1.0172830820
0.0111018494
0.7916437984
0.0576193444
0.0234418288
0.7113622427
0.1411324292
0.2352875769
0.0042123138
0.0284165628
0.0582691431
0.0046289111
0.0072746552
0.9887377620
0.3280903697
0.4692447782
0.0033155973
0.8962844610
0.0242768470
0.7981809974
0.8576900363
0.3962558806
0.6995372772
0.0039698430
0.0026831247
0.5877513289
0.0311120432
0.0046670167
0.6975712180
0.0055577061
0.0241973549
0.0933488756
0.0050702337
0.0231249966
0.1760952622
0.0129389623
0.8720389605
0.0052790516
0.0100934068
0.0289983228
0.0766095221
0.0147294505
0.0334065817
0.5221678615
0.2159741074
0.0144281797
0.2154030800
0.0607514158
0.4753344953
0.0175426174
0.0256453324
0.1552484632
0.1131655276
0.0051058722
0.0682169721
0.0950333253
0.1399267763
0.0186877698
0.0177865569
0.0116712255
0.0292569418
0.0034517222
0.0035448135
0.0045210980
0.0245944746
0.0130421780
0.0081314417
0.1945870519
0.0036448319
0.1698317826
0.0104371933
0.0703286901
0.3685317636
0.0368576236
0.5393338203
0.0163326133
0.0037558544
0.1433339566
0.0044085616
0.0102916760
0.3988385797
0.0918258280
1.0388416052
1.0179636478
0.9842945933
0.0593379624
0.1591545045
0.2226058990
0.0030367989
0.7327963710
0.6432732940
1.0680027008
0.3800005317
0.0306137614
0.0735428706
0.0271379873
0.0568410419
0.8605278730
1.0837235451
0.7563653588
0.8488983512
0.0342190154
0.0329710618
0.0119975442
1.0787656307
0.0080762375
0.0153414244
0.0035886785
1.0110127926
0.3316954076
0.0161721427
0.0143787684
0.0264523253
1.0350505114
0.0540486388
0.1793257743
0.0035682381
0.1461369246
0.0517739728
0.0043622912
0.0128809325
0.1437752545
0.6819109917
0.0118988948
0.0785367265
0.0077870325
0.1205456704
0.0232313015
0.0556199811
0.0129962722
0.3257578015
0.0160280075
0.0721352622
0.0109265381
0.3619296551
0.0036930810
0.0972964317
0.0634130388
1.0795276165
0.9501867890
0.9860016108
0.0058263000
0.0623055957
0.9649325609
0.9044044614
0.0038557835
0.0243871044
0.0031619743
0.0704762936
0.5948451161
0.0434266515
1.0479871035
0.0034999992
0.0047943345
1.0473905802
1.0176436901
0.0250078533
1.0452359915
0.0056005572
0.9910889864
0.0287026577
0.0120547451
0.0582867339
0.2742789090
0.0469111949
1.0469264984
0.5273881555
0.0041272403
0.6087395549
0.0313878097
0.0616129749
0.0150780519
0.0142607270
0.0090936050
0.0406310037
0.9403020740
0.0285531934
0.0121184895
0.4803611934
0.0188050661
0.0091686537
0.0255192742
0.0043392307
0.0076768976
0.0041853171
0.0066596186
0.0158251636
0.0540555343
0.0069608954
0.0057039401
0.0234686788
0.0077561447
0.0433138348
0.0035508932
0.0041595539
0.0061810263
0.0130644869
0.6058315635
0.1437667012
0.4458605945
0.9343516827
0.0541989319
0.0364038274
1.0016696453
0.0038010194
0.0060282242
0.0088768024
0.4412607253
0.1212773398
0.0125407465
0.0106583890
0.8564776778
0.9338890910
0.2588928640
0.0358385220
0.8498592973
0.7479070425
0.4305762053
0.0104285069
0.0379548445
0.0032978919
0.0346968584
0.0314450301
0.0235216618
0.2803763151
0.0029154846
0.0073602623
0.0121638943
0.0127081005
0.0334635079
0.0187556446
0.0227769203
0.0102394754
0.0368450321
0.0908393934
0.0195293762
0.0346177667
0.0294212643
0.0111698573
0.0722248256
0.0053492184
0.0037531238
0.0118762376
0.0467779003
0.5386600494
0.0657331645
0.0232596677
0.0050430326
0.9020071030
0.9015374184
0.2830285728
0.0371225737
0.0254085585
0.0314994566
0.0363558866
0.3685819507
0.4531212449
0.0102219842
0.0463536456
0.0365925729
0.0062959446
0.0524352416
0.0469242111
0.3639734983
0.0288975686
0.1120007038
1.0183781385
0.0146576939
0.1615591794
1.0481594801
0.0204236899
0.3725180626
0.0481865779
0.2580667436
0.0325475149
0.0697494820
0.9878979921
0.0076870909
0.0625293180
0.0342694893
1.0439752340
0.0097078132
0.0840418935
0.0133177824
0.2113946527
0.0135627892
0.0087345866
0.9841075540
0.0197960548
0.0157345291
0.2607258260
0.0663741305
1.0466455221
0.0259135421
0.0229819641
0.0035915992
0.0621904731
0.6375848651
0.0187799837
0.3374390900
0.0674234256
0.0032175868
0.0059089726
0.1784422100
1.0906910896
0.1063977778
0.0606691614
0.0056354878
0.0039098347
0.0115618808
0.1290230900
0.0520072319
0.0080715586
0.2571995258
0.3709673285
0.0144098671
0.1342188269
0.0116850836
0.4984948039
0.0213217363
0.0464389138
0.0913929343
0.0083554974
0.0126476381
0.0260418523
0.0851628333
0.0118496837
0.7856514454
0.5500525236
0.2498978078
0.0625110045
0.0100492816
0.1810438782
0.0090752654
0.0445112623
0.1079603955
0.0263545420
0.0174398087
0.0573695078
0.0278277025
0.0036931115
0.0711592361
0.0105936117
1.0036484003
0.0096766800
0.0157395005
0.0598748401
0.0132562369
0.0102488799
0.0954732746
0.2750120759
0.0119883865
0.0054732924
0.0064480412
0.0171293579
0.0338036045
0.0062175826
0.0083836503
0.5231207609
0.0048100213
0.0096867085
0.0040940163
0.0046546077
0.0073388210
0.0399691388
0.0718485266
0.1253357232
0.0396599770
0.0216387790
0.5497753620
0.7424440980
1.0982340574
0.0044544595
0.0586854443
0.3168436587
0.3748931885
0.0774487630
0.0536803976
0.1175268739
0.4434526563
0.6073908210
0.0049363673
0.0260598660
0.0070795203
0.0042154687
0.0059920126
0.0094697354
0.0049374709
0.9836326838
0.0099070342
0.0073776259
0.6586060524
0.0348345861
0.0215202980
0.0271061677
0.0074005704
0.1122918501
0.0079457713
0.0068382090
0.0115604158
0.2759971619
0.0045425259
0.0107667781
0.0051766215
0.3136373162
0.0129321832
0.1860893071
0.0088527696
0.0083511947
0.0420693420
0.0488986261
0.0736925602
0.0137169957
0.0969145820
0.0283697806
0.0555310026
0.0116372313
1.0359199047
0.3271952569
0.4837720394
0.0091386167
0.0546878278
0.0243279729
0.0197016355
0.0224456191
0.6430247426
0.0113017187
0.0092785982
0.2401574552
0.0813607424
0.0254214574
0.0749228075
0.0136012705
0.1872241944
0.0227106512
0.0139590567
0.0292179715
0.2912681997
0.0358350500
0.0187861174
0.0394629538
0.0165164862
0.0055914647
0.8354699016
0.0228583086
0.0112842089
0.0029680938
0.0194146708
0.0205125157
0.0069294088
0.4953150749
0.1941553205
0.0299013928
0.0111670299
0.0219545756
0.0042465487
0.2024990618
0.0086192945
0.0373787247
0.0082491990
0.0264687613
0.1433619559
0.0037854151
0.0085643511
0.0044561857
0.0092743849
1.1026703119
0.0141205480
0.0030873085
0.0646981150
0.2739980519
0.1149875522
0.2305926085
1.0673037767
0.0069650891
0.1013126746
0.0152976969
0.0327223055
0.0103107272
1.0205250978
0.7015285492
0.0719489902
0.0039096866
0.0792144537
0.0043359972
0.9758921862
0.0057378304
0.0289419591
0.0611646138
0.0136406990
0.0530728586
0.0194088835
0.0110554891
0.0155188115
0.0078448867
0.0067223394
0.0075830542
0.1842086911
0.0720858872
0.0084284302
0.0030948480
0.5850530863
0.0646375641
0.2623967230
0.1942995936
0.5542656183
0.0487924963
0.6772619486
0.0277857389
0.3187611997
0.0029874612
0.0053011607
0.0103942556
0.4046697021
0.4819481671
0.1325708926
0.0084413514
0.0030534402
0.0717457086
0.0085755074
0.0788760036
0.0196216479
1.0522990227
0.0470545329
0.6307498217
0.3700500727
0.2724803388
0.0404771529
0.0479674600
0.0669218898
0.0129595632
0.1499678344
0.0051111626
0.0609382391
0.0085524693
0.0236050524
0.0038938890
0.4788186252
0.0360687748
0.0031717373
0.9314181805
0.0447659977
0.0053228587
0.4114959240
0.0186424609
0.4978712201
0.0053395629
0.0358436033
0.0189197678
0.6829986572
0.0104376301
0.0172518771
0.1184618771
0.0094281444
0.8257440329
0.2519948184
0.0065172422
0.0377734341
0.7234984040
0.0099043343
0.0255581196
0.0137025900
1.0232015848
0.0051350570
0.0134738265
0.5364165902
0.0059281653
0.0178549513
0.0187945440
0.0084671816
0.0346827209
0.4654510021
0.5351459384
0.0216252953
0.0117223021
0.0551648326
0.0339591019
0.0134044075
0.0538733453
0.0079978397
0.0129861850
0.0111352606
0.0137278344
0.0059441701
0.0060432488
0.0066492734
0.0077726836
0.0050080190
0.1022708118
0.4469895959
0.0185215883
0.9363089800
0.0085387528
0.0069091977
0.0044883457
0.1487295330
0.0032090300
1.0485109091
0.0119969416
0.0940941498
0.0301453043
0.0143403225
0.3254294395
0.0046072626
0.0420878530
0.0312090181
0.0193308890
0.0107860854
0.9929342866
0.0275361445
0.0047550271
0.0182687659
0.0317666270
0.0179109517
0.0294228848
0.0045363540
0.3259737790
0.0379043482
0.0044104503
0.2115834653
0.0033259960
0.0083223386
0.1734734327
0.1118793413
0.0058901682
0.0371083654
0.0681898147
0.2405771911
0.0056534633
0.0131365238
0.8334542513
0.2682697475
0.0393490568
0.0257125348
0.0191117115
0.8310931921
0.1458459944
0.0080801072
0.2026842237
0.0193082988
0.0277934466
0.0232920572
1.0278372765
0.0975074917
0.0038240571
0.4409691095
0.0045223259
0.0335576832
0.0270915478
0.1853003651
0.0075797495
0.0098972833
0.0153695513
1.1084151268
0.0218647663
0.0406411327
0.0040073646
1.0708335638
0.5705233812
0.0213988516
0.0345391743
1.1136053801
0.0046542003
1.0543143749
0.0078527704
0.0162373744
0.0792210326
0.0064643994
0.4651607871
0.0572706759
0.3828017712
0.0778217912
0.1719809622
0.2580508590
0.8107735515
0.1501086056
0.5074108243
0.0223254152
0.0071091629
0.4281178415
0.0055002472
0.0103703067
0.0118697863
0.0749854296
0.4110975266
0.9955646992
0.0066296943
0.0950097665
0.0642612949
0.2910086513
0.0041989530
0.1084951386
0.0801670626
0.1270744652
0.0304948725
0.0064590028
0.0566186309
0.0815434828
0.0188348889
0.0738073736
0.0042722612
0.0046257325
0.2408586740
0.0146877123
0.0343760997
0.0179017894
0.3227559328
0.6673552394
0.4802578390
0.0053588087
0.0166981071
0.4852965474
0.0363427252
0.0152810821
0.1930261999
0.0503068492
0.0035977329
0.7831636667
0.6128758192
0.0320436060
1.0489184856
0.0970898643
0.0212166570
0.0049924287
0.0033878889
0.0676956922
0.0105428062
0.0081726927
0.9604586363
0.0179650486
0.6043244600
0.0294941068
0.0624103434
0.0792142898
1.0042828321
0.0064483327
0.0433741733
0.0315212794
0.0274669956
0.0113800429
0.0123617081
0.0473882295
0.0426176786
0.7582259178
0.0073724063
0.0189555436
0.0253202990
0.0268434510
0.0040903664
0.0036323867
0.0517248400
0.4651034176
0.0136327697
0.0066966675
0.1599924266
0.0142420521
0.0033910805
0.4000529945
0.5257823467
0.4171084762
0.1134704128
0.7403801084
0.0206002779
1.0901161432
0.0252746288
0.1703111827
0.2637201846
0.5772975087
0.0586556308
0.7390781045
0.4525124133
0.0210662447
0.2147075832
0.0241178218
0.0094800675
0.2061645389
0.0127382036
0.0894194320
0.1038566232
0.4235627651
0.3564867079
0.0285364296
0.0034242705
0.1430741400
0.0190366842
0.0253520720
0.0071640192
0.0077164914
0.1143522933
0.0121545494
0.0078839259
0.0245817695
0.0570846424
0.1811192036
0.0646778271
0.8102939129
0.0257652979
0.0279464461
0.1021983027
0.1276275069
0.0180734731
0.0035986630
0.0470339209
0.0134703452
0.0283934660
1.0342110395
0.0152102085
1.0919345617
0.6699896455
0.3046400845
0.2964317799
0.0037044196
0.0085635418
0.0111075761
0.0728610456
0.7948755026
0.0038198330
0.0032560311
0.0126618454
0.1178769171
0.0254174005
0.3071639538
0.0102174859
0.0270639993
0.0049665547
0.0411897488
0.1333145946
0.0111794733
0.0069071371
0.6249827147
0.0099322293
0.0524141230
0.0589073524
0.0059752436
0.0049248328
0.0050008027
0.0068044905
0.0345665365
0.0457214937
0.0043293294
0.0254912637
0.0084374649
0.6555032730
0.3550415337
0.0174540393
0.0143494233
0.0241173729
0.1435559392
0.0213030148
0.4752604365
0.4404468536
0.0183183607
0.0195019916
0.0091729015
0.1777205765
0.1890653223
0.0037149591
0.0465153605
0.0213728454
0.5626771450
0.0041381596
0.0746536255
0.3342923820
0.0388584808
0.1170349941
0.4913322330
0.0272679850
0.1048262566
0.2359357625
0.0260250662
0.4573439658
0.0246243831
0.0197583791
0.0030572524
0.4967431426
0.7707756758
0.0445796996
0.0084284376
0.5959523916
0.0062820790
1.0880532265
0.0160290971
0.0398762189
0.0078533953
0.0763965100
0.1430018991
0.0059805433
0.0129565690
0.0195041373
0.0055740289
0.0048770672
0.8541629314
0.4423838258
0.0085662594
0.0052397968
0.0292228423
0.0312838852
1.0158512592
0.0069858101
0.0464977324
0.0049498002
0.1944036782
0.4218926728
0.0029542895
0.0189288910
0.0625382811
0.0168152489
0.0177056473
0.0207574181
0.0324327312
0.0066494141
0.0399076939
0.0051505328
0.0065131895
0.0047349492
0.0074593788
0.0040619918
0.0070456988
0.2547478676
0.0087583968
0.0503860153
0.0124374228
0.0487906858
0.0163955670
0.0400292911
0.0132893985
0.0117889484
1.0586707592
0.0048272973
0.0069238916
0.3710227609
0.5136317611
0.1020607501
0.7071592808
0.0101419259
0.0171989109
0.0228590630
0.0062729465
0.0601477064
0.0157213211
0.0071477396
0.0225735512
1.0266383886
0.7748529911
1.0493290424
0.0073696286
0.0341055766
0.0109140398
0.0275856890
0.0402253754
0.0182031542
0.4616425633
0.0033524064
0.0067438455
0.0501154326
0.0217224862
0.0033393069
0.0102977920
0.0270861648
0.0432395339
0.0302665047
0.0122725237
0.0200780183
0.0050077890
0.0154796205
0.0031296122
0.0059173270
0.0388564952
0.0131818578
0.0209619403
0.0358767845
0.0041331858
0.0045595416
0.0326418355
0.0217709355
0.0039667021
0.0362966843
0.1805392206
0.0053194431
0.0172475353
0.5576134920
0.0170868970
0.0679998994
0.1605301350
0.0042873202
0.0055544227
0.1108133048
0.0077552879
0.6951860785
0.0254220124
0.1297359914
0.0067166663
0.3439297974
0.0254494287
0.0056857322
0.0376436897
0.0114933839
0.0049486058
0.0074512190
0.0746435598
0.0223841909
0.0740496144
0.2882381082
1.0251970291
0.0392764173
0.0639483929
0.0039780308
0.0059870183
0.0142780039
0.0069062635
0.0563963540
0.0599664003
0.0057317908
0.0030032571
0.0207317732
0.6879649162
0.0368987471
0.0326561183
0.0066385157
0.0067341537
0.0267983433
0.0139366109
0.0129211880
0.0562490337
0.0495127067
0.0063891802
0.0269356091
0.0469935089
0.0060980869
0.0255741756
0.0283794180
0.0193933379
0.0183113404
0.0318119749
0.0055725360
0.0143224066
0.0214660298
0.0320497639
0.0678683370
0.0222247634
0.0308265351
0.0255019814
0.0691275522
0.3454217315
0.0179116968
0.8085106015
0.0089475624
0.0040253079
0.0912010595
0.0050993469
0.1088592559
0.0383593887
0.0039450093
0.0366039090
0.0637536198
0.4126230776
0.0193121545
0.2447668016
0.0070701623
0.0073242397
0.0091392389
0.0107196197
0.0178301558
0.0182178523
0.0071606725
0.0626038685
0.0302462187
0.0391264036
0.0042742104
0.0752964243
0.0142353084
0.0831591859
0.0053812764
0.7905705571
0.0150764696
0.0460305996
0.1433113366
0.0049423589
0.0614765920
0.0126556922
0.0052093752
0.0302731209
0.0213655531
0.0532777384
0.0043610372
0.0235858448
0.1293189675
0.0815942436
0.0462177806
0.0402988009
0.0866564587
0.0711183921
0.0261281505
0.0661843419
0.0430164970
0.0143454121
1.0062597990
0.0231499467
0.0244894121
0.0151441647
0.0052620387
0.0154438987
0.0855005533
0.0162474550
0.1104063243
0.0244129244
0.0361981615
0.0467111170
0.0694147199
0.0252236389
0.0030033339
0.0523576811
0.0563079491
0.0043601287
0.0377244428
0.0071960241
0.0184782967
0.0131562771
0.0143464375
0.0037580177
0.0134035377
0.0639579073
0.0075191380
0.0060015460
0.0086387731
0.0230400544
0.0122607183
0.0355276503
0.0549459793
0.0463079549
0.0061423653
0.0052058273
0.0371137038
0.0400972255
0.0080143139
0.0344900191
0.0455143377
0.0456170402
0.0030679770
0.4693619907
0.0287100654
0.0176203419
0.3969808817
0.0229457244
0.0587046444
0.0313653089
0.0136302095
0.0220254157
0.0487306751
0.0320609510
0.0119487680
0.0495716594
0.0396674164
0.0600141287
0.0156276450
0.0284917634
0.0555672683
0.0131721674
0.0102623533
0.0169912130
0.1401454657
0.0045910939
0.0575068928
0.0574786887
0.0328501165
0.3415573537
0.0322758406
0.0119818971
0.0129169608
0.0175940674
0.0337773189
0.0063593970
0.0092658447
0.0900769308
0.4703915119
0.0516709015
0.0177515782
0.0075707100
0.4515229762
0.0253567882
0.0289881211
0.0077953422
0.0204818845
0.0050090589
0.0150799695
0.0410967618
0.0106417751
0.0048306426
0.0480481237
0.0222210344
0.0120165981
0.0035727562
0.1657950878
0.0397019014
0.0445898026
0.0256390143
0.0035348544
0.0220061261
0.0440448374
0.0157193523
0.0463384576
0.0072273607
0.0035355140
0.0443026908
0.0512960255
0.0206555035
0.0246716347
0.0314565115
0.0298571233
0.3774651587
0.0389502086
0.0439663380
0.0228446778
0.0089057451
0.0196568854
0.0253320895
0.0061087962
0.0779223889
0.0112338960
0.0066412985
0.0719373897
0.0695509017
0.0101516899
0.0130725699
0.0187850520
0.0332173221
0.0351904407
0.0239893328
0.0030585371
0.0096957693
0.0131858625
0.0201583281
0.0200996082
0.0055563436
0.0413114280
0.0209379978
0.0711427703
0.0048439275
0.0129211321
0.0138444565
0.0286433008
0.0071667563
0.0473761111
0.0113188261
0.0103632659
0.0180679783
0.0684300736
0.0029113232
0.0205768459
0.0437902324
0.0098143099
0.0136392945
0.0056547769
0.1824095547
0.0149522498
0.0051637455
0.0079181213
0.0050248718
0.0065188161
0.0177208446
0.0542648099
0.0241633728
0.0063676895
0.0399996489
0.0353729986
0.0389082693
0.0052078678
0.0052060345
0.0874971077
0.1013864577
0.0062989728
0.0277366564
0.0067430120
0.0085773114
0.0149587244
0.0346210413
0.0271421243
0.0135318777
0.0052028969
0.0469055958
0.0548524521
0.0035823314
0.0514184237
0.0111831268
0.0031168687
0.0707375705
0.0421348922
0.0161543749
0.0402053744
0.0186952166
0.0677988306
0.0117308469
0.0717456043
0.0094825383
0.1393983960
0.0407200344
0.1583362073
0.0267114937
0.0086383605
0.0243136641
0.9357904196
0.0324440785
0.0071885884
0.0029889417
0.0035746603
0.0047875331
0.0211405940
0.0044894768
0.3090861738
0.0081932964
0.0839200467
0.1106716841
0.0118429540
0.0098902043
0.0184663069
0.0088787945
0.4552351236
0.0063553434
0.1405085921
0.0167578645
0.0276137274
0.0142857209
0.0101448148
0.0056177890
0.0086483946
0.0177535862
0.0633655339
0.0094177658
0.0042439932
0.0065559191
0.0115652867
0.0208072476
0.0479051918
0.0271644313
0.0882028043
0.0113006141
0.0392660275
0.0037321199
0.0032490643
0.0112794777
0.0155654596
0.0237270389
0.0456340685
0.0074130581
0.0141283059
0.0762901455
0.0370291099
0.1338607669
0.0184616018
0.0286321938
0.0388489179
0.0030525264
0.0244583841
0.0034212079
0.0093880137
0.0632786825
0.0142594045
0.8615092635
0.0377842896
0.0078769354
0.0187358782
0.0105052525
0.0848620608
0.0179156493
0.0340267681
0.0309984274
0.0050414782
0.0078602573
0.0143474629
0.2796632051
0.0042539551
0.0850336850
0.0881837308
0.0471666344
0.0261200052
0.2738375962
0.3453034759
0.0088734534
0.0046782941
0.0516701899
0.8260576725
0.0110055869
0.0245068055
0.0111793727
0.0065041203
0.0608380213
0.0050205649
0.0192043036
0.0996496975
0.0050864141
0.0230251998
0.0387356095
0.0922962949
0.0112529965
0.1160793304
0.0507413596
0.0681138262
0.0142712528
0.0765612796
0.0825564414
0.0094891870
0.0727155656
0.0189719647
0.0082207983
0.0704740882
0.0813949928
0.0630771965
0.0633285791
0.0532537960
0.0385189094
0.0092934901
0.0037449207
0.1056636944
0.0112180784
0.0295456760
0.0204623584
0.0884148926
0.0058405865
0.0065585212
0.0081551131
0.0094544757
0.0219099894
0.0034503059
1.1011940241
0.0158870015
0.2069583386
0.0043535596
0.0420037843
0.1119135320
0.0194861889
0.0177354887
0.0903628543
0.0380946174
0.0954257548
0.0042793411
0.0039572157
0.0163304564
0.0031996819
0.1736258119
0.0119427042
0.0342111066
0.7681396604
0.0140530644
0.0894086957
0.0125673758
0.0094034057
0.0096815517
0.0986939669
0.5201771855
0.0280255880
0.0054732910
0.0037905860
0.1548160464
0.0264916141
0.0572350472
0.0200141612
0.0263370480
0.0884342119
0.0082610659
0.0330704413
0.0062383856
0.2493109554
0.4504425228
0.1430862546
0.0053496948
0.0826679096
0.0208247527
0.0240762457
0.0080855303
0.1006396487
0.0042430465
0.0586911291
0.0093635311
0.0036753020
0.0677383170
0.0131578445
0.0627206713
0.0039478084
0.0344892368
0.1578835398
0.0082995621
0.6959282756
0.0780204535
0.2131568640
0.0942585617
0.0495704263
0.0625319555
0.0109267458
0.0033381726
0.0531149469
0.0278439336
0.0210494455
0.9741858840
0.0409161337
0.1651821285
0.0101973061
0.5129232407
0.0421354063
0.0052021192
0.0055188271
0.0260492247
0.0133985607
0.0234611183
0.0088324426
0.3836130202
0.0278610829
0.0281859208
0.3666158617
0.0365409330
0.5792502761
0.0266154334
0.0180747341
0.0760390684
0.0559516735
0.0682548434
0.0038162610
0.0206077248
0.0059655695
0.0553662628
0.0433560275
0.0039622402
0.0058733774
0.0984545425
0.0044309483
0.0055047232
0.0148463463
0.0176977795
0.0394821987
0.0034663717
0.0047235158
0.1581415087
0.0447902679
0.0051355944
0.0783482492
0.0155678047
0.0608120859
0.0394646674
0.0175358802
0.0096639544
0.0175256263
0.0093182167
1.0779839754
0.0191034991
0.0108254142
0.0483040959
0.0038355775
0.0278612152
0.0055308514
0.0386299007
0.3196327388
0.0172099266
0.0177850183
0.0031062209
0.0048450115
0.0168899409
0.0086407382
0.0159426257
0.0213724766
0.0037500637
0.0039233589
0.0081029814
0.0189822055
0.0078405216
0.0296986867
0.0335157514
0.0049753860
1.0471011400
0.0031478358
0.0042881826
0.0264580548
0.0034400776
0.0201703701
0.0226497222
0.0592254251
0.0705434382
0.0115198977
0.0079273367
0.0187270306
0.0493666641
0.0199465193
0.0448316969
0.0134733003
0.0167348534
0.0702148601
0.0278350227
0.0046693599
0.0198825598
0.0746151060
0.0074302834
0.0101379929
0.0079808719
0.0685440451
0.0171367843
0.0233832486
0.0029188187
0.0039881896
0.0130165229
0.0728858933
0.2016890943
0.0712249279
0.0084849084
0.0088862209
1.1108224392
0.2325760424
0.1928709596
0.0475002714
0.0728304312
0.0794898346
0.0320331268
0.0539058782
0.1197692230
0.7146829367
0.3016349077
0.0086655207
0.0065845014
0.1921867579
0.0055930242
0.2469800711
0.0156599134
0.0420753919
0.4407268763
0.0629693717
0.4903923869
0.0042434949
0.0431325771
0.0138894124
0.0041568000
0.0058806133
0.1599676162
0.0500280559
0.0247525852
0.0459711254
0.0155929420
0.0030957719
0.0528914109
0.0042795329
0.0084349541
0.0517648421
0.0360767916
0.0925283805
0.0126017360
0.0048816809
0.0172875430
0.0378277488
0.0332556628
0.0975017548
0.3159551024
0.0289142672
0.1058679447
0.0778549612
0.0346386954
0.1870622933
0.0032933014
0.0157534163
0.0076023974
0.0053280145
0.0088062668
0.0032179421
0.0038711370
0.0219737981
0.0747882873
0.4484391212
0.0096529434
0.0161319301
0.0059760557
0.0080905054
0.0594396852
0.0184382778
0.0635360181
0.0552312955
0.0036107937
0.3524424136
0.0767039135
0.0132893678
0.0206543654
0.1283018142
0.0484691337
1.0131384134
0.0031686178
0.0161230098
0.0356808454
0.0036628605
1.1184736490
0.0358026735
0.0398625396
0.0041485275
0.0080022393
0.0651604831
0.0047764056
0.0029219138
0.0064183981
0.0939024910
0.0045831474
0.0037406122
0.0070000603
0.0130375577
0.0360982642
0.0087523321
0.0331331603
0.0080176061
0.0690598339
0.0048582172
0.0465524755
0.0376141705
0.0049143564
0.0041569434
0.0218272135
0.0703804940
0.0800504684
0.0171530619
0.0044587888
0.0260948036
0.0238395408
0.0262724571
0.0854637697
0.0054381583
0.0377024896
0.0576028340
0.0080360500
0.4245960414
0.5256884098
0.0040831165
0.0360101014
0.0103232581
0.0091536203
0.0241925064
0.0408961885
0.0685748160
0.0073686056
0.2026602328
0.1497869194
0.0349120833
0.0305009596
0.0030960029
0.0072963294
0.0427911468
0.0054268297
0.0035117415
0.1944879591
0.0936577320
0.0710834488
0.0522120669
0.0040465612
0.0116543127
0.0029359171
0.0196606312
0.0058778180
0.0439717956
0.0598899797
0.0066625956
0.0307183079
0.0145763289
0.0036342922
0.0278649591
0.0124158859
0.0171423107
0.0656830892
0.4108176529
0.0236588605
0.0034479620
0.0054105613
0.0175394937
0.0069842851
0.0030375679
0.0091736373
0.0745850205
0.0051551596
0.1666692048
0.0339897759
0.0064689866
0.2823458612
0.0923325047
0.0393129811
0.2139653713
0.0058089900
0.0317789577
0.0044215112
0.0055037648
0.0251824912
0.0097684311
0.0178956743
0.0104783494
0.1876435280
0.0133164003
0.0040328703
0.0135554355
0.0800214410
0.0117649296
0.0979290530
0.0149555271
0.0807136372
0.0631983653
0.0607665516
0.0118570970
0.0333481878
0.0048312955
0.6288453937
0.0136768650
0.0420747101
0.9753493667
0.2896907330
0.1703036278
0.0161660388
0.0806351081
0.0536217280
0.0169879459
0.0050615030
0.0350808278
0.0126392022
1.1625791788
0.0354638100
0.0151628396
0.0074490174
0.0060107522
0.0165518094
0.0144907804
0.0100005269
0.0148000456
0.0058580455
0.0070936652
0.0043839673
0.0036300540
0.0093742274
0.0149421003
0.0285750646
0.0756052062
0.9611278772
0.0233913902
0.0345554911
0.0227462631
0.0688089132
0.0041987938
0.0055913078
0.0051627872
0.0514787063
0.0142671345
0.0310915504
0.0194855370
0.0451673567
0.0084500415
0.0154894255
0.0152782723
0.0036331862
0.0252873413
1.0327930450
0.0217251014
0.0300274882
0.0308228005
0.0241730809
0.0450662039
0.3057494164
0.0048883064
0.0714212656
0.0091966474
0.1253763586
0.0093287146
0.0041973186
0.0987315178
0.0102012474
0.0390766561
0.0062273163
0.0308189560
0.0173975173
0.0034742423
1.1233384609
0.0101686427
0.0082003018
0.0710313171
0.0173016395
0.0135453353
0.0384066068
0.0168152768
0.0390644409
1.1142877340
0.0364284292
0.0036632551
0.0050140889
0.0029193871
0.0540597811
0.0199667756
0.0221194774
0.0035817935
0.0080092326
0.0297473222
0.0538594574
0.0659445077
0.0113232518
0.2829667628
0.0140978051
0.0034793951
0.0271140561
0.0185819790
0.0166184511
0.0585358702
0.0268753562
0.0140819578
0.0226135571
0.0719895661
0.0060729524
0.0153277749
0.0116446633
0.4782162309
0.0132375518
0.0419056676
0.1887966692
0.0211481433
0.0268386584
0.0132038854
0.0107901748
0.0797967017
0.0041182344
0.1500692368
0.0509172380
0.0278639439
0.0232940279
0.0387306996
0.0041514314
0.0049003060
0.0063282051
0.0392408744
0.0062575131
0.0234105755
0.0116598299
0.0290172435
0.0388436131
0.0135362996
0.0087826075
0.0176256374
0.5762541890
0.0052359472
0.5672800541
0.1396953315
0.0212241244
0.0220835172
0.0088564763
0.1393136531
0.0136305746
0.0440108329
0.0300103817
0.0072164633
0.0039165933
0.0155520970
0.0036776715
0.0127739413
0.0055653406
0.8471298814
0.0318579562
0.0536044352
0.0276978072
0.0102506857
0.0055971825
0.0977358744
0.0436860062
0.0838591233
0.0276286323
0.0148789100
0.0604450069
0.0091379266
0.0326294489
0.0050457828
0.0078166705
0.0248914305
0.0700760558
0.0273922980
0.0434882864
0.0045251381
0.0669593662
0.4145119190
0.0195620321
0.0197945200
0.0118681965
0.0133537678
0.0123931216
0.0226019826
0.0067243143
0.0412531644
0.0125457570
0.0118427398
0.3516559899
0.0130565781
0.0602388605
0.0078175170
0.0141830128
0.0854969546
0.0294344854
0.0037580605
0.0445567630
0.0188784581
0.1106561422
0.0286663678
0.0063506328
0.0076264418
0.0517204851
0.0484060086
0.0195706841
0.0188295208
1.1352033615
0.2070585936
0.0081462665
0.2472224534
0.0370664634
0.0090315891
0.0706349984
0.0104347439
0.0059718173
0.0554954298
0.0057553863
0.0259275902
0.0068630548
0.0064845290
0.0514158458
0.0132275512
0.1246868297
0.0448062867
0.0384807438
0.0033858439
0.0173655823
0.0332595259
0.0306901373
0.0109425420
0.0128047634
0.0312838852
0.1192870662
0.0243409406
0.0384325832
0.0410626791
0.0626543835
0.0154768340
0.0154008120
0.6124416590
0.0032949517
0.0226118639
0.0039217914
0.3370235562
0.0305235460
0.0674353540
0.0134362439
0.0213396102
0.0436979160
0.0107257571
0.1523308158
0.0121478569
0.0139170270
0.0157639701
0.0514248125
0.0038390069
0.0133560244
0.0120319100
0.0160604455
0.4538850188
0.0576803498
0.0136152813
0.0475989245
0.0452736728
0.0200024433
0.0034758570
0.0042819153
0.0192827526
0.0209705457
0.1121188998
0.0093383845
0.0057180272
0.0547073819
0.6618912220
0.0060711824
0.0108185373
0.0046512554
0.0319967642
0.0222571027
0.0305140726
0.0528311022
0.0289364234
0.0277134702
0.0754581168
0.0057937475
0.0136948684
0.0245562978
0.0197990891
0.0104480591
0.0059735905
0.0103125283
0.0083024278
0.1654445231
0.0419488139
0.0079434486
0.0083306199
0.0249321256
0.0164600853
0.0201984551
0.3167800009
0.0168062970
0.0054910723
0.0178454071
0.0092970086
0.0500849932
0.0525393374
0.0480023697
0.2460529953
0.0378795154
0.0346755683
0.0136369402
0.0126457885
0.0070896982
0.0036024584
0.0226473752
0.0081303874
0.0161936078
0.3383523524
0.2624424100
0.0576619692
0.0224376377
0.1312927157
0.0525422469
0.0638503581
0.0356796086
0.0099955108
0.0532341711
0.0077184439
0.0149870953
0.3256005347
0.0329760723
0.0051350989
0.2325271964
0.1155429706
0.0051597636
0.0065399362
0.0080924844
0.0557791665
0.0052304175
0.0105214193
0.0225062296
0.0044341590
0.0656531453
0.0194951054
0.0217144825
0.0102443649
0.0225789696
0.0030796705
0.0366590545
0.0413022451
0.0061184932
0.0279948991
0.0047077020
0.0361566283
0.0059530227
0.0517392494
0.0521215796
0.0238542743
0.0122436527
0.0104262298
0.0104242461
0.0164762158
0.0060526421
0.6380378604
0.0070686028
0.1201361269
0.0335765816
0.0830476880
0.0283678845
0.0471800007
0.0188213103
0.0304784086
0.0155312475
0.0032102377
0.0186100267
0.0126643088
0.0321322270
0.0359708928
0.0132142520
0.0663524494
0.0060459613
0.0070170132
0.0055810744
0.1307621151
0.0115563087
0.0440188162
0.0177608393
0.0733765364
0.0033565585
0.0059784106
0.0482777357
0.0154027957
0.0329129361
0.0218961723
0.0058527179
0.0178364031
0.0110118249
0.0168613642
0.0100876233
0.0053127985
0.0496293269
0.0266522951
0.0333201662
0.0661200806
0.0089766458
0.0477016307
0.0171727389
0.0562283136
0.0254892688
0.0071997219
0.0073518138
0.0586759187
0.0326006338
0.0121019408
0.0348414592
0.0331921391
0.0100555308
0.0345448628
0.0124188038
0.0480571017
0.0277115460
0.0118291834
0.0039109369
0.0287419874
0.0041415012
0.0088511705
0.0183558892
0.0037288405
0.0120031713
0.0062715313
0.0030436111
0.0236883592
0.0332348794
0.0054280940
0.0554139242
0.0137335137
0.0450735129
0.0217078049
0.0230243988
0.0071195499
0.0579320490
0.0317934416
0.0046003186
0.0030021861
0.0054355748
0.0126118306
0.0365368724
0.0050366055
0.0152120190
0.0108127249
0.0159306955
0.0066756308
0.0030562456
0.0539118946
0.0359723158
0.0045989449
0.0143730510
0.0071088169
0.0340549499
0.2728344798
0.0073142727
0.0122552346
0.0037242966
0.0056135468
0.2134706825
0.0379669555
0.0105411429
0.0115496293
0.0044117328
0.0338448882
0.0066834264
0.0337972231
0.0127565302
0.0095381653
0.0355146341
0.0077048228
0.0498307124
0.0114732552
0.0320474766
0.0650749877
0.0110729104
0.0268599167
0.0095416568
0.0868974403
0.0315713175
0.0260992590
0.0240940209
0.0110630943
0.0401345715
0.1318413317
0.0492515638
0.0093598152
0.0075280019
0.2314288914
0.0478609316
0.0114679392
0.0120899249
0.0362018496
0.1616294831
0.0375360772
0.1365904957
0.0038496989
0.0225721039
0.0393645428
0.0242756419
0.0167683773
0.0057676071
0.0093415612
0.0217924844
0.0063396534
0.0035548429
0.0543109290
0.3038596809
0.0896515325
0.0106500741
0.0512088761
0.0109037179
0.1207065359
0.0157105811
0.0387507454
0.0515654422
0.0097432164
0.0818642527
0.0172563735
0.0384633541
0.0318830460
0.0053692721
0.0359481648
0.0186837707
0.0152578894
0.0063534570
0.0265177824
0.0407329649
0.0165754035
0.0247884113
1.1210736036
0.0030663349
0.0362787209
0.0230476875
0.0133700594
0.0070228186
0.0206666589
0.0663131401
0.0040118815
0.0029820357
0.0147951115
0.0221712328
0.0713151321
0.0287102927
1.1173924208
0.0305962898
0.0149115250
0.0193475131
0.0111283446
0.0291306935
0.0390822403
0.0046359273
0.0466737226
0.0269970167
0.0421765111
0.0193881113
0.0315730795
0.6757266521
0.0890364423
0.0208346564
0.2947081029
0.0168624613
0.0089162393
0.0031172091
0.0638739690
0.0101963058
0.0052857166
0.0057825292
0.0088216886
0.1149114445
0.0062685902
0.0184188765
0.0509860776
0.0039040053
0.0161426384
0.0070611290
0.0578131229
0.0040035467
0.0163801312
0.0277245250
0.0231707003
0.0120299319
0.0364049859
0.0265438072
0.0248313658
0.0047048908
0.0882152990
0.0709523782
0.0056264857
0.0896896124
0.0237394366
0.0503537990
0.0356645919
0.3999873102
0.0060515893
0.0120809935
0.0303204264
0.0062430287
0.0038544147
0.0043738536
0.0042793825
0.1582427025
0.3891833425
0.1284471601
0.0294885039
0.0579207614
0.0118917394
0.0097023528
0.0845618546
0.1354355663
0.0105900569
0.0610763878
0.0197193865
0.1746363789
0.0067391847
0.0185701642
0.0099376403
0.0090574473
0.9296611547
0.0480770618
0.0397841670
0.0675114095
0.0080286553
0.0105234710
0.0491175540
0.0158337895
0.0068249777
0.0923855528
0.0281632729
0.0061593982
0.0155083556
0.0103073204
0.2024465650
0.0669643581
0.0587873161
0.0278512333
0.0135557139
0.0234017130
0.0330377445
0.0133704990
0.0199077446
0.0740677193
0.0463606380
0.0381398648
0.0525188856
0.0165533014
0.0312885195
0.0208125673
0.1823281646
0.0250908732
0.0137259904
0.0108793909
0.0591482371
0.0201703832
0.0160110611
0.0115563683
0.0197556335
0.0043004612
0.0044418629
1.1539306641
0.0069017201
0.4831404686
0.0976513177
0.0180205498
0.0059895301
0.0065799463
0.0083542475
0.0187448561
0.0056576249
0.0375501961
0.0154962270
0.0071157683
0.0635253862
0.0068986048
0.0551004931
0.0029591564
0.0050233766
0.5542402864
0.0213628504
0.0570467860
0.0235929005
0.0471018776
0.0071338555
0.8077497482
0.0073292353
0.0299582873
0.0168556347
0.0630054399
0.0373076349
0.0117249563
0.0052209115
0.0906134620
0.0740263239
0.0357651897
0.0146910725
0.0074608941
0.0195407011
0.0136513012
0.2291822582
0.0119791925
0.0143197253
0.0303459633
0.0045825141
0.0163116790
0.0096104946
0.0151530243
0.0251281708
0.0978494361
0.0619751178
0.0069055152
0.1406501383
0.0031609335
0.0331555940
0.0071441350
0.0263275336
0.0450580232
0.0176362302
0.0749662891
0.1022796407
0.0170632824
0.0065803761
0.0509271584
0.0480452664
0.0032456992
0.2896567285
0.0228990950
0.0171502884
0.0052680015
0.0157360788
0.4474436045
0.0120148379
0.0100741489
0.0028809537
0.0044160257
0.0196902361
0.0036039581
0.0269376878
0.0125692366
0.0125805633
0.1408557892
0.0507649742
0.0255783778
0.0201097708
0.0215285644
0.0590345301
0.0984037146
0.0078744814
0.3540419340
0.1642362922
0.0459814817
0.2729283571
0.0520620458
0.0195321068
0.0494920500
0.0304099284
0.0369552746
0.8198660612
0.0381738208
0.0045018219
0.0069352668
0.2732729316
0.0101842191
0.0052782670
0.0376143418
0.0567602850
0.0037183391
0.0331944115
0.0062952186
0.0191435032
0.0507364646
0.0052359416
0.0089335870
0.0067859082
0.0838698670
0.0235962272
0.0037212351
0.0041493671
0.0239251573
0.0366621837
0.0187145937
0.0063191187
0.0298865102
0.0406409279
0.0203154199
0.0209114477
0.0150998402
0.0219169203
0.0100624934
0.0087600453
0.0468161218
0.0041228635
0.0074345404
0.0235404093
1.1946979761
0.0029599001
0.0304110069
0.0063478854
0.0408923998
0.0273993947
0.2780302763
0.0040532677
0.0127131594
0.0334650539
0.6516953111
0.0138822654
0.0029538672
0.0302032940
0.0256545004
0.0488645658
0.0531333685
0.0621601641
0.0052572894
0.2826234698
0.0085157538
0.0078955097
0.0215408001
0.0291109197
0.0113850553
0.0170282312
0.0837612823
0.0226789955
0.0763641372
0.0133922603
0.0047804518
0.0038237316
0.0030532822
0.0157333110
0.0077558332
0.0093082990
0.0116667710
1.1598458290
0.0034357270
0.0360950492
0.0051005832
0.0382789485
0.0087154461
0.0324099213
0.0095809223
0.0456889942
0.5137673020
0.0364324301
0.0716680437
0.0750218257
0.0917618871
0.0621366948
0.0473585092
0.0036683169
0.0130035924
0.0878298208
0.0074469489
0.0051264982
0.0700564086
0.0522834919
0.0272019189
0.0569400042
0.0092392629
0.0212028939
0.0758319572
0.0098258285
0.0045300038
0.0271161925
0.0075612515
0.0073304032
1.1418144703
0.0038223295
0.0145671461
0.0124750817
0.0214704536
0.0848433524
0.0253506694
0.0066620582
0.2508864403
0.0316784903
0.0717431605
0.8054901361
0.0500719137
0.0180354118
0.0242174733
0.0660205334
0.0055915462
0.0192900244
0.0131702255
0.4855058193
0.0524727069
0.1236801147
0.0110846581
0.1247627586
0.0066585876
1.1019859314
0.0034896347
0.0180533491
0.0326347314
0.0043739816
0.0185608063
0.1299862266
0.0461185090
0.0114511130
0.0564744696
0.0038185131
0.0469350144
0.0897352770
0.0134150609
0.0427739955
0.0494248495
0.0481034741
0.0291566420
0.0151565876
0.0173892379
0.0130513627
0.0125768092
0.0223895852
0.0064466307
0.0153018739
0.0129357232
0.0072793085
0.0092482790
0.0459274612
0.0154215051
0.0060221842
0.0134103065
0.3556299210
0.0099161612
0.0094700959
0.0034780782
0.0109823188
0.0521795116
0.0130315395
0.0126643283
0.0982783660
0.0320497639
0.0137770167
0.0043575964
0.0186573397
0.0260612629
0.0772833005
0.0262633488
0.0772666931
0.0590152517
0.0130998781
0.0034215567
0.0225773361
0.0167767890
0.0958253741
0.0060779089
0.0323575884
0.0031889821
0.0202237312
0.0413889140
0.0183759257
0.0046140146
0.0503518656
0.0773465782
0.0429736301
0.0463187583
0.0030990879
0.0141053041
0.1802727282
0.0168916490
0.0296896584
0.0960232690
0.0065720878
0.0691538528
0.0187833291
0.0068292851
0.0032393313
0.0111359423
0.0263339430
0.0367603414
0.0284197982
0.0055294340
0.0358491056
0.0181326941
0.0590862222
0.0588495582
0.0347248204
0.0155157605
0.0234520845
0.0483539887
0.0552731343
0.0104147727
0.0721614286
0.0029777801
0.0552427769
0.0431007072
0.0270864945
0.8672038317
0.0289011206
0.0113438834
0.0071893879
0.0051394524
1.1533645391
0.0428520367
0.0507595465
0.0237713065
0.0030781084
0.0706591979
0.0242365506
0.0358732641
0.0072330395
0.9502848387
0.0062127966
0.0494953766
0.0057896026
0.0110510178
0.0057315030
0.0141881723
0.0492926426
0.0225725342
0.0970744714
0.0097126374
0.0044948370
0.0060551413
0.5150759816
0.0053521707
0.0069090147
0.0295806285
0.0100750653
0.0503433980
0.3381121457
0.0659461915
0.0257800519
0.0043706018
1.1654891968
0.0034028024
0.0065635350
0.0582529716
0.0431868173
1.1197594404
0.0424216613
0.0185627174
0.0080262600
0.0336879939
0.0155811841
0.0148441270
0.0060365275
0.0074961907
0.0504577421
0.0438000821
0.0069629569
0.0299690850
0.0410672314
0.0257191863
0.0052844617
0.0207936652
0.0168326143
0.0470891744
0.0110792499
0.0048754844
0.0141623514
0.0099338908
0.0062094643
0.0110020805
0.0827696845
0.0074489545
0.0398460105
0.0393148288
0.0229450222
0.6458594799
0.0304677188
0.0427406728
0.0443003811
0.0075934161
0.0072042085
0.0056162034
0.0080246767
0.0203247368
0.0122641874
0.0745542422
0.0032378444
0.0038309935
0.0141720548
0.0056002992
0.2349509001
0.0056393757
0.0733723938
0.0031831523
0.0588882081
0.0172937568
0.0035157208
0.0267912187
0.0185064785
0.0369415581
0.0169706643
0.0511724576
0.0719118565
0.0352713093
0.0398311950
0.0115760993
0.0557749569
0.0651703775
0.0241348203
0.0046848357
0.0717397779
0.6501224637
0.0290476158
0.0067629083
0.0296533164
0.0211308673
0.0097601414
0.0132839410
0.0698627904
0.0105069475
0.0074582212
0.0364582427
0.0281296875
0.0532355532
0.0188809130
0.0043329503
0.0490407348
0.0574275255
0.0102559011
0.0464218073
0.0382254608
0.0532172248
0.0083601167
0.2477970570
0.0491075926
0.0296104737
0.0178363062
0.0035633373
0.0034902003
0.0494673774
0.0635922253
0.0648674294
0.0238595624
0.0340301692
0.0675530434
0.0425266512
0.0532259084
0.0585559979
0.0203397609
0.0196205061
0.0055379579
0.0253625046
0.0071641868
0.0070634834
0.0113141527
0.0039224983
0.0132812243
0.0199221037
0.0145932389
0.0846919641
0.0190646108
0.0047873594
0.0571838729
0.0564807579
0.0047628880
0.0323505215
0.0186276454
0.1003006920
0.7166765332
0.6558749080
0.0761131644
0.0485662743
0.0047440846
0.0127107659
0.0035521230
0.0066465866
0.0172785111
0.0031239185
0.0074590249
0.0147660328
0.0136287371
0.0556770936
0.0245623570
0.0148685705
0.0059164749
0.0031012343
0.0075472989
0.0297457743
0.0709767118
0.0283968765
0.0504121184
0.0462827161
0.0120981513
0.0041892277
0.0551715083
0.0227960367
0.0077477437
0.0145466914
0.0263859779
0.0041298484
0.0682672709
0.0076057082
0.0235218033
0.0066942689
0.0202041566
0.0830958113
0.0065741260
0.0543062687
0.0059208237
0.4577371478
0.0111354105
0.0200283155
0.0279545151
0.0404446088
0.0057082311
0.1271896809
0.0154839344
0.0056185233
0.0822738931
0.1769660562
0.0079838531
0.0201485716
0.0124265207
0.0494707450
0.0312700644
0.0723227262
0.0224260781
0.0029472958
0.0096639358
0.0133474804
0.0033604219
0.0323696993
0.0227479693
0.0091705909
0.0172041506
0.0159854740
0.0130922832
0.0342170522
0.0160610620
0.0450185798
0.0578319319
0.0438217558
0.0093172099
0.0041903388
0.0135346325
0.0160994641
0.0228902679
0.0119547332
0.0346970372
0.0203239024
0.0167755764
0.0084027937
0.0204127114
0.0258217677
0.0234855320
0.0361452699
0.0043543922
0.0314667448
0.0421763733
0.0144919297
0.0297874548
0.0861904547
0.0166344978
0.0747748464
0.0072264429
0.0454964004
0.0366201811
0.0039586276
0.0227268096
0.0233979430
0.0688677654
0.0030770400
0.0268574767
0.0298128370
0.0194036867
0.0072238017
0.0307824891
0.1241948307
0.0033969658
0.0229958892
0.0459531136
0.0152378930
0.0448392816
0.0101564061
0.1094162241
0.0178300366
0.0067838351
0.1881894767
1.0408041477
0.0085547715
0.1082582548
0.4708357155
0.0031079347
0.0170403700
0.0202544574
0.0111881206
0.0303459577
0.0187747180
0.0396104194
0.0190141238
0.0133550121
0.0076712430
0.0045032222
0.0582919158
0.0414421447
0.0078347297
0.0052509028
0.0500582308
0.0036366226
0.0251431018
0.0119082816
0.0494872481
0.0230920520
0.0292916391
0.0086822044
0.0165688880
0.0342383981
0.0133074103
0.0230511650
0.0339053795
0.0622478612
0.0117790997
0.0145955030
0.0068670870
0.0340388082
1.1398060322
0.0066788634
0.0330070816
0.0604032688
0.0706894174
0.0432235040
1.1361137629
0.0136462469
0.0137345856
0.0473905988
0.0065651746
0.0161402840
0.1003596187
0.0031417813
0.0035252564
0.0509990230
0.0364209376
0.0161133315
0.3531720340
0.0446021371
0.0299277846
0.3021564484
0.0140001299
0.0120037543
0.0204246677
0.0746578127
0.0304565653
0.1524218172
0.0042252610
0.0067102127
0.0325783938
1.0716609955
0.0051132804
0.0557376370
0.0197864622
0.0408481397
0.0393990502
1.1308873892
0.0125439418
0.0065577589
0.0036643227
0.0115630645
0.0211657379
0.0699148700
0.0399130322
0.0400450788
0.0079387482
0.0181390680
0.0031650902
0.0171745364
0.0038191061
0.0031474717
0.0319944881
0.0222368687
0.0451063402
0.0057346188
0.0306447409
0.0064407554
0.0096467109
0.0129408902
0.0087415343
0.0138642434
0.0046648616
0.0609315969
0.0200787168
1.1447321177
0.0035742195
0.0268812459
0.0120441634
0.0530933961
0.0826944336
0.0085335542
0.0053349286
0.0080212224
0.0365851782
0.0077829626
0.0029691816
0.0308363121
0.6523211002
1.1437093019
0.0157686584
0.0039708582
0.0087654274
0.0319685712
0.0723213404
0.0063287728
0.0506230369
0.1092281193
0.0276570041
0.0084277550
0.0247020610
0.0032241289
0.0242822729
0.0034622429
0.0419513881
0.0134885535
0.0506739169
0.0150161553
0.0121925119
0.0134513108
0.0353558101
0.0120129343
0.0062763714
0.0138490703
0.0059544975
0.1515397429
0.0556348823
0.0292531736
0.0057761725
0.0269581787
0.0185668673
0.0030020429
0.0215672441
0.0646683648
0.0299881771
0.0694664642
0.0567433722
0.0690816492
0.0074985623
0.0109751774
0.0561559573
0.0201653577
0.0483545847
0.0286303218
0.0144111058
0.0130342133
0.0301937964
0.0585748255
0.0144383302
0.0046820096
0.0031560077
0.0307248924
0.0075060562
0.0143217817
0.7211267948
0.0451897159
0.0166740064
0.0457463525
0.0263865627
0.0365433358
0.0059559224
0.0143488655
0.0051133074
0.0231149532
0.0138756540
0.0050872471
0.8141908646
0.0362483636
0.0074446802
0.0156465080
0.0854284987
0.0040822201
0.0163250417
0.0073106168
0.0104079209
0.0030049882
0.0238844082
0.2251982838
0.0103789959
0.0216655582
0.3890714943
0.0378471091
0.0521363355
0.0302094445
0.3075752258
1.1622422934
0.0331519246
0.0480798371
0.0492238551
1.2120937109
0.0041781841
0.0204479732
0.0263178628
0.0182911418
0.0036466881
0.0423391722
0.0329319909
0.0131291607
0.0282681361
0.0174398199
0.0356668793
0.0459456742
0.0251372885
0.0499676988
0.0055457405
0.0256862603
0.0272931010
0.0137598990
0.0066358084
0.0161360875
0.1326931566
1.1943554878
0.0280702524
0.0132211652
0.0344084613
0.0310323182
0.0044621681
0.0046243994
0.0188766811
0.0578156486
0.0082070436
0.0473794602
0.0071359086
0.0117167197
0.5707979798
0.0685894117
0.0049774786
0.0598317720
0.0493241176
0.0042052758
0.0209853314
0.0051937448
0.0166376270
0.1780550480
0.0082022119
0.0042260643
0.0046866159
0.0047163088
0.0465126745
0.0300233010
0.0255003851
0.0216456484
0.0049798638
0.5595205426
0.0286162440
0.0617890581
0.0263237339
0.0337273926
0.0033179238
0.0272241086
0.0225734562
0.0123645859
0.0224334039
0.0045385347
0.0106829004
0.0094351619
0.0554593205
0.0639403388
0.0113132764
0.0285894014
0.0384790115
0.0190684926
0.0312708095
0.0105972467
0.0065374621
0.0328839011
0.0440043733
0.0145266280
0.0070179985
0.0596442595
0.0134829199
0.0179123767
0.0564779341
0.0176950116
0.0547500737
0.0319329500
0.1012614891
0.0052837199
0.0092471819
0.0089710411
0.0084394915
0.0200990774
0.3289462328
0.0264826249
0.0075228363
0.0455665961
0.0163641237
0.2046292573
1.1127973795
0.0056533283
0.0142267440
0.0052345376
1.0780154467
0.1886014193
0.0196156595
0.0079661813
0.0145618217
0.0055437121
0.0261648465
0.0149717843
0.0077002463
0.0100935083
0.0043624355
0.0458366275
0.0050891624
0.0194811337
0.3199710846
0.0047592479
0.1762954742
0.0046389746
0.0473086648
1.1822742224
0.0255073570
0.0493752360
0.7991837263
0.0046552406
0.0609972887
0.0113188885
0.0111844782
0.0712328181
0.0457272530
0.0248479191
0.0290970039
0.0406717844
0.0338447466
0.0039590318
0.0598925874
0.0591337159
0.0032469009
0.0575568751
0.0256164633
0.0389420614
0.0305465907
0.0126292957
0.0030453843
0.0597760305
0.3912472427
0.0151983285
0.0034752334
0.0219616145
0.0223117992
0.0192780290
1.1092627048
0.0062343786
0.2193274945
1.1081873178
0.0088856397
0.0061589926
0.0649682581
0.0042987703
0.0332865044
0.0043103951
0.0608576834
0.0031814533
0.0153972525
0.1336179525
0.0193344448
0.0037426578
0.5315531492
0.0483750626
0.0261312686
0.0053105904
0.1992533505
0.0029641371
0.7621669769
0.0504302233
0.0467663668
0.0290601831
0.0060870247
1.0861338377
0.0342038833
0.4922569692
0.0055405013
0.0267062634
0.0389486477
0.0086441180
0.0673744380
0.0274141729
0.0344243906
0.0080515221
0.0064268699
0.0245353170
0.0206665359
0.0075427191
0.0059856283
0.0361295529
0.0175037365
0.0480341502
0.0416014642
0.0079059470
0.0128278108
0.0558840558
0.0574135482
0.0044471500
0.0440245792
0.0118822670
0.0439134799
0.0176057164
0.0455258414
0.0261039194
0.0092702620
0.5520088077
0.0059910137
0.0030183427
0.4995342493
0.0208118595
0.0190392099
0.0518185273
0.0041410835
0.0147553878
0.0230976716
0.0167331714
0.1687377095
0.0338777192
0.0544539429
0.0330051929
0.0320565738
0.0133923823
0.0202754755
0.0062826965
0.0468519330
0.0224968661
0.0063992692
0.4244383276
0.0031985256
0.0394087993
0.0160141941
0.0312179886
0.1177627519
0.0317519344
0.0878915936
0.0051940386
0.0054112086
0.0048839208
0.1086215824
0.5614864826
0.0054371865
0.0172316302
0.0334298275
0.0065689967
0.0043301187
0.0470815524
0.0778623447
0.0031143862
0.0380237624
0.0050562513
0.0799733177
0.0031386726
0.0190816987
0.0112636779
0.0226206146
0.0343622416
0.0342976190
0.0049753804
0.0639936849
0.0040222770
0.0457359105
0.0381657332
0.0291525386
0.0127032408
0.0247384701
0.0036580500
0.0603743866
0.0691980943
0.1262924075
0.1121488065
0.0078998692
0.0075791040
0.0380286165
0.0505846068
0.0426735319
0.0580273420
0.0114452066
0.0102382218
0.5608267784
0.0374547727
0.0029768760
0.0688254833
0.0068637491
0.0289514195
0.0444033854
0.0670462996
0.0035557642
0.8146469593
0.0030916231
0.0040499670
0.0037414050
0.0587167591
0.0039365096
0.0265672952
0.0054548602
0.0132592674
0.0055954950
0.0155836269
0.0044287709
0.0248588677
0.0081648165
0.0191359427
0.0034524950
0.0598484240
0.0251866598
0.0030969304
1.1214388609
0.0789188519
0.0043837205
0.0039326041
0.0087423390
0.0048559811
0.0256542098
0.0584958270
0.0321105085
0.0051065772
0.0081168273
0.3053645492
0.0382178836
0.0097525334
0.0473503172
0.0560959280
0.0856038928
0.0159441363
0.0301001780
0.0086553590
0.0102198040
0.0045886892
0.1101516932
0.0044958461
0.0631645694
0.0156370495
0.0719706342
0.0097250789
0.0176185016
0.1928966641
0.0062287054
0.0282792542
0.0185488258
0.8706376553
0.0373345390
0.0491005108
1.1235542297
0.0270002224
0.0182688795
0.0076166522
0.7192919254
0.0276319962
0.0038098108
0.0114329215
0.0252403375
0.0079765087
0.0307061095
0.0159475710
0.1032022014
0.0840670615
0.0793013871
0.0665965155
0.0079790978
0.0035362693
0.0483342484
0.0057977717
0.0073199994
0.0130549548
0.0226478577
0.0055229184
0.0040067225
0.0610488355
0.0533659086
0.0208067913
0.0122037223
0.0433236249
0.0150707131
0.1370362937
0.0929013863
0.0328562744
1.1399337053
0.0037708692
0.0161759742
0.0045692557
0.0319496356
0.0080459947
0.0167193171
0.0487577803
0.0199592579
0.0095226225
0.0257686917
0.0520501621
0.0178049617
0.0117863296
0.0050666751
0.0080350749
0.0182071496
0.0447841138
0.2277202755
0.0224547628
0.0443130769
0.0262765829
0.0065629296
0.0773329437
0.0160454474
0.0083082961
0.0116530377
0.0325557180
0.0271557719
0.0041287146
0.0071663512
0.0332429148
0.0127697485
0.2308761925
0.0039244280
0.0584056005
0.0380780064
0.0083236452
0.0276668053
0.0452148356
0.0633724630
0.0361991934
0.0120381098
0.1343522221
0.0055362191
0.0570499785
0.0082048038
0.0045562726
0.0612737238
0.0694557279
0.0535155162
0.0044267233
1.0561355352
0.0059850272
0.7990637422
0.0130049186
0.0473088250
0.0172276497
0.0354440659
0.9165187478
0.1254300475
0.0048569608
1.0634908676
0.2735224068
0.0224670507
0.0175044052
0.0086794896
0.0678283945
0.0054531912
0.0232115388
0.0185597576
0.0251208432
0.0096501717
0.0120761534
0.0100377128
0.0242778677
0.0036401618
0.0102894502
0.0148059698
0.0435769483
0.0162921902
0.0847498402
0.0044899392
0.0085867774
0.0055862577
0.0328855813
0.0088609727
0.0048992871
0.1130629629
0.0295949001
0.0182241388
0.8074834347
0.0441382118
0.0042781918
0.0424759127
0.0595622025
0.0297651011
0.0064405636
0.0060423217
0.0385358073
0.0056115035
0.1227169335
0.0085760904
0.0031482279
0.0207672454
0.0184068941
0.0188094694
0.0501810499
0.0848531798
0.0068485946
0.0125753125
0.0607218444
0.0065834988
0.0095971115
0.0299799237
0.0627170727
0.0554179549
0.0475435592
0.0094970390
0.0312724859
0.0825203508
0.0137178563
0.0172355957
0.0147736976
0.0063826009
0.0045478093
0.4282210469
0.3838526011
0.0050575025
0.0182403196
0.0375075974
1.1503151655
0.0072199884
0.0088798329
0.0110994242
0.4651549459
0.0406548902
0.0264368393
0.0059462260
0.0598559976
0.0030260687
0.0046621612
0.0403451025
1.1822596788
0.0048579043
0.0033768225
0.0237119943
0.2318472564
0.0038637905
0.0034277476
0.0076748021
0.0042792279
0.1773873419
0.1007789075
0.0187261123
0.0209728014
0.0750683248
0.0274081398
0.0376148447
0.0448623076
0.0334988013
0.0518543497
0.0974235684
0.0074173128
0.0670862570
0.0254982803
0.1404197067
0.0740683302
0.0280536562
0.0108406926
0.0472528338
0.0354453661
0.0467265174
0.0471477769
0.0449501276
0.0033635744
0.0501071662
0.0078575974
0.0359679088
0.7341140509
0.0103340810
0.0121911205
0.0051887818
0.0233788919
0.0271417070
0.0465077758
0.0063357549
0.0612826571
0.1147637144
0.0387925096
0.0104701053
0.0312640928
0.0404435284
0.0281386264
0.0293195546
0.0088211214
0.0132557638
0.0340366028
0.0038703575
0.0336904228
0.0262551289
0.5805072188
0.0114825368
0.1358297616
0.0264618713
0.0088292006
0.5025285482
0.0119837942
0.0365813151
0.0082921321
0.0097473608
0.0322750211
0.0426637754
0.0649194121
0.0376511030
0.0314146951
0.8571072817
0.0161906742
0.0622161068
0.0304537490
0.0082209539
0.0083750356
0.0127923796
0.0070387986
0.0224025641
0.0631591976
0.0300003327
0.0078723412
0.0082196957
0.0373020396
0.0066886763
0.3479338884
0.0658947900
0.0575237945
0.3321614265
0.1872747093
0.1007897928
0.0500255078
0.0397297591
0.0321439952
0.0230373554
0.1660624892
0.0075519104
0.0548178405
0.0616332442
0.0060621221
0.0287808832
0.0088129891
0.0035947822
0.0142042181
0.9233492017
0.0440234132
0.0158662554
0.0115414765
0.0337384827
0.3008703291
0.0026711125
0.0085199000
0.0461982675
0.0717322007
0.0128075667
0.0512125157
0.3283329010
0.0258451402
0.0249236114
0.0543765835
0.0334192887
0.0032266194
0.0219691619
0.0056707957
0.0048314855
0.0043276604
0.0390658453
0.0244295131
0.0080006188
0.0261960253
0.0124582788
0.0445099771
0.0035041678
0.0624942109
0.0087966453
0.0080020167
0.0166102685
0.0064554699
0.0143687176
0.0302340016
0.0165997408
0.0033559171
0.1388665587
0.0102700908
0.0166265611
0.0201162454
0.0079310676
0.0375895575
0.0237106197
0.0251851957
0.0067598224
0.0137116211
0.0627358034
0.0594798625
0.0119672539
0.1638141274
0.0047254572
0.0637079030
0.0039745392
0.0242219418
0.0065748976
0.0325048827
0.0400198959
0.0560775846
0.0373758487
0.0572536513
0.0327540636
0.0173780173
0.0749047920
0.0029693944
0.0598282516
0.0350701660
0.1054049581
0.4038453400
0.0146918334
0.1525664777
0.0321726389
0.0658438876
0.0034407089
0.0470171943
0.0142875081
0.0032919268
0.0047647171
0.0219430532
0.0074018445
0.0196561888
0.0072542774
0.2160611600
0.1174111143
0.0175653100
0.0150928302
1.1661672592
0.0379061773
0.0097167818
1.1152822971
0.0169233456
0.3907114565
0.7324988842
0.5524892211
0.0160121452
0.0446407124
0.0726032406
0.0086324671
0.0626040399
0.0167768374
0.0206352230
0.0199358668
0.0215549674
0.0373579822
0.0504474528
0.0100273052
1.1362186670
0.0056765974
0.0113372095
0.0362722874
0.1229165196
0.0254820324
0.0154670533
0.0807240084
0.0224168543
0.0078496793
0.0085608605
0.0081254635
0.0042686332
0.0037010894
0.0801579729
0.0724993870
0.0056637647
1.0956424475
0.0192612410
0.0044356165
0.0033652997
0.0143817142
0.0388382860
0.0058975439
0.0201695226
0.0110490760
0.0423343778
0.0337958671
0.0497977845
0.0104254596
0.8606631756
0.3273409903
0.0640867427
0.0079281777
1.1504766941
0.0104044983
0.0171218701
0.1807597578
0.0131788151
0.0107721342
0.0585193485
0.0574971139
0.0130271735
0.2345033884
0.0101078805
0.0033227508
0.0267315321
0.0391325690
1.1504741907
0.0089375246
0.0704865158
0.0476939417
0.0319285877
0.0168200657
0.0029875538
0.0346470773
0.0165231265
0.0122403111
0.0275712591
0.1161169484
0.0332596824
0.0137313064
0.1601520330
0.0159011874
0.0446786955
0.0224469416
0.0187378526
0.0214573070
0.0737625211
0.0663684085
0.0324538723
0.0225764103
0.0033361735
0.0366680883
0.0542840734
0.0041912813
0.1264171600
0.0059745121
0.4947748780
0.0216318443
0.0043051038
1.0574104786
0.0195829682
0.0427400731
0.0606823042
0.0285806805
0.0231905151
0.0091072284
0.1353852153
0.0657852739
0.0056587132
0.0041250256
1.0900235176
0.0182124525
1.1148362160
1.0645352602
0.0624154173
0.0090319151
0.0293610953
0.0198395904
0.0343887955
0.1185632572
0.0782688260
0.0490312837
0.0334525034
0.0076086642
0.0143426238
0.0039363746
0.0166519079
0.0058773826
0.0218119565
0.0065980996
0.0046145204
0.0079422826
0.0424497649
0.0568616763
0.0095501021
0.0226743724
0.0096702902
0.0042305267
0.0178583656
0.0070306230
0.0333945006
0.0153281512
0.0042697629
0.0088183107
0.0248680897
0.0644161552
0.0090843299
0.0152384359
0.0224588737
0.0030107272
0.0211784802
0.0432942323
0.0095594842
0.0386284702
0.0081642624
0.2428663671
0.0756699070
0.0618928261
0.0071394839
0.0115131559
0.0188040081
0.0113348495
0.0083128763
0.0715149939
0.1665153950
0.0038301800
0.3943275511
0.0172328670
0.0063095326
0.0123354411
0.0826501399
0.0042681899
0.0553472750
0.0565430820
0.0339670293
0.0212638378
0.0283339024
0.0309270099
0.0854197666
0.1130779833
0.0177203007
0.0094966078
0.3669382036
0.0465270504
0.0100456905
0.0031496210
0.0032679026
0.0875896737
0.0046969634
0.0083417203
0.0143373031
0.0467437580
0.0477431230
0.0052123326
1.0545729399
0.0174610615
0.0105037866
0.0216717310
0.0201689415
0.0209456366
0.0182136707
0.0144333392
0.0095033692
0.0088120876
0.0039761080
0.0192764122
0.0129620386
0.0339102820
0.0456197113
0.0667451397
0.0168365054
0.0523868352
0.0254466683
0.0320741497
0.0117675262
0.1223124415
0.0116070630
0.0133776898
0.0667574182
0.0250629168
0.0550719947
0.6128136516
0.0140185077
0.0111830514
0.0479445308
0.0302151814
0.0061552092
0.0150591331
0.7558304667
0.0302583929
0.0328019597
0.0075772735
0.0158404373
0.0117183439
0.0307535846
0.0042124139
0.0062172404
0.0036580972
0.0129559888
0.0165214296
0.0759263933
0.0471148528
0.0200931132
0.0079470109
0.0736443177
0.0082108472
0.0081330668
0.6018615365
0.0195753947
0.8608708978
0.0045193140
0.0751000121
0.0175079163
0.0050187646
0.2407848984
0.0553344525
0.0279977974
0.0405879840
0.0185426008
0.0459914319
0.0261124857
0.4534014463
0.0149974823
0.0287256464
0.0423291028
0.0122322664
0.0385805219
0.0163294226
0.0071738157
0.0393555164
0.0116344402
0.1743023247
0.0072288658
0.0157130491
0.0174453892
0.0091264332
0.0131764971
1.1288523674
0.0257526226
0.0159714837
0.0276388042
0.0030148642
0.0139735155
0.0058503211
0.0524159484
0.0102963634
0.0664337054
0.0462313145
0.0241849571
0.0409809574
0.0602439120
0.0381156616
0.0400181748
0.0048988876
0.0101581952
0.0200735405
0.0425892845
0.0518969782
0.0248002745
0.0432226248
0.0032315890
0.0674803630
0.0048466790
0.0443060584
0.0067233061
0.0173618440
0.2096070796
0.0032346025
0.1928169131
1.1153167486
0.0301483963
0.0411862768
1.0664581060
0.0311249197
1.0705274343
0.3858635426
0.0161869004
0.0113955196
1.1160371304
0.0077410666
0.0033511026
0.0336008668
0.0185625814
0.0029937129
0.0083257174
0.0363782123
0.0168094132
0.0379577093
0.0169456191
0.0075773476
0.0107525559
0.1447081268
0.0070029045
0.0034581388
0.0347277299
0.0537198074
0.0134451929
0.0071725482
0.0060166679
0.0175096802
0.0034184847
1.1313683987
0.0107270023
0.0060274871
0.0330221541
0.0074781775
0.0409621075
0.0376883633
0.0045755906
0.0121729141
0.0350641087
0.1063707098
0.0066999733
0.0283581112
0.0062278006
0.0416974090
0.0378582440
0.0332931057
0.0439387299
0.0097429054
0.1676581055
0.0057922625
0.0550823137
0.0640725717
0.0416219234
0.0745428875
0.0285440423
0.0422399789
0.0312083513
0.0060151280
0.0358029045
0.0329135396
0.0111674853
0.0168151520
0.0120171756
0.0529207475
0.0074546440
0.0204907227
0.0657295734
0.0197023284
0.7943015099
0.0153065082
0.0234107058
0.0131366430
1.1456642151
0.0672676191
0.0131252473
0.0512229577
0.0561908856
0.0055386699
1.1037416458
0.0054437704
0.0036748413
1.1408410072
0.0157702863
0.0407524183
0.0300243162
1.0866135359
0.0471671633
0.7785231471
0.0070846137
0.2248781621
0.0538023189
0.0035659093
0.0844566450
0.0054741041
0.1327392608
0.0060270661
0.0897939652
0.0229856223
0.0198473278
0.0088600107
0.0241221841
0.0047274986
0.0499868765
0.0188599769
0.0049708383
0.0107055744
0.0095784124
0.0178461354
0.0245167781
0.1106891483
0.0052216067
0.0029418755
0.0229032785
0.0274537615
0.0058474550
0.0113267228
0.0214649793
0.0164127275
0.0111607658
0.0077192052
0.0118509326
0.0049807974
0.0037232705
0.0216062069
0.0045303102
0.0113030961
0.0047851028
0.0121249892
0.0208647903
0.0043239840
0.0068659876
1.0733762980
0.0230258219
0.0465647765
0.0121091586
1.0896974802
0.0587468185
0.0162681881
0.0213950556
0.7052362561
0.0190220419
0.0148221347
0.0508816205
0.0068297195
0.3049339950
0.0343412645
0.0269739144
0.0032236804
0.0436516032
0.0094904089
0.4682873487
0.3657819331
0.0296813305
0.1402200460
0.0094673075
0.0885724500
0.0566512719
0.8027111888
0.0827506110
0.0431814268
0.0341186933
0.0345698074
0.4151569307
0.0167420134
0.0472450517
0.0083884122
0.0856714845
0.0336470567
0.0111238193
0.0395588949
0.0655920431
0.0219011940
0.0326767676
0.0412008166
0.0414914228
0.1816491187
0.0106980745
0.0389947034
1.1159166098
0.0301355291
0.0801978707
0.0043890392
0.0110399956
0.0446444526
0.0042541381
0.0147522110
0.0095439544
1.1142199039
0.0055561843
0.0108695934
0.0048948550
0.0276154354
0.0617139563
0.0080678957
0.0372791849
0.6486007571
0.0086172298
0.0636602715
0.0063754735
0.0098362286
0.0068250955
0.0042231069
0.0087725725
0.0176815744
0.0029093241
0.0096019572
0.0093442071
0.0325821713
0.0036766606
0.1753488928
0.0029428741
0.0163675826
0.0720089376
0.0271566324
0.1359759867
0.0084869359
0.0161841288
0.0099622374
0.0162805133
0.3084521592
0.0029454662
0.1097079590
0.0502961278
0.0099940328
0.0376133509
0.0093482314
0.0314986520
0.0597224906
0.0133659551
0.2359689176
0.0515858009
0.0078742346
0.0217384510
0.0431247242
0.0083413860
0.0224778876
0.0378407873
0.0524690896
0.0244636945
0.0062636216
0.0323028080
0.0668208897
0.0112661552
0.0159745272
0.1002676114
0.0279613268
0.0393207334
0.0192358922
0.0224353801
0.0041058417
0.0489121862
0.0045787133
0.0135164484
0.0039797276
0.0102921715
0.0171857961
0.0108191054
0.0109758722
0.0063541969
0.0571455657
0.0154236015
0.0489523001
0.0905122310
0.0475547351
0.0092143090
0.0052902456
0.0268344376
0.0403817445
0.0143808629
0.0078165978
0.0531567037
0.0116570061
0.0159866903
0.0030937360
0.0147616826
0.0325243808
0.0429575220
0.0067170351
0.4791351557
0.1469169557
0.0173905287
0.0040667364
0.0076872972
0.0109796198
0.0046724030
0.0482973866
0.0149910348
0.0830237642
0.0364472456
0.0089178570
0.0048801904
0.1356349289
0.0609826110
0.0731068477
0.0916770175
0.0251353253
0.1650460213
0.0383622609
0.0069452552
0.0595735125
0.0607459284
0.5011124611
0.0392824039
0.1353141218
0.0385272875
0.0441904329
0.0074665886
0.0050638821
0.0435126573
0.0106586209
0.0279982761
0.0495140925
0.4043937325
0.0140869403
0.0468646176
0.0692167133
0.0465230867
0.0088788122
0.0057204100
0.0176961534
0.0465693437
0.0506915934
0.0135360993
0.0299152639
0.6665756702
0.0130741373
1.0963099003
0.0870089754
0.0133559974
0.0058687567
0.0197039507
0.0114987921
0.0416479968
0.0432204194
0.1928707212
0.0049523208
0.0411952101
0.0380476564
0.0577228293
0.0246590059
0.0073629450
0.0169410855
0.0266128480
0.4626691341
0.0633620024
0.0035472398
0.1392793506
0.0792288706
0.0051305052
0.5652026534
0.0075540999
0.0332750753
0.0036631383
0.0256379098
0.0095410403
0.0449595489
0.0443624407
0.0549771562
0.0082794148
0.0031731117
0.0076123206
0.0428805575
0.0073456015
0.1058241874
0.1032732427
0.0776369870
0.0049637165
0.6679990888
0.0113358926
0.0128237102
0.0469379611
0.0097604878
0.0599660873
0.0599808060
0.3326382637
0.0176715106
0.0182831697
0.0280874297
0.0029958035
0.0141365509
0.0176787972
0.0033929488
0.0055702240
0.0100121973
0.1578688025
0.0058895666
0.0229702033
0.0224264320
0.0047735171
0.0090091117
0.9075273275
0.0164073221
0.0195575021
1.1129540205
0.0144189708
0.0259881802
0.0091160592
0.0191445593
0.0242563188
0.0335877053
0.0061162198
0.0442848504
0.0042964388
0.0030629206
0.0863591954
0.0373173766
0.0106506692
0.0784430206
0.0067205732
0.0053240531
0.0620448329
0.0380617604
0.0053174822
0.0124710435
0.5479703546
0.0477363952
0.0937003121
0.0583342984
0.0055780392
0.0457420200
0.1673253179
0.0677071884
0.0136880651
0.0051945755
0.0051714396
0.4765311778
0.0708876923
0.0045165061
0.0196939111
0.1490578949
0.2645533681
0.0286958180
0.0293061808
0.2812595069
0.0112724509
0.0308881309
0.0450693257
0.0039223833
0.0414393544
0.0030779764
0.0347675495
0.0159528814
0.0390569046
0.0042160121
0.0144516323
1.1569290161
0.5532109141
0.0429991111
0.0057100123
0.0188643001
0.0050395876
0.1551096886
0.0030464961
0.0656476840
0.0134306438
0.0523951948
0.0503573604
1.1278084517
0.0058510024
0.0647672564
0.0104711028
0.0634670481
0.0420829467
0.0530929267
0.0083101578
0.0045570289
0.1441625506
0.0722060204
0.5279303789
0.0198207367
0.0062577273
0.0158050284
0.0364633985
0.0609446764
0.0498079620
0.0076510333
0.0149626723
0.0040773801
0.0615741909
0.0264797676
0.0218368955
0.0172033217
0.0284545608
0.0181632973
0.0600230806
0.0635285154
0.0034115557
0.0505054407
0.0193080045
0.0436873883
0.0085657155
0.0159567259
0.8313236237
0.0038983782
0.0311964825
0.0041489573
0.0289053489
0.0094162570
0.0408716761
0.0073362309
0.0120543623
0.0250637326
0.0415949896
0.3171523213
0.0408982411
0.2915464342
0.0327513777
0.0086260950
0.0069311936
0.0425182953
0.0099435765
0.0368147567
0.0431311131
0.0409029238
0.0160918422
0.0142121995
0.0094609288
0.0084725656
0.0586362369
0.0295905583
0.2868120968
0.0082065519
0.0206592567
0.0408261232
0.0086013442
0.0054550562
0.0297248214
0.0174469240
0.0228577834
0.0788744316
0.0193351340
0.0117712691
0.0729618818
0.0485034771
0.0144056231
0.0118645225
0.0144164078
0.0409393497
0.0694904551
0.0186564382
0.0460877530
0.0251815189
0.0177702531
0.0545574389
0.0234736782
0.0511746816
0.0574289225
0.0269144159
0.1378211826
0.0075321882
0.8076469898
0.0373990424
0.0096771847
0.0678921938
0.0459258854
0.0086435853
0.0723214969
0.2326764166
0.0096763326
0.0287297200
0.0727031231
0.0037945313
0.0314657353
0.0036602153
0.0369303375
0.0113470033
0.0035935645
0.0091005908
0.0048232945
0.0531298853
0.0215471424
0.0062076631
0.0728294700
0.0065406407
0.2851638496
0.0724107474
0.0049674110
0.0699265972
0.0031385235
0.0098974584
1.1418015957
0.0544422716
0.0207419787
0.0234335698
0.0860241354
0.0196344852
0.1201127023
0.0545247644
0.0278587360
0.0417355374
0.0866748095
0.1739056259
0.0204451047
0.0173912346
1.1255614758
0.0723764449
0.0218495373
0.0618797354
0.0408707745
0.0059579583
0.0029889997
0.0222399589
0.0345931500
0.0172407720
0.0430210792
0.0037458087
0.0133895203
0.0104977293
0.1942597330
0.0671149641
0.0448753722
0.0182443187
0.0044237883
0.0178354755
0.7287624478
0.0230536927
0.0164432731
0.0148445750
0.0240303334
0.0189321637
0.2626675963
0.0089168316
0.0249514095
0.0064486139
0.0249477625
0.0183681864
0.1038357392
0.0038725683
1.1263135672
0.0589426681
0.0342941172
0.0386027545
0.0218534600
0.0053403042
0.0415026918
0.0235927701
0.0075094332
0.0039305361
0.0068039587
0.1213173121
0.0038151024
0.0246525127
0.1127030179
0.0108064432
0.0305732619
0.1277569383
0.0245445427
0.0029276167
0.0560261160
0.0540583320
0.0068674083
0.0130450064
0.0123513211
0.0049736439
0.0233428404
0.0712237060
1.0687137842
0.0582192913
0.0105097415
0.3871212900
0.0240379721
0.0072767246
0.0612406135
0.0031119189
0.0306397714
0.0072054174
0.0197534580
0.0728052706
0.0131545654
0.0217388719
0.0383487418
0.0675620586
0.0103834830
0.0035344255
0.0078525888
0.0292867385
0.0111191301
0.0543381944
0.0720811486
0.0440005437
0.0212176088
1.1143780947
0.0738374367
0.0481000170
0.0583481491
0.2376936078
0.0352038182
0.0176514685
0.1180902496
0.0674382970
0.0057564275
0.0287992414
0.0282439906
0.0578625724
0.0313646123
0.0201054290
0.3273722827
0.0055853217
0.1287172884
0.0140475463
0.0043517412
0.0800976902
0.5538941622
0.0102347638
0.0088074654
0.0029507112
0.0094757695
0.4043220580
0.0310485177
0.0118627185
0.0149132265
0.0211579222
0.0415983871
0.0051319487
0.0032876371
0.0034155140
0.0621633530
0.0066437526
0.0037969749
0.0054205596
0.4253256023
0.0541990623
0.0377915539
0.2610430419
0.0840728432
0.0267985277
1.0975023508
0.0569614097
0.0043285536
0.0596335568
0.0221103169
0.0510391034
0.0117158629
0.0906516165
0.0088542113
0.0112401741
0.0065988679
0.0304262247
0.0162187964
0.0120302737
0.0058361269
0.0635835156
0.0065457965
0.0064378916
0.0050568664
0.0296913255
0.0123447096
0.0308634322
0.0561633222
0.0060516442
0.0499110222
0.0094519155
0.0181751642
0.0476445891
0.0732024163
0.0096090510
0.0064944075
0.0155334109
0.0414355472
0.0033269373
0.0556204319
0.0381421000
0.0717108920
0.0336986855
0.0623198338
0.0076161004
0.0326875448
0.0199315380
0.0044886651
0.0255208798
0.0077493363
0.0033435593
0.0169566497
0.0102283591
0.0277630333
0.0085165026
0.0342830457
0.0349405780
0.0298629571
0.0531405732
0.0071263625
0.0468693897
0.0655603334
0.0113527318
0.0262414180
0.0436381176
0.0047261538
0.0569543317
0.0147955641
0.0070058480
0.0283832829
0.0039961175
0.0040963353
0.0034025877
0.0037117633
0.0035419294
0.0515779182
0.0091773644
0.0286945142
0.0029609650
0.0124725858
0.0156337414
0.0228184387
0.1079260409
0.0507360585
0.0743694007
0.0157264061
0.0187584460
0.0483956262
0.0574641675
0.0238814484
0.0063666725
0.0393527634
0.0368804559
0.0374863036
0.0401898548
0.0088973828
0.0260025840
0.0116505651
0.0653148293
0.0220024288
0.0062195547
0.0122442292
0.0274617840
0.0079122195
0.0265282989
0.0205547214
0.0049504642
0.0698479041
0.0049386891
0.0048114280
1.1098409891
0.0046188231
0.0354059562
0.0318326689
0.0164819472
0.0097962152
0.0110543054
0.0049811043
0.0475531816
0.0075292978
0.0470733792
0.0315029435
0.0069108354
0.0051416778
0.0095551861
0.0478696190
0.0347917974
0.0266222879
0.0030279981
0.0058333706
0.0453429744
0.0173368342
0.0061008148
0.0728127882
0.0700326785
0.0784582198
0.0122888852
0.0036157570
0.0067605330
0.0191089176
0.0717496872
0.0294269696
0.0030803781
0.0050516455
0.0092580160
0.0166393928
0.0251682010
0.0321084224
0.0388623811
0.0034321710
0.0415245853
0.0618463829
0.0088680824
0.0403202213
0.0457290076
0.2775487900
0.0345222019
0.0067676697
0.0035659994
0.0141373705
0.0105840098
0.0076679359
0.0395325869
0.0126006557
0.0118564824
0.0696843192
0.0313535817
0.0228784923
0.0125658708
0.0994596928
0.0208887756
0.0480300672
0.0620476156
0.1099041700
0.0063601667
0.0367453657
0.0809245035
0.0564272925
0.0244756527
0.0432460830
0.0265214182
0.0320715271
0.0111881681
0.0608126931
0.0363494083
0.0038491967
0.0101844175
0.0648972914
0.0062308176
0.0095324637
0.0495255738
0.0723030642
0.0162067730
0.0487213768
0.0128000211
0.0272446349
0.0097353002
0.0144216502
0.0113718491
0.0054831058
0.0036935851
0.0664577410
0.0163517613
0.0102476515
0.0324967615
0.0031905414
0.0192649420
0.0200599097
0.0277850758
0.0140277930
0.0308092348
0.0052689067
1.1652565002
0.0075675882
0.0122101605
0.2914711535
0.0198663455
0.2446819842
0.0110951997
0.0030489985
0.0382320210
0.0274015944
0.0430757888
0.0044554994
0.0187236741
0.0040173559
0.0309131406
0.0524670593
0.0477883630
0.0039071273
0.0122027956
0.0162834749
0.0034345274
0.0471557379
0.0088668484
0.0099748010
0.0283570681
0.0205564313
0.0051555643
0.0420669392
0.0335043818
0.0284903850
0.0038942208
0.0066313283
0.2184918374
0.0035599638
0.0178893656
0.0401633456
0.0033425353
0.0087607363
0.0087249959
0.0338010229
0.0029811661
0.0455288664
0.0296354871
0.0987083390
0.0273255371
0.0283576790
0.0090823965
0.0236000512
0.0064484226
0.0150257265
0.0341153219
0.0335459262
0.0131056327
0.1660774499
0.0029103516
0.0719399750
0.0039418847
0.0552676655
0.0430203713
0.0201724637
0.0418160073
0.0284051616
0.0103180027
0.0420424789
0.0272225011
0.0201594718
0.0062643718
0.0117157949
0.0671018511
0.0100727500
0.0700765178
0.0154311573
0.0090919305
0.0790078193
0.0731870383
0.0300880298
0.0296038892
0.0560543053
0.0574962310
0.0029582921
0.0221046358
0.0034529706
0.0184777416
0.0098805251
0.0271073580
0.0262933448
0.0073102666
0.0502819046
0.0345733538
0.0416008383
0.0043616695
0.0181395225
0.0405546725
0.0449604467
0.0054861591
0.0033694981
0.0373889245
0.0031998951
0.0367967784
0.0548108704
0.0342845060
0.0063971770
0.0051430454
0.0394715518
0.0080193290
0.0105828261
0.0114444206
0.0077831470
0.0781815350
0.0473331846
0.0145170009
0.0449044928
0.0377273038
0.0087966342
0.0033546090
0.0101405904
0.0310322568
0.0029224334
0.0035018048
0.0094348881
0.0113313515
0.0115899658
0.0725774765
0.0248115957
0.0104109105
0.0053357775
0.0608539432
0.0378917046
0.0123261176
0.0191093720
0.0056259474
0.0038236440
0.0034163611
0.0235398300
0.0278350078
0.0284020081
0.0043838974
0.0050846748
0.0052086292
0.0345643498
0.0047399965
0.0034610576
0.0304271318
0.0422672369
0.0094969533
0.0033868954
0.0030242782
0.0732551366
0.0150239281
0.0333863832
0.0647263676
0.0784032568
0.0241656713
0.0349085107
0.0871985406
0.0424948186
0.0261197593
0.0606043227
0.0263593048
0.0118131526
0.0389882363
0.0244512632
0.0047579217
0.0194377769
0.0090199839
0.0090075815
0.0327926651
0.0161957443
0.0033645709
0.0112887491
0.0514376834
0.0039097364
0.0253924914
0.0318335705
0.0202696156
0.0118788518
0.0036504141
0.0192175079
0.0056014638
0.0208883490
0.0525188632
0.0511527546
0.0238092206
0.0031702884
0.0705371350
0.0358996354
0.0586904213
0.0289926957
0.0529509448
0.0143371020
0.0035901996
0.0653252378
0.0127882659
0.0131363505
0.0202591401
0.0180103369
0.0140523743
0.0534185581
0.0046202214
0.0145910019
0.0064959596
0.0098714335
0.0557754897
0.0260681380
0.0103107458
0.0327859037
0.0594823137
0.0604020208
0.0341275744
0.0221479796
0.0466716811
0.0166814271
0.0036756722
0.0475242659
0.0380230248
0.0109052872
0.0663075820
0.0396707244
0.0319257639
0.0131412009
0.0272297896
0.0327349082
0.0581655204
0.0115134353
0.0073053665
0.0444158390
0.0189720318
0.1007681116
0.0149478093
0.0410385877
0.0080323666
0.0541512109
0.0049269088
0.0413200632
0.4819016755
0.0170612801
0.0394557491
0.0381644741
0.0431272388
0.0907702670
0.0648085997
0.0690604746
0.0211540908
0.0105356919
0.0168219954
0.0124474335
0.0286819898
0.0150141558
0.0687217414
0.0141662983
0.0057854853
0.0067339172
0.0058495211
0.0046645720
0.0452780426
0.0041735186
0.0100702951
0.0398833938
0.0111577595
0.0136008235
0.0082357312
0.0522529185
0.0065495605
0.0039524133
0.0712523609
0.0148034636
0.0731979385
0.0094859609
0.0232369788
0.0210819151
0.0063970978
0.0147220418
0.0606271885
0.0140478797
0.0046797865
0.0625695363
0.0120055517
0.0447318293
0.0068136114
0.0602703243
0.0599020869
0.0060468242
0.0398508348
0.0726965815
0.0654895976
0.0451843925
0.0208863169
0.0268985704
0.0033212272
0.0179723483
0.0100865876
0.0209378041
0.0278049707
0.0121761393
0.0118018351
0.0145089468
0.0476840734
0.0561283045
0.0098006558
0.0411983579
0.0862630382
0.0098674558
0.0211025681
0.0128947766
0.0341246165
0.0803817958
0.1287119091
0.0634230375
0.0471431762
0.0039536133
0.0074237701
0.0608604215
0.0619146116
0.0440823846
0.0386204682
0.0105887670
0.0472152792
0.0322945639
0.0100434721
0.0506579727
0.0682278946
0.0160004664
0.0057374262
0.0436708555
0.0109010739
0.0213365536
0.0067418749
0.0149831064
0.0108098853
0.0047003571
0.0626630560
0.0051171016
0.0134725915
0.0040795645
0.0083688572
0.0501010306
0.0160209220
0.0050271535
0.0172625259
0.0601119660
0.0397972763
0.0360866562
0.0088246288
0.1129583269
0.0054261214
0.0564382561
0.0343309604
0.0229623318
0.0209801793
0.0350906216
0.0154758487
0.0280304085
0.0043330649
0.0281529296
0.0126789017
0.0038455164
0.1110859662
0.0557956398
0.0115968054
0.0035299328
0.0729005635
0.0202564728
0.0585630797
0.0343197510
0.0387976207
0.0505079217
0.0041133305
0.0085226744
0.0358834453
0.0297633428
0.0111830104
0.0475053675
0.0044563483
0.0497614741
0.0116648655
0.0515260436
0.0039760042
0.0644812733
0.0081654629
0.0114206700
0.0674418584
0.0324479342
0.0129118040
0.0173866171
0.0646084845
0.0051145325
0.0120898141
0.1352637261
0.0044811168
0.0123199867
0.0866322815
0.0035778664
0.0520577170
0.1276906133
0.0133534158
0.0054348260
0.0046389014
0.0581038371
0.0404581837
0.0047001611
0.0282417573
0.0499935523
0.0486778021
0.0042724898
0.0077733896
0.0615502223
0.0220229812
0.0117162913
0.0572086014
0.1290357709
0.0174508709
0.0680518076
0.0115889898
0.0418169834
0.0387196131
0.0121641709
0.0363917239
0.0490736812
0.0036461148
0.0238588043
0.0466716476
0.0466318950
0.0095407953
0.0568068884
0.4268728197
0.0268833824
0.0338045098
0.0690009817
0.0216296539
0.0034786109
0.0582822040
1.1320641041
0.0212887209
0.0307243504
0.0037989118
0.0398107618
0.0112690963
0.0172248278
0.0148209240
0.0076075038
0.0173459966
0.0214516036
0.0054592406
0.0038367230
0.0030310526
0.0206777677
1.1509310007
0.0961768627
0.0416779853
0.0056185885
0.0611790754
0.0345022082
0.0049360655
0.0161988884
0.0600931086
0.0495440289
0.0335875563
0.0053698681
0.0450979546
0.0292393565
0.0208642632
0.0250582453
0.0430515707
0.0209047664
0.0887444317
0.2512556016
0.0074966508
0.0310910959
0.0059718932
0.0172767974
0.0041432036
0.0143944407
0.0033081155
0.0162360184
0.0135827269
0.0497912169
0.0203308295
0.0833643302
0.0239473172
0.0802977309
0.0038488719
0.0200204626
0.0170104578
0.0031951272
0.0361881740
0.0135365035
0.0063766493
0.0329342335
0.0110671716
0.0095351310
0.0095806057
0.0328607149
0.0128310043
0.0068246806
0.0374060273
0.0451264195
0.0296306573
0.0060899993
0.0306555666
0.0060474966
0.0120118009
0.0331559479
0.0473544411
0.0068646274
0.0657752603
0.0210124645
0.0081635285
0.0100438017
0.0294093639
1.1525505781
0.0051722177
0.0547722206
0.0046431702
0.0346124545
0.0228359532
0.0108397305
0.0365767106
0.0192636717
0.0447250381
0.0142876776
0.0231258702
0.0137509946
0.0088112699
0.1304926276
0.0084787095
0.0211718436
0.0491375811
0.0602079779
0.0106547689
0.0075492845
0.0088260043
0.0110041285
0.0604743063
0.0148149524
0.0106688039
0.0093390932
0.0566409230
0.0410927422
0.0242911372
0.0042829397
0.0063597746
0.0077552069
0.0264598392
0.0707647949
0.0846990943
0.0046797371
0.0070909192
0.0079310983
0.0640063733
0.0364723988
0.0455269739
0.0038099920
0.0029455749
0.0340920985
0.0233396795
0.0806716755
0.0040404908
0.0339939483
0.0095337499
0.0424384624
0.0891278833
0.0206308849
0.0248120129
0.0060311351
1.1554145813
0.0064126970
0.0071655023
0.0030647020
0.0208277311
0.0177678596
0.0029879743
0.0252948590
0.0037703644
0.0125988508
0.0137743009
0.0115089267
0.0468492396
0.0341321900
0.0104471920
0.0238812305
0.0161348600
0.0405767448
0.0044264193
0.0068124672
0.0277466048
0.0049430532
0.0372359604
0.0426926576
0.0046933335
0.0141601721
0.0344711132
0.0113242548
0.0381724983
0.0259952024
0.0369939730
0.0381699651
0.0100900689
0.0164027698
0.0751072317
0.0550790429
0.0333575979
0.0101155089
0.0466056801
0.0442821458
0.9814196825
0.0421448536
0.0032951969
0.0040231086
0.0274193995
0.0042303875
0.0042806109
0.0710994750
0.0056105205
0.0164189376
0.0223016068
0.0058006332
0.0039487537
0.0511047654
0.0383655280
0.0037764560
0.0231810752
0.0455954894
0.0330887251
0.0417996533
0.0156397540
0.0366686098
0.0353561305
0.0217996556
0.0300024692
0.0213626288
0.0031227651
0.0164912622
0.0593563914
0.0149713838
0.0099278120
0.0108292447
0.1197198629
0.0053928350
0.0212621558
0.0113121616
0.1323605925
0.0341553204
0.0128288381
0.0059673409
0.0683968961
0.0092819529
0.0038836787
0.0031633109
0.0345150903
0.0711278394
0.0129125807
0.0345620513
0.0104673086
0.0100590447
0.0057189353
0.0518870987
0.0370014720
0.0097038224
0.0262055267
0.1426710933
0.0333359353
0.0707455501
0.0382191911
0.5554149747
0.0512680896
0.0200004205
0.0184758864
0.0528050512
0.0100860214
0.0053349673
0.0349359810
0.0062506022
1.0198496580
0.0291634891
0.0537425280
0.0181358103
0.0194182899
0.0395732634
0.0066798590
0.0089610592
0.0065318872
0.0425548851
0.0545437187
0.0299599487
0.0063003455
0.0411472246
0.0100931628
0.1683414280
0.0243294258
0.0212626550
0.0479003564
0.0256806165
0.0103034610
0.0078878468
0.0065751397
0.0509431325
0.0122269811
0.0070075430
0.0109018357
0.0188767407
0.0184582584
0.0780736431
0.0194078106
0.0547102951
0.0286172573
0.0286137350
0.0097912233
0.0321786888
0.0292610824
0.0137956999
0.0321493261
0.0334412307
0.0125466418
0.2941950858
0.0174912345
0.0335474424
0.0402997583
0.0034350902
0.0067931409
0.0499829054
0.0219728313
0.0165227484
0.0069993436
0.0247323439
0.0753419325
0.0093142129
0.0313110463
0.0111692389
0.0040140538
0.0275805965
0.0281898864
0.0511427075
0.0441881157
0.0031350672
0.0106758550
0.0228259619
0.0282752719
0.0339392461
0.0113196475
0.0676857904
0.0169283431
0.0046143592
0.0051897583
0.0129989693
0.0061606690
0.0041331463
0.0395808555
0.0708225891
0.0080806781
0.0692385361
0.0495417900
0.0337975584
0.0523831472
0.0033312710
0.0066968454
0.0483823046
0.0191965848
0.0510758944
0.0454949737
0.0555350929
0.0136112431
0.0095394645
0.0188171342
0.0111265043
0.0132666901
0.0472582690
0.0060397298
0.0510833487
0.0117123099
0.0729823709
0.0087664742
0.0371532105
0.0550102964
0.0035389108
0.0106916688
0.0266370624
0.0083125858
0.0050288849
0.0681908950
0.0061145471
0.0706766546
0.0391256697
0.0358536281
0.0063566221
0.0067828014
0.0497258417
0.0563614294
0.0372162387
0.0661516190
0.0237353705
0.0186283477
0.0063489452
0.0620790273
0.0153034525
0.0546006784
0.0166883841
0.0250858348
0.0173137411
0.0658426285
0.0145739019
0.0107098660
0.0622447580
0.0044143121
0.0032367471
0.3538727760
0.0414745174
0.0057411548
0.0468254760
0.0102503421
0.5057158470
0.0041005011
0.0059942212
0.0443226434
0.0033146171
0.0337478071
0.0151726510
0.0729265735
0.0611988641
0.0190503169
0.0251222663
0.0758249983
0.0668203607
0.0042885663
0.0278791767
0.0037101996
0.0087080784
0.0390896648
0.0213044789
0.1824875027
0.0402627960
0.0051818886
0.0716588423
0.0035200133
0.0126613500
0.0036129029
0.0051542418
0.0664736331
0.0581188574
0.0215170700
0.0098863235
0.8208643198
0.0679169297
0.0082706744
0.0034570612
0.0710841194
0.0158806238
0.0174282938
0.0275216307
0.0248321593
0.0301375519
1.0619416237
0.0344399624
0.0180809330
1.0737911463
0.0100772297
0.0181640852
0.0425078124
0.0074717756
0.0332571492
0.0241863187
0.0249048118
0.0076559708
0.0681586266
0.0461203158
0.0331334919
0.0662150830
0.0458796211
0.0068311081
0.0039124917
0.0421322100
0.0289888922
0.0036473153
0.0478835404
0.0223034564
0.0172957126
0.0038963221
0.0259102210
0.0878196210
0.0243511740
0.0132596027
0.0538021177
0.0075264047
0.0349889621
0.0513944998
0.0215617120
0.0490839481
0.0057241963
0.0710007101
0.0041749375
0.0102838110
0.0041570039
0.0079384781
0.0297567211
0.0641836971
0.0439579785
0.0145899830
0.0198781639
0.0555509441
0.0523687154
0.1053757444
0.0085568801
0.0038204875
0.0042888816
0.0601774976
0.1364646405
0.0036918044
0.0125254793
0.0146662835
0.0122309541
0.0106153470
0.0177625101
0.0034877826
0.0110328728
0.0237664580
0.0080342852
0.0313621499
0.0203620903
0.0092615085
0.0278455019
0.0229730643
0.0304768104
0.0482420884
0.0054892115
0.0102203228
0.0230935216
0.0391647518
0.0258615613
0.0477526300
0.0159675498
0.0029137495
0.0308136977
0.0060485406
0.0058991844
0.0323943347
0.0526394770
0.0153739247
0.0161523521
0.0252412427
0.0134193143
0.0056466493
0.0667912290
0.0321701616
0.0257719513
0.0063829822
0.0342084579
0.0030337693
0.0275875963
0.0044579147
0.0207148548
0.0437372439
0.0486822389
0.0188917797
0.0109702712
0.0375087224
0.0196298901
0.0282271504
0.0121141979
0.0541756935
0.0133856423
0.0201085210
0.0066762562
0.0142229265
0.0401311852
0.0074234805
0.0659484863
0.0619647913
0.0156488121
0.0310305245
0.0312146265
0.0082748970
0.0805215240
0.0670689419
0.0040260777
0.0031221055
0.0341861658
0.0086658141
0.0143724484
0.0057356288
0.0719034448
0.0321350619
0.0044102562
0.0403179452
0.0287416708
0.0351106972
0.0200448390
0.0718327984
0.0245186854
0.0034239730
0.0677116290
0.0173529647
0.0275959391
1.0534027815
0.0045215525
0.0150410254
0.0460949987
0.0061932998
0.0416773334
1.0156736374
0.0069999318
0.0725897327
0.0048512951
0.0474543311
0.0297473390
0.0484666452
0.0358740762
0.0772631243
0.0029408482
0.0087935496
0.0273728445
0.0219832975
0.0036420564
0.0479343124
0.0420928523
0.0133744609
0.0205732957
0.0099814786
0.0513105616
0.0174289066
0.0151623348
0.0106365178
0.0187785998
0.0455019847
0.0058572022
0.0038878729
0.0581504256
0.0288896859
0.0246906169
0.0100422828
0.0336698703
0.0678958744
0.1313766390
0.0371602811
0.0327398069
0.0245049465
0.0499230810
0.0185463484
0.0323993266
0.0120388661
0.0167689789
0.0063964091
0.0184631869
0.0175730493
0.0161078516
0.0160232950
0.0042832745
0.0226289444
0.0278747827
0.0034455601
0.0217216946
0.0068435813
0.0086460244
0.0294992365
0.0138574047
1.0747361183
0.0363505147
0.0534367599
0.0432705209
0.0205272771
0.0295866542
0.0131425858
0.0270285979
0.5228006244
0.9208630919
0.0116337789
0.0119514354
0.0152761433
0.0085368343
0.0453809351
0.0168942492
0.0447086059
0.0120564951
0.0080705360
0.0215051156
0.0155233014
0.0704278052
0.0222811159
0.0119235730
0.0111632226
0.0292738341
0.0348380581
0.0353280157
0.0285413582
0.0074930303
0.0478513166
0.0065004132
0.0302079283
0.0263323225
0.0375041589
0.0952065364
0.0364739299
0.0565471239
0.0076238262
0.0442586802
0.0057927147
0.0597397871
0.0279143900
0.0048591453
0.0038507862
0.0037203813
0.0338765010
0.0061121057
0.0057307109
0.0029328708
0.0483638979
0.0351784602
0.0054117325
0.0843989328
0.0061640106
0.0030303129
0.9701164365
0.0416054502
0.0050262627
0.0227874480
0.0060578207
0.0134741385
0.0210103877
0.0075836391
0.0590343066
0.0486697257
0.0561382510
0.0212175921
0.0232927706
0.0056251562
0.0066102194
0.0092716413
0.9918407798
0.0315169170
0.0270896647
0.0219210368
0.0405877829
0.0117182517
1.0939040184
0.0126809096
0.0106883803
0.0058259056
0.0106794471
0.0373127721
0.0183438938
0.0090383813
0.0420220643
0.0142167639
0.0126447231
0.0029636708
0.0117121190
0.0205106977
0.0151788956
0.0548243560
0.0670188293
0.0371285975
0.0896785855
0.0313101597
0.0650522113
0.0130742677
0.0044611390
0.0089483066
0.0137295146
0.0373743810
0.0132868532
0.0271589588
0.0344470032
0.0233142693
0.0380964316
0.0275544096
0.0214418788
0.0043160664
0.0108447941
0.0045545343
0.0105270008
0.0086594811
0.0473176464
0.0077857110
0.0195763726
0.0288829599
0.0209350958
0.0060079554
0.0379801057
0.0133456932
0.0067378618
0.0118646082
0.0114010060
0.0476369374
0.0098952288
0.0536998399
0.0448852554
0.0656153336
0.0113768056
0.0042596175
0.0103726760
0.0361263938
0.0376216806
0.0156836528
0.0163284875
0.0087520797
0.0160571449
0.0490216203
0.0032220061
0.0653610453
0.0142650194
0.0099527920
0.0311226957
0.0915461704
0.0251297131
0.0244135875
0.0069566937
0.0507934205
0.0217901729
0.0126578612
0.0487001799
0.0462542810
0.0190676153
0.0058704587
0.0676381513
0.0443218835
0.1038392484
0.0658571497
0.0608074218
0.0032441518
0.0206228346
0.0074063037
0.0351560935
0.0435883962
0.0782999322
0.0349950269
0.0533601157
0.0244707111
0.0421025380
0.0091179423
0.0053376462
0.0466047116
0.0258543678
0.0325645767
0.0126260333
0.0331136845
0.0346850455
0.0268418193
0.0047449535
1.0845212936
0.0032330267
0.0138850287
0.0184924658
0.0128904926
0.0087769292
0.0070909215
0.0088303071
0.0553652160
1.0819437504
0.0234617107
0.0042675021
0.0679835528
0.0603492409
0.0068262168
0.0104581183
0.0416909829
0.0052621854
0.0179683398
0.0137852086
0.0138397301
1.0807489157
0.0441304147
0.0328009240
0.0234459732
0.0757122412
0.0092726126
0.0346711203
0.0180642530
0.0264792331
0.0219672993
0.0798320696
0.0394704491
0.0491933897
0.0416495800
0.0033706406
0.0085708322
0.1110970154
0.1239364222
0.0276729967
0.0038571667
0.0111009767
0.0242900010
0.0201091133
1.1523579359
0.0185160339
0.0563372001
0.0139258048
0.0178238023
0.0410548970
0.0091944896
0.0043381439
0.0211986322
0.0117083956
0.0058566313
0.0222281236
0.0681014732
0.0245125815
0.0287250876
0.0130058220
0.0533288382
0.0556325950
0.0095775425
0.0637005717
0.0032735988
0.0262831952
0.0137332380
0.0620482042
0.0855452195
0.0035987673
0.0219466873
0.0659645721
0.0035994865
0.0479658395
0.0091550872
0.0294466969
0.0738242120
0.0120219681
0.0324237011
0.0075465972
0.0517944321
0.0228406787
0.0326586142
0.0068189991
0.0039951825
0.0123412339
0.0503991581
0.0414361730
0.0484255180
0.0085482672
0.0034620005
0.0356104150
0.1876221001
0.0463966094
0.0083169471
0.0043215342
0.0477433503
0.0040869508
0.0458850525
0.0035504883
0.0925790966
0.0143618127
0.0186330322
0.0313271992
0.0136527028
0.0153324539
0.0032580902
0.1157872379
0.0441550277
0.1169456393
0.0053684236
0.0724347010
0.0185162593
0.0048323502
0.0293598119
0.0105298571
0.0502489619
0.0037549646
0.0289719757
0.0237080418
0.0044314363
0.0419973768
0.0107007967
0.0029804981
0.0079039289
0.0533501543
0.0032117751
0.0291207936
0.0066065369
0.0339044705
0.0576760210
0.0042938404
0.0065714023
0.0122044440
0.0171496347
0.0283410586
0.0365491323
0.0467818007
0.0237300340
0.0328718536
0.0682296976
0.0384780355
0.0678236708
0.0063402331
0.0296447407
0.0300992150
0.0574140251
1.0629576445
0.0273117330
0.0370809250
0.0064896005
0.0313571841
0.0442088731
0.0639052168
0.0045472980
0.0060837604
0.0621216819
0.0104770567
0.0305451266
0.0105004553
0.0750485957
0.0125244670
0.0077185798
0.0306508224
0.0154914847
0.0202578697
0.0266718939
0.0206951573
0.0045302347
0.0365847796
0.0535644703
0.0342202708
0.1211254522
0.0283059478
0.0160023551
0.0397616029
0.0682561919
0.0704162791
0.0584388450
0.0185529683
0.0235742852
0.0279828720
0.9299540520
0.0333941095
0.9774993062
0.0149752805
0.0749114454
0.0030234337
0.0054155462
0.0185197312
0.0102814417
0.0418893285
0.0118566714
0.0279640835
0.1847337633
0.0423444249
0.0089721084
0.0696301237
0.0225277152
0.0575829111
0.0191883966
0.0451897569
0.0465935767
0.0539318472
0.0198144224
0.0374493636
0.0189148430
0.0533169508
0.0533901155
0.0058520534
0.0127867926
0.0280439109
0.0119593833
0.0434217639
0.0184566863
0.2814140320
0.0363362990
0.0398768745
0.0070505999
0.0263503883
0.0210638046
0.0409614854
0.0046924697
0.0265989881
0.0618870966
0.0302016977
0.0474689789
0.0062367371
0.0614162385
0.0271427594
0.0401099436
0.0525122285
0.0451192223
0.0234529413
0.0312769525
0.0271602832
0.0047587543
0.0068495045
0.0075772186
0.0080744643
0.0324595086
0.0110265510
0.0419971794
0.0737272352
0.0183314513
0.0064299293
0.0484098196
0.0176892616
0.0709867701
0.0266013723
0.0303082280
0.9236357212
0.0032959133
0.0236759484
0.0053567397
0.0145571362
0.0364240259
0.0070668384
0.0432449281
0.0065506264
0.0480819941
0.0327151902
0.0444989167
0.0492808595
0.0232283548
0.0263869427
0.0449496880
0.0051273941
0.0540461615
0.0431604721
0.0515918024
0.0571146645
0.0476209261
0.0429870635
0.0130650587
0.0049844673
0.0046249023
0.0322218128
0.0109866112
0.0088312207
0.0104198940
0.0415872298
0.0332072563
0.0050233356
0.0429437459
0.0050017433
0.0051848297
0.0905652940
0.0039244867
0.0254381280
0.0176892392
0.0357064679
0.0477535129
0.0074150413
0.0123353526
0.0189149715
0.0116247097
0.0180774089
0.0093297837
0.0084473602
0.0045095230
0.0165181756
0.0031329547
0.0136797875
0.0118880719
0.0563142560
0.0118730450
0.0250178613
0.0058053872
0.0318740569
1.0412523746
0.0142102754
0.0589184649
0.0405170135
0.0270013884
0.0051388685
0.0313506871
0.0055679837
0.0044351746
0.0557675846
0.0031007950
0.0176893659
0.0124957273
0.0081953816
0.0057113017
0.0638675839
0.0351947770
0.0610966235
0.0280905794
0.0106589282
0.0141988564
0.0145533709
0.0058860611
0.0663848668
0.0037589371
0.0423132814
0.0077559655
0.0114164371
0.0052840710
0.0355199724
0.0114047034
0.0492412001
0.0079385731
0.0577640794
0.0302629713
0.0194460005
0.0097223138
0.0055490267
0.0339431092
0.0371035859
0.0069714691
0.0040591299
0.0197959021
0.0047952491
0.0349894576
0.0158767235
0.0137234451
0.0326189995
0.0133999651
0.0403936282
0.0631861314
0.0259194467
0.0042515150
0.0121490825
0.0868614167
0.0468825065
0.0042521898
0.0053493194
0.0440666638
0.0031824291
0.0759250149
0.0220386423
0.0254877042
0.0035545614
0.0211189575
0.0049738772
0.0115993582
0.0442303382
0.0529730916
0.0252290946
0.0033674606
0.0284468178
0.0717142820
0.0595985390
0.0030970036
0.0282025896
0.0112813935
0.0334218591
0.0263878703
0.0457448475
0.0709377006
0.0053719012
0.0056761447
0.0351514630
0.0504041947
0.0240680799
0.0420600474
0.0096779959
0.0614368059
0.0031467257
0.0607415922
0.0478595719
0.0428037681
0.0291278660
0.0136369346
0.0736930594
0.0098050125
0.0110011175
0.0682887733
0.0312267691
0.0066237352
0.0203133132
0.0095199812
0.0270353481
0.0128734736
0.0060148640
0.0166607909
0.0057047997
0.0123315519
0.0053116092
0.0105808834
0.0473930873
0.0096628144
0.0274009798
0.0131614478
0.0084459065
0.0213987678
0.0090122484
0.0349035189
0.0275204275
0.9624968767
0.0293468982
0.0211624391
0.0040620831
0.0237573590
0.1574052721
0.0082560806
0.0945834294
0.0032429933
0.0070591182
0.0635649189
0.0635004640
0.0091831498
0.0282668881
0.0474723056
0.0115485620
0.0066124890
0.0077342051
0.0183912255
0.0095386393
0.0721299350
0.0117082549
0.0682433024
0.0032102419
1.0868300200
0.0048042848
0.0375988148
0.0080383895
0.0254204199
0.0045785489
0.0182547309
0.0085748332
0.0155966775
0.0096868835
0.0078147566
0.0079833185
0.0169102885
0.0607375167
0.0552877076
0.0138699124
0.0703733712
0.0428910516
0.0035162091
0.0031341752
0.0123502761
0.0594535358
0.0058124298
0.0051007783
0.0588230453
0.0371892154
0.0043162387
0.0411829241
0.0364286155
0.0288240239
0.0049123573
0.0129552176
0.0053807003
0.0226018745
0.0624185391
0.0029302025
0.0717701465
0.0087962253
0.0564703532
0.0111273313
0.0140185263
0.0129163275
0.0265189912
0.0148378145
0.0566443056
0.0193140153
0.0065263002
0.0583314523
0.0174511876
0.0082559260
0.0134885535
0.0397067070
0.0060903560
1.0540406704
0.0151344724
0.0371866226
0.0455414727
0.0216216259
0.0349127911
0.0170734003
0.0587280057
0.0050064302
0.0374099165
0.0369699188
0.0503741093
0.0085992394
0.0235732850
0.0224658716
0.9581189156
0.0100480579
0.0558305532
0.0048466432
0.0249242429
0.0200455096
0.0038038006
0.5402156711
0.0043051448
0.0052431282
0.0633475855
0.0048993034
0.0583576858
0.0178034250
0.0092198513
0.0086646210
0.0201534349
0.0255791098
0.0484697148
0.0120020984
0.0642377585
0.0231763925
0.0096220281
0.0490985215
0.0080788257
0.0512519144
0.0123750344
0.0326587483
0.0059608622
0.0090251518
0.0710250065
0.0099102790
0.0082187429
0.0363677144
0.0132622160
0.2106779665
0.0152379619
0.0456912033
0.0432882681
0.0134857772
0.0564035438
0.1170632169
0.0974644274
0.0065980130
0.0081907324
0.0285386760
0.0070034526
0.0170129854
0.0565363728
0.5001888871
0.0606850646
0.0181730557
0.0645917878
0.0542574301
0.0116206780
0.0047239359
0.0669596270
0.0220918003
0.0212965235
1.0785700083
0.0135500701
0.0359784551
0.0059389691
0.0440016389
0.0075762081
0.0202605259
0.0216615926
0.0676910132
0.0060290690
0.0049924627
0.0621814914
0.0062707225
0.0346816070
0.0059713894
0.0411807522
0.0557455234
0.0582721457
0.0543099791
0.0168243237
1.0729587078
0.0388253778
0.0599034131
0.0620215274
0.0157374050
0.0145157008
0.0501874387
0.0326326303
0.0268467814
0.0466928147
0.0648345202
0.0185050834
0.0731617585
0.0518132038
0.0377844088
0.0081189545
0.0189916026
0.0650991946
0.0099837128
0.0134304957
0.0587918311
0.0327199958
0.0043654311
0.0220048353
0.0127000641
0.0672993660
0.0045754937
0.0170253571
0.0586842448
0.9744776487
0.0617595501
0.0440228693
0.0041229194
0.9067915678
0.0029892949
0.0163215473
0.0052529732
0.0384589136
0.0111274030
0.0209394805
0.0098606339
0.0172127746
0.0051407972
0.0411192738
0.0347575583
0.0394829512
0.0099641718
0.0126151070
0.0497387275
0.0543830507
0.0047762115
0.0073498832
0.0297036655
0.0238079727
0.0247404985
0.0602813736
0.0276187174
0.0717538744
0.0110596046
0.0147963818
0.0058299792
0.0244311672
0.0119325565
0.0058906451
0.0337304361
0.0031285405
0.0227634292
0.0402410775
0.0180398133
0.0468744002
0.0212620012
0.0147764403
0.0353844389
0.0295289271
0.0038332646
0.0337195210
0.0072879707
0.0462041236
0.0371275693
0.0293426774
0.0585522912
0.0329901911
0.0058149248
0.0210448448
0.0236470513
0.0345275290
0.0136773726
0.0237167198
0.0439422652
0.0146846389
0.0303487331
0.0394977294
0.0194302779
0.0064758258
0.0114864754
0.0065129781
0.0354527943
0.0062953737
0.0330444947
0.0553798750
0.0148934247
0.0476727933
0.0353423804
0.0250409562
0.0057917219
0.0079127718
0.0113183204
0.0146392072
0.0490142480
0.0441213325
0.0366796255
0.0190088972
0.0507027544
0.0066000619
0.0060455580
0.0032519037
0.0088798758
0.0185512938
0.0573301055
0.0246967804
0.0243690889
0.0605354495
0.0586434752
0.0387338102
0.0088959616
0.0070937802
0.0255761649
0.0188163705
0.0704083592
0.0401042290
0.0183908697
0.0481348187
0.0383027531
0.0207344014
0.0048610372
0.0223640781
0.0289713237
0.0362625793
0.1212513596
0.0420165546
0.0280016623
0.0068155415
0.0480316095
0.0035938204
0.0041524200
0.0383744575
0.0089751324
0.0100396629
0.0731869191
0.0164531823
0.0622946359
0.0226468109
0.0180179887
0.0306707807
0.0069595235
0.0386760496
0.0036620756
0.0627860799
0.0059614778
0.0423257090
0.0153147131
0.0132643897
0.0069084913
0.0240767784
0.0043158256
0.0287755355
0.0605862886
0.0334198587
0.0270562824
0.0091923550
0.0524961017
0.0170514788
0.0691507533
0.0236255601
0.0599267893
1.0623760223
0.0694598258
0.0513916910
0.0261731148
0.0409883969
0.0042738314
0.0172707289
0.0335882865
0.0367281437
0.0132656740
0.0050702654
0.0159080215
0.0933409631
0.0331546068
0.0076168790
0.0309011750
0.0191781502
0.0099557210
0.0193398278
0.0133563606
0.0248175245
0.0045343665
0.1045094207
0.0269528273
0.0381327830
0.0430453680
0.0030350278
0.0332249403
0.0187503733
0.0235521998
0.0100018736
0.0316574015
0.0048706313
0.0126709379
0.0035987890
0.0220938791
0.0442945808
0.0391286127
0.0069019780
0.0681790411
0.0343588665
0.0590206906
0.0400319323
0.7096351981
0.0176603980
0.0078634964
0.0108213397
0.0088946745
0.0382517241
0.0034031018
0.1480734497
1.1055514812
0.0033602798
0.0039491751
0.0418198407
0.0413509682
0.0038376462
0.0162890479
0.0170652755
0.0120464750
0.0088901641
0.0510350652
0.0414930545
1.0972275734
0.0205687080
0.0540024191
0.0502790511
0.0233768076
0.0235885866
0.0072897119
0.0042376970
0.0054084403
0.0205087420
0.0138272354
0.0037483207
0.0141792707
0.0221910886
0.0153295668
0.0208339375
0.0049658455
0.0094807586
0.0277742706
0.0033691379
0.0311760437
0.0456285216
0.0100042149
0.0250202250
0.0029705262
0.0043370170
0.0039725723
0.0037453976
0.0299596749
0.0085448939
0.0058724317
0.0595603995
0.0934612080
0.0460312366
0.0045664422
0.0096636210
0.0132985003
0.0443650484
0.0111576933
0.0244768392
0.0201408993
1.1535266638
0.0238731243
0.0079225684
0.0070854756
0.0114832539
0.0044204877
0.0275280122
0.0105104847
0.0115543250
0.0035000921
0.0218643807
0.0137803638
0.0440437794
0.0113344444
0.0038233064
0.0639702976
0.0108869458
0.0155601157
0.0035721678
0.0076835598
0.0204599034
0.0035228950
0.0597008392
0.0192622785
0.0720095336
0.0405555889
0.0566596799
0.0195597745
0.0578480922
0.0185979251
0.0042360378
0.0439871848
0.0163324792
0.0361351110
0.0158542357
0.0327257216
0.0085589569
0.0064609032
0.0545439422
0.0077456138
0.0509398766
0.0600762144
0.0635038391
0.0855055973
0.0126093850
0.0075565982
0.0367663093
0.0085932352
0.0090047102
0.0035410391
0.0086045694
0.0128803011
0.0729470924
0.0547904894
0.0147157731
0.0058568139
0.0359076224
0.0085424976
0.0104413191
0.0068941070
0.0121809402
0.0464854538
0.0207051877
0.0438390262
0.0139559619
0.0446820669
0.0100516332
0.0357934274
0.0566432737
0.0050600618
0.4135574400
0.0065266849
0.0120534580
0.0386289097
0.0305381734
0.3110599220
0.0342765227
0.0198415536
0.0039282776
0.0541795865
0.0072963331
0.0358440802
0.0172118824
0.0192152523
0.0388548486
0.0567711405
0.0405637734
0.0132071339
0.0035154922
0.0152751636
0.0471849926
0.0416356400
0.0156524163
0.0330429040
0.0355847403
0.0041104080
0.0372733027
0.0338124856
0.0282114577
0.0054740882
0.0086180288
0.0444745831
0.0158608072
0.0032960074
0.0086146491
0.0065008434
0.0047180816
0.0085583115
0.0459639505
0.0083549973
0.0160316452
0.0139962938
0.0191978514
0.0308258366
0.0052020010
0.0453306250
0.0419253036
0.0051495139
0.0951099470
0.0038533404
0.0239211842
0.0083895493
0.0542243607
0.0286882240
0.0298631731
0.0633967444
0.0385383330
0.0073177936
0.0452613011
0.0686536282
0.0720909014
0.0225572195
0.0699661523
0.0040438846
1.0034437180
0.0095942039
0.0091155805
0.0114060268
0.0518456623
0.0279908776
0.0147665944
0.0241179969
0.0281375516
0.0371619835
0.0299613737
0.0041298261
0.0251150895
0.0033669169
0.0266007483
0.0188783612
0.0046515162
0.0032742936
0.0291954651
0.0063667963
0.0150455479
0.0349958204
0.0289139971
0.0605318956
0.0030432895
0.0163002070
0.0238304697
0.0135672092
0.0142052826
0.0458139889
0.0093566105
0.0149990385
0.0339985639
0.0081165479
0.0189613309
0.0154398773
0.0366652869
0.0066422117
0.0183983408
0.0193193387
0.0308958888
0.0141079659
0.0823823288
0.0034688911
0.0230361745
0.0317298248
0.0184844639
0.0300785471
0.0258993711
0.0385260582
0.1655273885
0.0576331727
0.0402979031
0.0063463002
0.0037656329
0.0674803630
0.0378531255
0.0303281676
0.0282728113
0.0335876979
0.0140905008
0.0331079401
0.0046480540
0.0450545475
0.0032891019
0.0261114761
1.1523269415
0.0075494195
0.0639616400
0.0328378752
0.0044290335
0.0386875756
0.0453260057
0.0573633164
0.0029776737
0.0153130218
0.0416303240
0.0184833985
0.0701500773
0.0349403024
0.0329257660
0.0031685350
0.0455281772
0.0058435043
0.0049437052
0.0154709760
0.0196876116
0.0032269261
0.0257198717
0.0472866222
0.0341316834
0.0059270817
0.0714267865
0.0422733389
0.0226557497
0.0152680725
0.0334083289
0.0250403080
0.0191207994
0.9898580313
1.0547803640
0.0327580012
0.0030304806
0.0640072003
0.0208868831
0.0112679340
0.0035911370
0.0090766139
0.0758869424
0.0154834902
0.0174150094
0.0034673796
0.0398910642
0.0092577823
0.0040858560
0.0666646585
0.0120293964
0.1005675420
0.0175207350
0.0711065009
0.0781636536
0.0217019171
0.0031212801
0.0057949461
0.0576110892
0.0137972059
1.0046503544
0.0468949974
0.0641581938
0.0105179464
0.0089908466
0.0266356301
0.0047521847
0.0328606032
0.0044337623
0.0333334617
0.0147287054
0.0033068168
0.0157357380
0.0561973639
0.0157124493
0.0332361497
0.0593940057
0.0155216996
0.0093151387
0.0210367385
0.0391692705
0.0296288859
0.0074398918
0.0325615108
0.0227382276
0.0100346915
0.0586404279
0.0034394395
0.0090253809
0.0194101240
0.0058011855
0.0323850587
0.0160769075
0.0056755762
0.0152599048
0.0433661230
0.0044730669
0.0453664511
0.0695383325
0.0344933756
0.0118026044
0.0602598824
0.0038731161
0.0454098731
0.0166045148
0.0176876299
0.0732050911
0.0254599135
0.0044279099
0.0276965164
0.0607774295
0.0283636730
0.0301944911
0.0057563754
0.0066975378
0.0054169833
0.0366661996
0.0254344419
0.0396775156
0.0193590242
0.0042806333
0.0252368767
0.0280274283
0.0218132883
0.0353076607
0.0578371473
0.0213988889
0.0134853106
1.0509526730
0.0355769545
0.0538284704
0.0589601435
0.0094162375
0.0068528061
0.0034597977
0.0444034338
0.0042670863
0.0062530264
0.0529805422
0.0661946014
0.0143592292
0.0488581546
0.0117976731
0.0485137366
0.0088342279
0.0115116388
0.0123839416
0.0449736267
0.0041025211
0.0318244100
0.0131955557
1.1088637114
0.0090241991
0.0075850957
0.9748697281
0.0464262925
0.0554366373
0.0246151760
0.0573532358
0.0140897352
0.0321404524
0.0173578300
0.0037028403
0.0277327262
0.0530082732
0.0252257232
0.0224982575
0.0044266311
0.0138524240
0.0286591556
0.0069963820
0.0170531049
0.0123082791
0.0276634600
0.1421421468
0.0611571744
0.0140688270
0.0680638030
0.0119371619
0.0372595601
0.0094228843
0.0132815586
0.0259473789
0.0106475363
0.0520216711
0.0134738218
0.0249949172
0.0634472668
0.0254220162
0.0282517392
0.0242971089
0.0041118823
0.0045384369
0.0096985456
0.0042937798
0.0245966073
0.0074258125
0.0346081071
0.0200858973
0.0742202327
0.0075053605
0.0031261314
0.0030428956
0.0054294709
0.0223507937
0.0079611568
0.0182917528
0.0038644676
0.0057998863
0.0095440038
0.0115039712
0.0327723920
0.0712905303
0.0067024743
0.0249396469
0.0549864843
0.0289550368
0.0125975097
0.0231603552
0.0436829478
0.0178558435
0.0033048457
0.0043974612
1.0650798082
0.0636288449
0.0123124393
0.0187659562
0.0276242830
0.0360177048
0.0247393548
0.0246892218
0.0044371150
0.0431698523
0.0230880920
0.0055456148
0.0562055558
0.0312432423
0.0150012607
0.0747464895
0.0105152940
0.0277865045
0.0049597677
0.0709611848
0.0191347394
0.1489328444
0.0316275172
0.0146390861
0.0073994771
0.0588124767
0.0058447877
0.0043776887
0.0052494635
0.0080131665
0.0109509313
0.0397304893
0.0383278280
0.0032683455
0.0542595014
0.0129628628
1.0885484219
0.0086772880
0.0046271365
0.0468462855
0.0690230578
0.0031371289
0.0119430032
0.0185586940
0.0102299042
0.0379835777
0.0132160494
0.0144809866
0.0177069828
0.0293484218
0.0084196869
0.0267890543
0.0509384908
0.0145029565
0.0156092662
0.0085697342
0.0188190695
0.0032863070
0.0456172600
0.0532660261
0.0483342633
0.0198759232
0.0046737958
0.0189733077
0.0584598668
0.0074920296
0.0695134401
0.0075599477
0.0418642014
0.0081383251
0.0081609469
0.0311337002
0.0511695892
0.0216872860
0.0592148341
0.0051806844
0.0188943781
0.0180571247
0.0112885218
0.0655658692
0.0202962346
0.0058163167
0.0055988198
0.0113872103
0.0236611180
0.0268946476
0.0103912260
0.3623118699
0.0045806644
0.0084800441
0.0185197294
0.0101413624
0.0065332684
0.0066254535
0.0446228795
0.0154858697
0.0052945628
0.0597832613
0.0667678863
0.1332567930
0.0087307794
0.0414758846
0.0038311905
0.0687450394
0.0101171983
0.0366175622
0.0149641316
0.0100578172
0.0432786793
0.0715630502
0.0090506654
0.0509295240
0.0041725859
0.0294996798
0.0335994549
0.0165814813
0.0165858082
0.0051413043
0.0365013964
0.0358936973
1.0765969753
0.0214260574
0.0033289543
0.0215590466
0.0507613607
0.0165402088
0.0286616571
0.0300270766
0.0054945201
0.0049027638
0.0266299546
0.0086114788
0.0434433110
0.0616129562
0.0605405718
0.0293913614
0.0064867004
0.0834971443
0.0281615052
0.0086255362
0.0287850033
0.0080199586
0.0492664576
0.0268879030
0.0290867239
0.0383266248
0.0036254865
0.0450220928
0.0197809432
0.0289102327
0.0190388467
0.0043929825
0.0371763520
0.0045314967
0.0616839901
0.0540660545
0.0053133564
0.0230636969
0.0295930933
0.0495283827
0.0156632327
1.0424340963
0.0234552156
0.0029651900
0.0129931280
0.0397947878
0.0326839238
0.0138153005
0.0098959459
0.0502379127
0.0208920557
0.0083299382
0.0108686304
0.0042261560
0.0537380651
1.0960551500
0.0301407240
0.0050946325
0.0249562170
0.0567226112
0.0039543882
0.0435056090
0.0369268991
0.0031015656
0.0194682777
0.0117018614
0.0066956505
0.0344930179
0.0218788199
0.0054500764
0.0219409373
0.0473674126
0.0162127279
0.0366423093
0.0131447949
0.0481687486
0.0094507029
0.1091396660
0.0497862585
0.0303514395
0.0420442075
0.0094954139
0.0162165947
0.0396565050
0.0489762835
0.0487983003
0.0089129088
0.0119338669
0.0157782286
0.0346542671
0.0111060608
0.0943202525
0.0032693583
0.0490985662
0.0029698124
0.0081855208
0.0092552407
0.0176100172
0.0139606567
0.0173663981
0.0554007143
0.0256963186
0.0482514910
0.0067543988
0.0249612704
0.0048967111
0.0037966764
0.0062021236
0.0332234576
0.0282084160
0.0262361392
0.0202983581
0.0272874534
1.0609753132
0.0475972518
0.0034814684
0.0048340079
0.0541463047
0.0344697833
0.0253887717
0.0029570179
0.0142771937
0.0163296480
0.0421175547
1.0656540394
0.0043780413
0.0415026173
0.0142834969
1.0596191883
0.0184698626
0.0117987879
0.0224153847
0.0184005406
0.0182251632
0.0099070007
0.1205480769
0.0077346698
0.0240592901
0.0151939644
0.0091294926
0.0461217389
0.0310644377
0.0059237387
0.0140617089
0.0678900108
0.0360334553
0.0083513819
0.0498592705
0.0416992754
0.0195191540
0.0034485923
0.0401208624
0.0283265840
0.0030610857
0.0446141772
0.0455847159
0.0450494103
0.1165033951
0.0471519269
0.0052404711
0.0177229084
0.0070108636
0.0056564594
0.3043261170
0.0443481691
0.0124360714
0.0252526198
0.0216680039
0.0153085794
0.0157730319
0.0680734813
0.0174563862
0.0323160551
0.0266219880
0.0309494063
0.0045764106
0.0502565913
0.0307101123
0.0513513125
0.0219257567
0.0685895681
0.0062255999
0.0316306539
0.0328307450
0.0118554281
0.0511028469
0.0030716085
0.0223655198
0.0079307826
0.0055897040
0.0060977475
0.0289932415
0.0332045741
0.0096383253
0.0285438690
0.0480504408
0.0276756734
0.0398984216
0.0136573529
0.0115156658
0.0071524866
0.0800244361
0.0055394536
0.0122196786
0.0212045778
0.0085707754
0.0086125853
0.0518336818
0.0159662645
0.0452351198
0.0220312774
0.0036943059
0.0723323151
0.0233362447
0.0284912325
0.0253901798
0.0360011011
0.0357707702
0.0357631445
0.0529542007
0.0136667099
0.0196492672
0.0362327844
0.0176030453
0.0495030284
0.0043554571
0.0546566993
0.0619107895
0.0085517522
0.0130808474
0.0032009515
0.0535131730
0.0035933407
0.0240777135
0.0093753906
0.0168697704
0.0146612450
0.0037583967
1.0509034395
0.0106788408
0.0046177111
0.0180066470
0.0406056084
0.0404898636
0.0211904924
0.0289794840
0.0058211302
0.0561155714
0.0663025752
0.0330064408
0.0575531535
0.0698517486
1.0322480202
0.0755321905
0.0117691001
0.8989560008
0.0399684943
0.3308150768
0.0626365542
0.0184064116
0.0682103708
0.0328921378
0.0103209494
0.0391388610
0.0409148373
0.0069579240
0.0072318539
0.0381349325
0.0275504664
0.0323684327
0.0466351286
0.0085876975
0.0384046510
0.0334120728
0.0470816493
0.0545166098
0.0446076207
0.0616036355
0.0402860306
0.0953930467
0.0072700181
0.0217312034
0.0579282865
0.0380684920
0.0241097305
0.0224254746
0.0170824267
0.0172636751
0.0134033496
0.0286365598
0.0055616526
0.0207091067
0.0863707364
0.0486896634
0.0161530431
0.0380705222
0.0561837740
0.0031549621
0.0176411886
0.0102227489
0.0357768051
0.0360860378
0.0092529235
0.0441198610
0.0157375373
0.0064132032
0.0067930655
0.0142106758
1.0697301626
0.0296544135
0.0047889049
0.0200910009
0.0049873437
0.0042330557
0.0047918563
0.0128005110
0.0079681948
0.0624416247
0.0115245376
0.9512646198
0.0400613360
0.0637195706
0.0035960521
0.0194892939
0.0632227585
0.0383746177
0.0344593227
0.0182402451
0.0203269012
0.0033357074
0.0267799925
0.0602656677
0.0159603469
0.0512184799
0.0244202763
0.0221308060
0.0130892796
0.0046000932
0.0234526638
0.0384419821
0.0247225463
0.0291011650
0.0074164248
0.0221412871
0.0399479643
0.0217209831
0.0349296257
0.0573151298
0.0030568598
0.0083799362
0.0408015549
0.0640330911
0.1006952077
0.0261934530
0.0108279539
0.0121958172
0.0147240153
0.0139137078
0.0072281063
0.0304286107
0.0040165675
0.0171777308
0.0521359593
0.2842072845
0.0246695410
0.0479115136
0.0188817978
0.0628418997
0.0453131273
0.0469085239
0.0491227433
0.0362553298
0.0056301700
0.0129831042
0.0366197005
0.0045370511
0.0382176526
0.0389801711
0.0167865586
0.0224865489
0.0065416796
0.0333721749
0.0033160876
0.0089845387
0.0385593586
0.0367393047
0.0175918285
0.0559403226
0.0036137237
0.0701146573
0.0595825389
0.0040565142
0.0254163127
0.0640338436
0.0041264524
0.0131867118
0.0581340343
0.0325033627
0.0177531727
0.0585901551
0.0413293354
0.0254445877
0.0345779248
1.1625864506
0.0061947671
0.0285012368
0.0164805483
0.0080924891
0.0110090123
0.0213272125
0.0047631669
0.0354168266
0.0229260977
0.0497239456
0.0249440409
0.0159611888
0.0043442883
0.0663811192
0.0329199657
0.0231985468
0.0038522712
0.0068388954
0.0033268074
0.0404597372
0.0120891826
0.0356051251
0.0082632052
0.0097771520
0.0292399153
0.0049412330
0.0078102481
0.0128494687
0.0261468627
0.0124965729
0.0238743797
0.0085599497
0.0094060451
0.0070466232
0.0102528324
0.0080110682
1.0121775866
0.0276719201
0.0075572925
0.0207655821
0.0089618405
0.0059018563
0.0111032762
0.0488600396
0.0197293703
0.0053361757
0.0204215255
0.0350682586
0.0106271217
0.0052556181
0.1374042034
0.0040774010
0.0145783210
0.0136385327
0.0057718754
0.0087587433
0.0568034351
0.0482636504
0.0389201716
0.0088560143
0.0045100949
0.0113820732
0.0030318773
0.0296357200
0.0309843551
0.0323148258
0.0399525650
0.0437306874
0.0120680742
1.0807589293
0.0126352748
0.0695858672
0.0268428493
0.0060859276
0.0310428198
0.0676549152
0.0369047523
0.0145570124
0.0179396011
0.0056146202
0.0031717753
0.0037873087
0.1758237779
0.0191630851
0.0598873198
0.0033457095
0.0060224184
0.0220405813
0.0176872965
0.0182695501
0.0480560549
0.0268455185
0.0549576394
0.0649163201
0.0665538982
0.0215145461
0.0246980321
0.0244850256
0.0068046688
0.0384712107
0.0112814568
0.0288589522
0.0205062125
0.0146699371
0.0765635669
0.0501693040
0.0346087106
0.0354403853
0.0143988384
0.0156807024
0.0516427234
0.0228211042
0.0232394654
0.0477178916
0.0364072025
0.0108044920
0.2311557382
0.0087696640
0.0045211278
0.0449902527
0.0057936353
0.0941586271
0.0307067577
0.0080925971
0.0029448224
0.0680181310
0.0062009278
0.0346509479
0.0305247772
0.0121355001
0.0554629639
0.0240748823
0.0101909665
0.0041070180
0.0045906538
0.0269762594
0.0518442616
0.0504100882
0.0052278936
0.0428458750
0.0520259067
0.0482726991
0.0056071738
0.0381836966
0.0432239026
0.0406638347
0.0082410965
0.0033155773
0.0170712490
0.0566956364
0.0361443684
0.0084298979
0.0398191847
0.0382003151
0.0078560561
0.0148488851
0.0476166829
0.0079525020
0.0039796666
0.0352524705
0.0040505482
0.0031335214
0.0542330034
0.0210130401
0.0034513073
0.0240472611
1.0438208580
0.0055725724
0.0055825124
0.0315901786
0.0164007321
0.0198997818
0.0189476162
0.0440249518
0.0173695739
0.0417387523
0.0506953634
0.0140891727
0.0055743507
0.0459450260
0.0274704862
0.0509907193
0.0176044907
0.0821995735
0.0265009496
0.0233979020
0.0052207019
0.0044383025
0.0310338512
0.0228671543
0.0696643814
0.0200512744
0.0084173707
0.0037994930
0.0395066291
0.0774989054
0.0371263735
0.0822331533
0.0039517493
0.0984742418
0.0149225602
0.0300435238
0.0316701941
0.0319990963
0.0462283827
0.0469793864
0.0289930496
0.0431619026
0.0111340005
0.0146878054
0.0135166142
0.0108853197
0.0446882620
0.0318054706
0.0037122467
0.0071257353
0.0863343850
0.0436445251
0.0595355295
0.0662504807
0.0039427509
0.0112001132
0.0154806944
0.0545481928
0.0316569656
0.0078569399
0.0133511433
0.0313631780
0.0081057651
0.0611046404
0.0146090658
0.0271978006
0.0228518825
0.0055476162
0.0096101491
0.0031155031
0.0727438703
0.0148722166
0.0164469928
0.0431831740
0.0736173540
0.0093961712
0.0373417139
0.0087784175
0.0119313644
0.0136620887
0.0343512781
0.0076916255
0.0084316796
0.0562560484
0.0579600818
0.0538896471
0.0342342779
0.0062442063
0.0251738876
0.0656701028
0.0037089125
0.0354037061
0.0670518875
0.0048121284
0.0240413100
0.0196726378
0.0655812323
0.0083425902
0.1148800477
0.0185878221
0.0413711034
0.0612063110
0.0034581497
0.0048838397
0.0195487123
0.0072433483
0.0229186025
0.0231714007
0.1036575884
0.0263204053
0.0301886145
0.0624501891
0.0313463956
0.0065952786
0.0262261331
0.0330058187
0.0176751353
0.2372417152
0.0081871906
0.1049484685
0.0089561921
0.0037552987
0.0342102535
0.0661561936
0.0293020476
0.0106616598
0.0532756150
0.0034781131
0.0105073694
0.0653239191
0.0282632709
0.0244241636
0.0534476489
0.0072597158
0.0490145721
0.0496660806
0.0491012447
0.0085533895
0.0037491228
0.0413854979
0.0698033422
0.0349253193
0.0149988821
0.0530334152
0.0099722706
0.0116771683
0.0030257895
0.0041970983
0.0446137749
0.0231711306
0.0508613139
0.0146855172
0.0202092864
0.0318232402
0.0287575871
0.0650921017
0.0041135387
0.0101770824
0.1028175876
0.0113007613
0.0384020954
1.1641726494
0.0046551358
0.0034948932
0.0714866519
0.0367082916
0.0486729704
0.0125509687
0.0189901832
0.0511302426
0.0707323179
0.0097030774
0.0300235935
0.0424060598
0.0457513966
0.0350028947
0.0070798178
0.0510450229
0.0421220362
0.0181188229
0.0194722116
0.0076643350
0.0031367566
0.0042316983
0.0209417287
0.0180024523
0.0287984498
0.0096424045
0.0493761413
0.0174045973
0.0445028767
0.0172857791
0.0044349246
0.0131446039
0.0035437462
0.0163205024
0.0185458343
0.0359781571
0.0066727088
0.0255757887
0.0095835607
0.0142814536
0.0388826542
0.0106763244
0.0349422246
0.0213763528
0.0403670557
0.0209435727
0.0145639768
0.0541723557
0.0030921695
0.0090921130
0.1822934747
0.0161966588
0.0400682911
0.0683535561
0.0106111625
0.0214672666
0.0121912742
0.0088105705
0.0338797905
0.0213574637
0.0736827925
0.0651854277
0.0247345921
0.0645745620
0.0691745505
0.0234067030
0.0311975796
0.0060479268
0.0171812195
0.0094219483
0.0271185096
0.0049417345
0.0064813104
0.0048167217
0.0216553025
0.0425104313
0.0223909933
0.0490134880
0.0405202657
0.0041470127
0.0258819629
0.0066926917
0.0074897171
0.0318073742
0.0356725864
0.0108014010
0.0064715268
0.0429284833
0.0229313895
0.0291291848
0.0062638577
0.0141315535
0.0922359750
0.0130722970
0.0036131488
0.0403741971
0.0478378609
0.0125223016
0.0056631602
0.0225733239
0.0667480677
0.0137370126
0.0709366873
0.0612943210
0.0665590167
0.0739662126
0.0058023729
0.0730085522
0.0704841688
0.0042033303
0.0301474463
0.0898128301
0.0216149502
0.0168917067
0.0066857492
0.0167008657
0.0417590961
0.0267948415
0.0389808454
0.0103703374
0.0036984738
0.0264009573
0.0362090468
0.0989375934
0.0529693477
0.0157968346
0.0566850118
0.0244961698
0.0119328257
0.0293980036
0.0221275669
0.0284246542
0.0468348898
0.0051849452
0.0423710868
0.0049281293
0.0382172130
0.0185772255
0.0625017658
0.0200439412
0.0058287326
0.0683483034
0.0109252948
0.0350762159
0.0072232843
0.0472997688
0.0215423312
0.0037569720
0.0178901460
0.0096777109
0.0638780966
0.0517717190
0.0600629337
0.2402140498
0.0305265542
0.0637481734
0.0462811776
0.0391131155
0.0101954406
0.0042429650
0.0051693497
0.0498731919
0.0092525715
0.0449836850
0.0943714306
0.0678136423
0.0140472222
0.0975479558
0.0128057189
0.0063602831
0.0126747116
0.3772200644
0.0040315832
0.0101430910
0.1081812605
0.0654230639
0.0060768272
0.0453789793
0.0182160810
0.0193513222
0.0111955553
0.0053072562
0.0345675573
0.0166081861
0.0191254113
0.0300458539
0.0057834778
0.0203080345
0.0060487110
0.0796229690
0.0401405394
0.0060770949
0.0048081037
0.0755781308
0.0122603895
0.0080824941
0.3668724895
0.0131965829
0.0085561629
0.0128103122
0.0047622309
0.0138519257
0.0615435056
0.0463205948
0.0094747180
0.0340763219
0.0048563736
0.1305307299
0.0659049973
0.0316500738
0.0182464812
0.0031816296
0.0110481950
0.0039135898
0.0107814148
0.0553490892
0.0030880184
0.0766073018
0.0369113162
0.0249352418
0.0059441025
0.0366872363
0.0136296004
0.0093348492
0.0122499699
0.0238428935
0.0234688725
0.0222713314
0.0540209636
0.0536885671
0.0082742292
0.0293206163
0.0083585316
0.0075073773
0.0042054001
0.0067325546
0.7341754436
0.0039429832
0.0509662405
0.0121248337
0.0508815423
0.0452008955
0.0237191375
0.0192044545
0.0099931946
0.0030220845
0.0090117007
0.0032527065
0.0038008608
0.0042447946
0.0802785754
0.0256222710
0.0161049031
0.0040912190
0.0082435673
0.0648076460
0.0291588642
0.0070230099
0.0459669866
0.0546336211
0.0531956479
0.0185616873
0.0653080866
0.0276255310
0.0360934399
0.0072783665
0.0436649881
0.0059358659
0.0084056435
0.0137560153
0.0245251246
0.0188421961
0.0104964236
0.0113930944
0.0297472421
0.0951909721
0.0193301179
0.0690944269
0.0549064912
0.0321884230
0.0113628739
0.0031723657
0.0040926076
0.0199647695
0.0090674460
0.0152518386
0.0490302853
0.0291706268
0.0030081221
0.0094935717
0.0244605448
0.0389332473
0.0108893728
0.0068252846
0.0162544549
0.0402890444
0.0199870002
0.0316921212
0.0130682774
0.0075027780
0.0147323189
0.0726968795
0.0050837547
0.0370788835
0.0286525711
0.0094562145
0.0083893770
0.0068132645
0.0038307353
0.0373210385
0.0067092557
0.0068942802
0.0295441635
0.0491479225
0.0778905228
0.0096513033
0.0645052195
0.0385433696
1.1546568871
0.0051138550
0.0201523118
0.0656407326
0.0033141342
0.0185829978
0.0288199168
0.0052747861
0.1465909332
0.0252961032
0.0321802460
0.0040915105
0.0147022465
0.0361332372
0.0412406586
0.0261568632
0.0178793930
0.0099549303
0.0068482631
0.0795691013
0.0391274430
0.0032241717
0.1348699629
0.0311541669
0.0150355920
0.0064013731
0.0310841501
0.0349479243
0.0189336482
0.0414671674
0.0030914759
0.0239515863
0.0130547229
0.0342040844
0.0050515956
0.1248535514
0.0098569375
0.0048363199
0.0286702700
0.0096152248
0.0043427842
0.0566354319
0.0533377752
0.0071712453
0.0105824256
0.0599635579
0.0096934959
0.0346338190
0.0554902926
0.0105083082
0.0069043995
1.1440236568
0.0269477554
0.0495184064
0.0698202103
0.0354173668
0.0176697578
0.0311315041
0.0051413397
0.0251372308
0.0271603838
0.0381940641
0.0060838838
0.0489637665
0.0417767130
0.0035464056
0.0305473600
0.0138207087
0.0239055697
0.0107010910
0.0287569128
0.0525711514
0.0076521928
0.0604003705
0.0183475837
0.0134907775
0.0225648265
0.0121285403
0.0579692423
0.0183468666
0.0108165247
0.0285276957
0.0495943576
0.0043206657
0.0077014249
0.0364530683
0.0285053514
0.0051324968
0.0075585516
0.0515130013
0.0034675444
0.0206194352
0.0325431265
0.0472422689
0.0139251575
0.0184172727
0.0317550823
0.2433260083
0.0144447545
0.0268234145
0.2557687163
0.0080171591
0.0262270812
0.0326162241
0.0332366228
0.0646204129
0.0156248249
0.0522853509
0.0274421107
0.0135759506
0.0152165443
0.0269788317
0.0095441518
0.0173247177
0.0901784301
0.0035156598
0.0457903072
0.0241421312
0.0089118741
0.0604925789
0.0274510439
0.2743877470
0.0402038880
0.0150898155
0.0132164480
0.0041530710
0.0421179868
0.0445187129
0.0163247641
0.0718238950
0.0238832124
0.0769232586
0.0126856687
0.0175889805
1.1376696825
0.0651009083
0.0050868914
0.0625861287
0.0270101186
0.0177181438
0.0174810644
0.0049883723
0.0180974808
0.0231146067
0.3466212749
0.0379514620
0.0103394315
0.0305575617
0.0414408632
0.0136253359
0.0075721052
0.0080934325
0.0624553934
0.0202583279
0.0723403841
0.0076312944
0.0310778283
0.0041034636
0.0475059748
0.0054496941
0.0045743026
0.0199917611
0.0117743211
0.0120217111
0.0633429289
0.0304306559
0.0553794019
0.0086090900
0.0717632398
0.0238477979
0.0045251255
0.0663161427
0.0282405149
0.0190937780
0.0516662933
0.0139395176
0.0220393855
0.0070064864
0.0035508818
0.0493538193
0.0075808745
0.0164374001
0.0411534756
0.0198217146
0.0469911732
0.0367097408
0.0364305712
0.0046604844
0.1363138556
0.0753220096
0.0648808852
