0.0691695362
0.0089099882
0.0474165268
0.0431553684
0.0535726883
0.0190542340
0.0454885922
0.0371670164
0.0516743027
0.0076375194
0.0418178253
0.0163581148
0.0180717073
0.0620701388
0.0198758841
0.0129277650
0.0063995845
0.0166022498
0.0387769565
0.0820618942
0.0171882678
0.0260723475
0.0484954678
0.0499361269
0.0281632598
0.0064078365
0.0685881823
0.0126603246
0.0057110530
0.7795656919
0.0068954034
0.0395486280
0.0066078291
0.0058711818
0.0178503785
0.0061337086
0.0314899497
0.0177403595
0.0462881625
0.0301450137
0.0144480523
0.0186351538
0.0709202141
0.0505866706
0.0085282298
0.0267569106
0.0048599862
0.0694850832
0.0423352569
0.0369018763
0.0502731055
0.0548700839
0.0042720651
0.0092760790
0.0567189306
0.0034825746
0.0086370856
0.3863670528
0.0684370026
0.0406015515
0.0196773726
0.0348807648
0.8695656657
0.0083373468
0.0036880418
0.0229894090
0.0846129954
0.0263984874
0.0540157743
0.0708717182
0.0467150025
0.0251019988
0.0113768457
0.0327696800
0.0266309343
0.0150658861
0.0230337232
0.0195014514
0.0087152477
0.0062629716
0.0080607114
0.5881643295
0.0226863660
0.0719589740
0.0063883765
0.0581993312
0.0045566419
0.0442075022
0.0072761597
0.0741051435
0.0135565009
0.0180499610
0.0052047386
0.0112078199
0.7100288272
0.0585282296
0.0551887751
0.0074286936
0.2844875455
0.0099242702
0.0444702692
0.0065639745
0.0315516293
0.7074434161
0.0094340025
0.0224875323
0.0126810102
0.0638522506
0.0698632374
0.0249209628
0.7290918231
0.0071596042
0.0080693047
0.0187452678
0.0133280056
0.0038656702
0.0087946188
0.0397839062
0.0089602312
0.0553237870
0.0258066803
0.2031729370
0.0606488474
0.0565464459
0.0509248711
0.0241922978
0.0680144578
0.0697286651
0.0389409810
0.0469440743
0.0478471257
0.0085162874
0.0088662151
0.0365638174
0.5111577511
0.0222058706
0.0399169028
0.0107740201
0.0311748516
0.7003347278
0.0670990422
0.0242619030
0.0235393606
0.0518211722
0.0162507817
0.0253869779
0.0192800835
0.0188691579
0.0116135068
0.0256808251
0.0430167504
0.0082063274
0.0537289605
0.0132530266
0.0137827294
0.0320216343
0.0633780211
0.0308593735
0.0098960716
0.0037303686
0.0590625219
0.0572242923
0.0617582910
0.0285970625
0.0257624947
0.0068416577
0.2797746360
0.0106518893
0.0857261792
0.0728406385
0.0304517224
0.0141423894
0.0179420114
0.0500416085
0.0145158414
0.0179243851
0.1568456888
0.0539734364
0.0494193137
0.1018406451
0.0222615376
0.0059147966
0.0120331421
0.0041786069
0.0516849943
0.0032923021
0.0285780933
0.0720982030
0.0680009127
0.2064832002
0.0143462978
0.0216249451
0.0165266357
0.0124049373
0.0235364195
0.0049166265
0.0728778988
0.0149067696
0.0221489407
0.0319640152
0.0492538475
0.0073636035
0.0323745720
0.0248061735
0.0365360491
0.0045310971
0.0715770721
0.0195378736
0.0336561874
0.0145800617
0.0507409237
0.0043540383
0.0943162441
0.8696770668
0.0277427919
0.0624097511
0.0656461492
0.0073933662
0.0113804089
0.0133422995
0.0469931774
0.0605569370
0.0493454672
0.0041258605
0.0328020565
0.0291709583
0.0594133586
0.0770454779
0.1172551066
0.0624658987
0.0165768228
0.0733259544
0.0351914130
0.0646830350
0.0594783276
0.0198984444
0.0560264848
0.0683918446
0.0504575521
0.0360711887
0.0315083936
0.0112949219
0.0637367666
0.0054690330
0.0110334028
0.0252876040
0.0180375744
0.0183402356
0.0520251840
0.0250550844
0.0070162895
0.0335684456
0.0214521773
0.7898474336
0.0181428939
0.0261273868
0.0884755030
0.0708661303
0.0675792918
0.0194718130
0.0576787442
0.7473216653
0.0041919188
0.0127259856
0.0658858940
0.0201959722
0.0098081324
0.0053953552
0.0308419541
0.0206926670
0.0168625601
0.0181372445
0.0052207774
0.0340384431
0.0126322070
0.0549979992
0.0260090455
0.0565456860
0.0203492343
0.9594702721
0.0034028322
0.0334033743
0.0053635873
0.0676575825
0.0143290814
0.5796223283
0.0213835463
0.0658132434
0.0477301516
0.0364107974
0.0045215581
0.0033031192
0.1711450666
0.0453111641
0.1804255396
0.0032356370
0.0446886532
0.0442800894
0.0543270521
0.1189640462
0.0658460781
0.0468614772
0.0183448400
0.0277142506
0.0292932875
0.0244099833
0.0651471987
0.0703681111
0.2089735121
0.0692855194
0.0080912160
0.2170336694
0.0432136245
0.0053824629
0.0094851367
0.0194051862
0.1376014650
0.0550649129
0.0289032124
0.0110946139
0.3683384061
0.0264403243
0.0719339326
0.0463299900
0.0255887341
0.1208384335
0.0141722932
0.0446547009
0.0112157213
0.0690723062
0.0237757638
0.0750105307
0.0650254786
0.0043887342
0.0051467540
0.0153357573
0.0672191530
0.0070241676
0.0630072951
0.0307327621
0.0585473552
0.0109249661
0.0106512718
0.0126189785
0.0308937766
0.0266044643
0.0081604803
0.0032471369
0.0044391332
0.7096863985
0.0705952197
0.0219006073
0.0686096102
0.0110237189
0.1829220951
0.0497384444
0.0136127425
0.0061907866
0.0615285225
0.0168335494
0.0607569888
0.0305491388
0.0444436856
0.0123569043
0.0366342105
0.1029287726
0.1215437204
0.0387721509
0.0209783278
0.0057876869
0.0306359157
0.0034181892
0.0217221528
0.0533756427
0.0104038082
0.0610265806
0.5311183333
0.0195487551
0.0171634462
0.0247417018
0.0303409901
0.0089304885
0.0169782303
0.0089359004
0.0229519513
0.8236322403
0.0350459442
0.0074233762
0.0069595035
0.0480625592
0.0395712256
0.0216073748
0.0960325822
0.0050367252
0.0500733703
0.7314872146
0.0486916788
0.5210165977
0.0558517389
0.0187932122
0.0070559955
0.0442038625
0.0267572179
0.0151801612
0.0101638064
0.0033787342
0.0066430508
0.0057663359
0.0140072200
0.0079107555
0.0087735606
0.0196151696
0.0576041304
0.0030197413
0.0624655411
0.0094535425
0.0718921423
0.0053936620
0.0796631277
0.0299783293
0.5388075113
0.0608510673
0.0049005314
0.0284057613
0.8100774288
0.0041169836
0.0074071460
0.0297835227
0.0130125098
0.0224168804
0.0093559017
0.0703653470
0.0366131067
0.0223846566
0.0332607403
0.1343120486
0.0093320739
0.0642298013
0.0240521710
0.8496831059
0.0526108034
0.0648181885
0.0274548680
0.0155578768
0.0168100893
0.0703260154
0.0195947792
0.6134416461
0.0206358284
0.2435154170
0.0151399216
0.2937547863
0.0128554069
0.0090452377
0.0589367598
0.0210552737
0.0561411418
0.0077524595
0.0215170551
0.0241739694
0.0054571228
0.0097408546
0.0515639149
0.0130851753
0.0578373894
0.0240556598
0.0381649137
0.0241634808
0.4767281115
0.0055052647
0.0157514568
0.0036871131
0.0032299147
0.0277999453
0.4898039699
0.4982651770
0.0503031425
0.0041979370
0.0059433691
0.0049109543
0.0047952924
0.0087081855
0.0063045667
0.4593672156
0.0095970174
0.7939689159
0.2029844373
0.0057832389
0.4184908271
0.0246865116
0.0527490564
0.0227000304
0.0162866097
0.0606692433
0.0502458476
0.0067005437
0.0516031124
0.0353579111
0.0254100990
0.0126979845
0.0067147482
0.0164220054
0.0093342755
0.0671330169
0.0301762726
0.0507601947
0.0133678261
0.0058856858
0.0615761019
0.0050205234
0.0196684189
0.0351040550
0.0267036874
0.0459989533
0.1074487865
0.0111628119
0.0222605765
0.0029902735
0.0657072440
0.0524353199
0.0129229836
0.0166394114
0.0258363262
0.0101573104
0.0703163520
0.0676262006
0.0563723668
0.0188671835
0.0357360430
0.0304863490
0.0280470420
0.0118217794
0.0359763317
0.0395801626
0.0285181720
0.0636876598
0.1370717734
0.0131110232
0.0061220056
0.8500974774
0.5225019455
0.0171538759
0.0261819195
0.0425547250
0.0156734735
0.0201384798
0.0261418223
0.0095229996
0.0194112323
0.0224090833
0.0516028777
0.0523789600
0.0156366676
0.0072784335
0.0090712579
0.0134293027
0.0109659769
0.0086164512
0.3277408481
0.0072124344
0.0664666221
0.0087237414
0.0650668368
0.0038938336
0.0466476791
0.0412603244
0.0094078109
0.3948284090
0.4017402530
0.0448771678
0.0177069083
0.0565935485
0.0496420674
0.2734316587
0.0602021553
0.0089028664
0.0342178680
0.0046538543
0.3267348409
0.0330147892
0.0470746644
0.0150836101
0.0586438924
0.0122199487
0.0574815385
0.0468123369
0.0222620480
0.0683089420
0.0421708338
0.0858379155
0.3617884517
0.0633584410
0.0107014459
0.0344546176
0.0395453833
0.6934114099
0.0642134920
0.0233886540
0.0379308723
0.0714634955
0.0170781910
0.0701422170
0.0114066619
0.0759529173
0.0102749644
0.0275660660
0.0063434811
0.7071522474
0.0320112444
0.0468907952
0.0165368766
0.0182386432
0.0513533391
0.0067940890
0.0184418652
0.0067885597
0.0758532286
0.0038862445
0.0070625963
0.7179903388
0.0031404167
0.1177599803
0.0055527803
0.0311419554
0.0662383884
0.0233233254
0.0141737899
0.0103928447
0.0540027469
0.0141838249
0.0115767075
0.0409217514
0.0150594125
0.0253186338
0.0227342527
0.0062074000
0.0050948034
0.0084708314
0.0030659204
0.3090945184
0.0281015970
0.0446353145
0.0208650623
0.0401973575
0.0038561763
0.0599919781
0.0112907542
0.0895595178
0.0188731961
0.0104769943
0.3868733644
0.0729365945
0.0654255822
0.0170528982
0.0277862363
0.0524184257
0.5543484688
0.2685561478
0.0049634702
0.1559884995
0.0663885102
0.0065074670
0.2030519247
0.0259150416
0.0649017468
0.0353438370
0.0040041045
0.0207758546
0.8653824925
0.0293204151
0.0711871237
0.4843738675
0.0173323695
0.0490367599
0.0255931225
0.0467565507
0.6130104065
0.0554495975
0.8610516191
0.0072114859
0.0292655062
0.0175975300
0.0076988745
0.0300106481
0.0357159600
0.0627532229
0.4954800308
0.1525076181
0.0604120195
0.0063225366
0.0592733026
0.0361322016
0.0046746037
0.0076459548
0.0152560081
0.0646475479
0.0066757812
0.0099044321
0.0316059515
0.0260640867
0.0156558715
0.0053233616
0.0594506636
0.0231934711
0.0119257057
0.0258229990
0.0331473723
0.0522629470
0.0605587997
0.0120642278
0.0993771404
0.0359362587
0.0046557961
0.0298691411
0.0312571153
0.0179231986
0.0438894108
0.1007369682
0.0110335350
0.0263929628
0.0053176354
0.0372195318
0.0332077071
0.0856815726
0.0413003936
0.0175014604
0.0489643551
0.0427624546
0.0276758373
0.0547699928
0.0684257522
0.0639705956
0.0702737272
0.0044377912
0.1147075817
0.0491899811
0.0368671119
0.0077392813
0.0061470238
0.0080839694
0.0132909501
0.3371713758
0.0124048181
0.0094605796
0.3600498140
0.0707082972
0.0650595874
0.0079578105
0.0181184802
0.0362876058
0.0202367250
0.0044317311
0.0069031091
0.0398423113
0.3222603202
0.0336250588
0.0055472772
0.0966300294
0.0158838555
0.0551298447
0.0236627925
0.0096774297
0.0243241563
0.0263809748
0.0142122172
0.0539045930
0.0220395420
0.0535988063
0.0269227959
0.0491378605
0.0085962359
0.0357018337
0.0544136763
0.0331122167
0.7317517996
0.0528608561
0.0210407488
0.0057125380
0.0706431568
0.0029702296
0.0546141714
0.0095195184
0.1398509294
0.0040411302
0.0273060985
0.0059756571
0.0492336936
0.2283691615
0.0270821359
0.0478869230
0.0046357214
0.0461477712
0.0133592691
0.0094955433
0.0425381027
0.0081907501
0.0407510661
0.0239611622
0.0650750250
0.0075319600
0.6370302439
0.0191152655
0.0033419055
0.4879938960
0.0107014589
0.0321947373
0.0487907939
0.0095142704
0.0847184882
0.0111139547
0.0057381606
0.0328767821
0.0229761805
0.0407499261
0.0816226676
0.0491231307
0.0106809512
0.0447680503
0.0344966538
0.0713228509
0.0660493448
0.0185128637
0.8562566638
0.0370094404
0.0122028105
0.0042843949
0.0107113309
0.0580429472
0.0537803583
0.0404174030
0.0226355940
0.0274168961
0.0717348903
0.0244013444
0.0468124077
0.0126695838
0.0164298359
0.0658133626
0.0322682448
0.0453548655
0.0065203598
0.0046215164
0.0091370791
0.0330570266
0.0495343395
0.0184317157
0.0618697293
0.0427509695
0.0287954435
0.0344696864
0.0447048433
0.0120490352
0.0312586986
0.0715572461
0.5087957978
0.5853455663
0.0170172155
0.0108191231
0.0375106111
0.0316821784
0.0666522682
0.0451219752
0.0156450402
0.0121980002
0.0396231785
0.0328692384
0.0226414576
0.0553997532
0.0131997215
0.0650636330
0.0043723360
0.0087394360
0.0161366202
0.0447301790
0.0056079016
0.0069404831
0.0042502908
0.1845431924
0.0379430801
0.0140708834
0.0222195443
0.0208923034
0.0681840256
0.0411885828
0.0441021472
0.0060347328
0.0267400481
0.0558800548
0.0394528843
0.0593422800
0.2298596501
0.0231346041
0.0599243380
0.0387046263
0.0066201482
0.0140729193
0.0079605011
0.0749287605
0.0078382241
0.0543184876
0.0096282139
0.0072647915
0.2601208985
0.0713648051
0.1097601652
0.0064789760
0.1324921548
0.0087163532
0.0238878038
0.0067161969
0.0075258943
0.0390294604
0.0033620177
0.0727976412
0.0048783608
0.0047151153
0.1047574580
0.0709233359
0.0642146319
0.0541162342
0.0062757088
0.0464703739
0.0201511551
0.0508273095
0.0562849790
0.7321287394
0.5926615000
0.0296560973
0.0039662463
0.0421293564
0.0574548952
0.0038752938
0.6532437801
0.2980033159
0.0179543383
0.0484225489
0.0101718586
0.0159102026
0.0498988666
0.0459963568
0.0089967018
0.0432342552
0.0123377582
0.0098287892
0.0160193741
0.6215081811
0.0201723836
0.0109801153
0.0683633611
0.1034561396
0.0723606646
0.0332988240
0.0872411504
0.0187283680
0.7130148411
0.0326286182
0.0171002243
0.0606605448
0.0231871307
0.0153720425
0.0140826153
0.0108121447
0.0056122662
0.0074969791
0.0181222837
0.0467165820
0.0255508218
0.0261088759
0.0418005697
0.1148957759
0.0269867443
0.0067058923
0.7496229410
0.0234573670
0.1064966097
0.0391889960
0.3053807318
0.0077533261
0.0096681304
0.0467768461
0.0554206856
0.0267645959
0.0728381053
0.0235532206
0.6930885911
0.0596574061
0.0348016769
0.0146341734
0.0114232851
0.1115408018
0.0033970706
0.0251544155
0.0029803889
0.0192556512
0.0369658619
0.2154474407
0.2774171233
0.0133157633
0.0411646068
0.0168595426
0.0370756537
0.0094163734
0.0065213516
0.1444926262
0.0403879210
0.0551393405
0.0075805690
0.0291931592
0.0215486940
0.0220540706
0.0306185074
0.0249542650
0.0433203094
0.0040879720
0.0351117738
0.0638005137
0.0435146652
0.0194367208
0.0561767891
0.0207862668
0.1311869770
0.0034813448
0.0689013451
0.0102791805
0.0703563169
0.0456460156
0.0278648976
0.0389403999
0.0171478223
0.0196186993
0.0597829670
0.0369556770
0.0541351363
0.0104632573
0.0376691036
0.0347490571
0.0051726243
0.0438618101
0.3505351841
0.3613023162
0.0281949416
0.6854630709
0.0125752520
0.0693988726
0.0406142622
0.0679083169
0.0495251007
0.0028648246
0.0079322793
0.0049798419
0.0533109456
0.0220969282
0.0061709057
0.0558907352
0.0656389296
0.0754178762
0.0044745617
0.0316382647
0.0369254574
0.0091766566
0.0080237584
0.0482860506
0.0056557395
0.0389337689
0.0649612322
0.0604970679
0.0538531914
0.0513132252
0.0203407984
0.0113341119
0.0056610396
0.0546811894
0.0224007759
0.0045524151
0.0347149633
0.0359391160
0.0315029360
0.1003514007
0.0050472002
0.0123727582
0.0611276999
0.0182145350
0.0601797923
0.0380186215
0.0055133509
0.0707957596
0.0169335175
0.0142085608
0.0139741749
0.0033142138
0.0230939835
0.0225922968
0.0058026337
0.0297824331
0.0372747891
0.0213343855
0.0099385865
0.0363663100
0.0150865987
0.0210693646
0.0335510299
0.0721889511
0.0646422654
0.0683076009
0.0053762649
0.0232165121
0.0438571908
0.0118203759
0.0425377786
0.0413442142
0.0381745361
0.0723250434
0.0307375044
0.0704054087
0.3923990130
0.0455790982
0.0208557583
0.0260740034
0.8165345192
0.0034370355
0.7813243270
0.0127281854
0.0324377604
0.0445432514
0.0107382061
0.0643889830
0.0375766605
0.0390502401
0.0047159735
0.0185504258
0.0233384073
0.7648001909
0.0415445641
0.0156460032
0.0728615373
0.0182554480
0.0367681384
0.0718470067
0.0180266369
0.0077851070
0.0065262532
0.0188731309
0.2241747081
0.0056559835
0.0128947347
0.0356076881
0.0063629085
0.0684811845
0.0145336809
0.0128020197
0.0245583896
0.1226587370
0.1673277766
0.0215756521
0.0504618920
0.0176951028
0.0363384038
0.0035341089
0.0057088812
0.0351437815
0.0103878137
0.0050486820
0.0095196506
0.0463106036
0.0135056125
0.0568135418
0.0044858339
0.0106418971
0.0111652622
0.0083537428
0.0296710469
0.0700732768
0.0151542602
0.0188523550
0.0058408650
0.0042928285
0.0437685996
0.0210125670
0.0231747143
0.0363579802
0.0423472673
0.0195300076
0.0646594018
0.0034920115
0.0061973245
0.1525481939
0.0487792231
0.0318020023
0.0119875828
0.0229027066
0.0033997076
0.0460609049
0.9269652963
0.3198937476
0.0307610817
0.1329219043
0.0310803335
0.0041117854
0.0110513736
0.0189361181
0.0181223638
0.0505711250
0.0419950075
0.0117064090
0.0590514950
0.0302136187
0.0465297662
0.0458624735
0.0124749811
0.1230674908
0.0041382522
0.0040525566
0.0221597832
0.0719567537
0.0103935702
0.0532348268
0.0359259211
0.6414019465
0.0502892621
0.0301294271
0.0060171764
0.0191271529
0.0049764756
0.1687407941
0.1802047044
0.0052922601
0.0554041974
0.0609255806
0.0042677750
0.0176073574
0.0614983886
0.0165839288
0.0198114030
0.0278572030
0.0440756194
0.0319749601
0.0031656895
0.0243765786
0.0365037508
0.0061351210
0.0150573784
0.0506948940
0.0058970009
0.0391512252
0.0034499213
0.7591181397
0.0091357352
0.0177936032
0.0366092734
0.0126483617
0.8600900769
0.0361360833
0.0067769596
0.0920794681
0.0604311563
0.0480920933
0.0637443140
0.0531898625
0.0098043690
0.0127578322
0.0050771423
0.0311769694
0.0686777756
0.0681881160
0.0920295790
0.0152249746
0.0523970909
0.0058710431
0.0103342524
0.0375866070
0.0125662023
0.1869680285
0.0585668795
0.0382750295
0.0698066130
0.0114847831
0.0176938754
0.0588982105
0.0056555555
0.0731410012
0.0108450772
0.0159260985
0.0490111299
0.0541005023
0.0335832834
0.0254855994
0.0679647997
0.0346402973
0.0257417355
0.5765061378
0.0398897044
0.0037444129
0.0124565978
0.0098880101
0.5878394246
0.0059372582
0.0056510670
0.0679283887
0.0127613796
0.5689331889
0.0194161255
0.0507469811
0.0418820493
0.0723973289
0.8034948111
0.0718485415
0.0198398363
0.0505803749
0.0360207297
0.0503288358
0.8209847212
0.0055442620
0.0061840918
0.0602126718
0.0982259810
0.0058523193
0.0107220197
0.0355513059
0.0034024157
0.0239467453
0.0387149490
0.0070833610
0.0209524427
0.0341469161
0.0283686966
0.0290347338
0.0234375559
0.0067295749
0.0586320013
0.0243322644
0.0043336111
0.0232199710
0.0568854921
0.0436217412
0.0098893354
0.0523431189
0.0659134537
0.0466157943
0.0326891169
0.0053645778
0.0532583892
0.0267459713
0.0084651159
0.0239679106
0.0083190566
0.1686149985
0.0126876812
0.0679328367
0.0583229512
0.0375578105
0.0104861176
0.0136956638
0.0055382289
0.0508353449
0.0787236989
0.0694031194
0.0089868605
0.0162661187
0.0259535108
0.0608361773
0.0079651363
0.7661901116
0.0264239796
0.0591604300
0.1770054549
0.0103134029
0.0431151390
0.0096226167
0.0154352384
0.0337268859
0.0217957292
0.0538848862
0.0562353432
0.0282526016
0.0181572326
0.0035378912
0.0323247239
0.0362638868
0.0031370181
0.0091057215
0.0052865520
0.0040620291
0.0316390432
0.0342766456
0.0167504214
0.0366584323
0.0563053861
0.0061593964
0.0199266449
0.0173677485
0.0049795061
0.0725370944
0.0041881674
0.0695522875
0.0412283242
0.0682791546
0.0306809992
0.0042646192
0.0639080852
0.0175129231
0.0029246015
0.0210437737
0.0399830826
0.0633142069
0.0631016642
0.0441631377
0.0097943861
0.0130438851
0.0599208251
0.0345965587
0.0510122105
0.5783450603
0.0355214439
0.0686839521
0.0596441664
0.6937556863
0.4485981762
0.0076154242
0.0473328941
0.3117453456
0.0324429609
0.0210369304
0.0053042900
0.7872245908
0.0075348439
0.0065130419
0.0331286453
0.0109707508
0.0316521786
0.0516237542
0.0199712124
0.0633194521
0.0285837036
0.0061950693
0.0554718561
0.0377957486
0.0056409184
0.0570598766
0.0089029763
0.0167776048
0.0461284928
0.0075155450
0.0108933011
0.0666018054
0.0129667781
0.0190721620
0.0258871689
0.0166280922
0.1229290739
0.0435327366
0.0268427469
0.0081899855
0.0070210919
0.0610836819
0.0091643771
0.0088731730
0.0145814130
0.0358919054
0.0503874980
0.0219541248
0.0078969765
0.0270080026
0.0252974313
0.0336337127
0.0623158142
0.0443169139
0.0801761597
0.0210526455
0.0033295818
0.0389900468
0.0110629993
0.0437008888
0.0630198792
0.0055587417
0.0187328868
0.0456456393
0.6819457412
0.0512463823
0.0146999694
0.0227790028
0.0276214238
0.0458874851
0.0173818469
0.0043336032
0.0637104064
0.0298755597
0.0225490164
0.0059218029
0.0354739949
0.2562435865
0.0461420789
0.0140414182
0.0104097454
0.0108196810
0.0698876455
0.8849141598
0.0320585147
0.0548032634
0.4275891185
0.9238906503
0.0567224100
0.0216689911
0.0041940338
0.0056005362
0.0049187457
0.0708103403
0.0126670152
0.0564358421
0.0139952507
0.0162155218
0.0382331684
0.0130739324
0.7157559991
0.0600625835
0.0072446871
0.0234801192
0.0211456716
0.0140717747
0.0232625417
0.0447839610
0.0302358810
0.0118095018
0.0337158330
0.5925800204
0.0314199030
0.0071205534
0.0032269680
0.0314508826
0.0185983814
0.0037004841
0.0204085503
0.0302673746
0.0035201714
0.0349242873
0.0142112011
0.0352241173
0.0232532918
0.1869529933
0.0407191440
0.0324243307
0.0054180124
0.0300361328
0.0161493849
0.0227730460
0.0166341439
0.0222745221
0.0948641747
0.0708236173
0.0174674783
0.0159637742
0.0249801837
0.0068993387
0.0271195695
0.0113405734
0.0044478630
0.0029341369
0.0359547846
0.0099427635
0.0081064459
0.0038855192
0.0156880636
0.0146086914
0.0293003488
0.0649775788
0.5669768453
0.0405360535
0.0409159362
0.0293161478
0.0560798533
0.0504150502
0.0101689911
0.0113317948
0.0264394153
0.0215125587
0.0544165932
0.0499642380
0.0334045961
0.0167900287
0.0070082797
0.7498171926
0.1428332329
0.0222461652
0.6633840203
0.0084699262
0.0180109330
0.0284624826
0.0086655524
0.0415890329
0.0366328023
0.0560774580
0.0513844937
0.0593107939
0.1087278277
0.0243028197
0.0342096910
0.0100094527
0.2302783281
0.0328764394
0.6578816175
0.0606566854
0.0561403185
0.0032189116
0.0134034390
0.0067158234
0.0429902747
0.0375620015
0.0101372330
0.0864143744
0.0238877609
0.0131471800
0.0031412623
0.0033141375
0.0294719189
0.0558050051
0.0141258994
0.7415905595
0.0150723653
0.0262261294
0.0466861017
0.6422657967
0.0284426399
0.0410734378
0.0056653745
0.0413243771
0.3650996387
0.0427491032
0.0043321052
0.0616627075
0.0201876052
0.0203991868
0.3008958101
0.0477277786
0.0031763813
0.0125563033
0.0047207996
0.0084485039
0.0217767786
0.0101569844
0.0075024995
0.6477590799
0.3148168325
0.0432598032
0.0422103070
0.0115063014
0.0036842779
0.0599183515
0.0433540605
0.0029708263
0.0540129356
0.0091082696
0.0050296797
0.0256727561
0.0076602483
0.0255734529
0.0174910296
0.0351098776
0.0052816099
0.0829857439
0.0143996133
0.0355226807
0.0148613276
0.0299462732
0.0484476276
0.0323822387
0.0227468684
0.0033405223
0.0035273517
0.0619414523
0.0245652217
0.5723616481
0.0261172801
0.8317911029
0.0072823209
0.5137389898
0.0757417679
0.0084556183
0.0271137916
0.1062160656
0.0132608889
0.0242891274
0.0441971347
0.0042977054
0.0362456627
0.0110814516
0.0052144970
0.0040013432
0.0317283459
0.0229814053
0.0059938002
0.0031768458
0.0078883357
0.8000025749
0.0287991166
0.0110611655
0.0269493032
0.0290817972
0.0042614248
0.0382180996
0.0259879418
0.0089357533
0.9703006148
0.0200894531
0.0636691377
0.0056510638
0.0032275757
0.1750579327
0.0134507818
0.0085146986
0.9030933976
0.0118690012
0.6959902644
0.0109866178
0.0072568087
0.0032214716
0.0151183866
0.7879340053
0.0538993962
0.0091671720
0.0416321345
0.0062834374
0.0426184312
0.0557172485
0.0409722105
0.0050121923
0.0682400092
0.0659729987
0.0477925166
0.0502951257
0.0590066984
0.0579126030
0.0118528558
0.0421906933
0.0594893768
0.0170024987
0.0055628596
0.0133545995
0.0165341571
0.0786852911
0.0111217313
0.0367761143
0.0042084213
0.0320235156
0.0134772118
0.0729061067
0.0121296868
0.0450419970
0.0171750691
0.0194836687
0.0056499639
0.0182819217
0.0096305013
0.0076592499
0.0442631021
0.0193032473
0.0323251896
0.7473519444
0.0216169674
0.0589499809
0.0032503954
0.0090772826
0.0258722734
0.0079246797
0.0511836633
0.0205844417
0.0129489377
0.6787861586
0.0614503138
0.0146298772
0.0363632776
0.0085496111
0.2641205490
0.0192102697
0.0071059782
0.0557574891
0.0057245977
0.0120655326
0.4857108891
0.0276869051
0.0035129006
0.0082420055
0.0681270063
0.0156918503
0.0567008480
0.0446587838
0.0499351621
0.6218687296
0.0075213285
0.0080795772
0.0384439826
0.0065194699
0.0378830284
0.0155601176
0.0162469428
0.0088566625
0.0073333080
0.0387283340
0.0121157533
0.0672619268
0.0034173739
0.0087140808
0.0132244127
0.0355380587
0.0178873688
0.0314623900
0.0268266518
0.2681436837
0.0311117582
0.2660917044
0.0269688796
0.0036563994
0.0172421914
0.0242413674
0.0359828956
0.4549016953
0.0395335183
0.0412938371
0.0559363887
0.0031258322
0.0050954800
0.0054849782
0.0100566763
0.0680228099
0.0202363282
0.0592715405
0.8766181469
0.0144350715
0.0282261372
0.0119854026
0.0194489919
0.0247312821
0.0306453295
0.0056217387
0.0235738270
0.0178913902
0.0067067589
0.0589407384
0.0190938357
0.1965440661
0.0275865644
0.2188335806
0.0354508944
0.0477007814
0.0153183984
0.0628474131
0.0365072489
0.0295200851
0.0530662425
0.0423070453
0.0168457199
0.0362425409
0.0044733803
0.0089436918
0.0140349353
0.0175691508
0.0716395602
0.0295553263
0.5417379737
0.0126557704
0.0036961436
0.0538947992
0.0056988122
0.0115807662
0.6568298340
0.0217686091
0.0610993207
0.0064275633
0.2250794321
0.0114596933
0.0410731584
0.0236315131
0.0051476723
0.0125849620
0.0071781594
0.7773600221
0.4574263692
0.0067004403
0.9425631762
0.0292865392
0.0036457337
0.0033888139
0.0298950635
0.0129710948
0.9250226617
0.6960703731
0.0308008138
0.9070906043
0.9875443578
0.0422754250
0.0034499376
0.0170187522
0.0190350581
0.0118204467
0.0508770943
0.0568848401
0.0651164576
0.0345330313
0.0223000776
0.0090939542
0.0277060196
0.3879538476
0.2935615778
0.0566215850
0.0114594996
0.0051680971
0.0681499988
0.0085622007
0.0211929642
0.0048453286
0.0054048221
0.0349306948
0.0211562607
0.0097992336
0.0063764295
0.0155296978
0.0238781758
0.0127753625
0.0877531245
0.0489186272
0.0243171211
0.0135080339
0.0611110143
0.0550564378
0.0049313288
0.0222708862
0.0058056721
0.0070759011
0.0143692661
0.0232368559
0.0211611874
0.0686487630
0.0421223044
0.0064169928
0.0155692855
0.0198839232
0.1381095797
0.3049091399
0.2603044212
0.0108479587
0.0359658450
0.0681775659
0.0162622705
0.0120150866
0.0036940074
0.0038630581
0.0571287721
0.0558282845
0.0702147931
0.0681895986
0.7854378819
0.0582614318
0.0438034870
0.0665642470
0.0334613621
0.0077319103
0.0061505740
0.0482077822
0.0054535028
0.6828939319
0.0461412519
0.0263002422
0.0306999236
0.0526420698
0.0279186182
0.0110171214
0.6608497500
0.0658670217
0.0170916505
0.0058126799
0.0085914265
0.0573589429
0.7694604397
0.0696854144
0.0109310625
0.4969217777
0.0506300703
0.0142659554
0.0320245139
0.0331467874
0.0714148134
0.0043045138
0.3549168408
0.3145039082
0.0601031668
0.0100739161
0.0297618266
0.0035048043
0.0031858385
0.5334680080
0.0361337699
0.0034910755
0.0112450728
0.0147316111
0.1773752570
0.0097402520
0.0107758911
0.0366327837
0.0309176240
0.0087251123
0.0049940688
0.0576551519
0.0412337072
0.0157411452
0.0420612693
0.0461345240
0.0293125827
0.3982848525
0.0415048189
0.0432219319
0.0387365669
0.0231909566
0.6020008326
0.0077105709
0.0696866065
0.0088182529
0.0073044891
0.0303757191
0.0426660739
0.7156865597
0.7991697192
0.0044252453
0.0691562220
0.7824182510
0.0539230518
0.0461749136
0.0422453918
0.0187511351
0.0044953423
0.0058030258
0.0682289079
0.0046302658
0.6110251546
0.0058970405
0.0163567327
0.3363759518
0.0170609653
0.5372756124
0.5051442385
0.2654007077
0.0256647486
0.0054616150
0.0357380249
0.0540608130
0.1165682003
0.0357755013
0.0505011193
0.0287464913
0.0076475497
0.0456953049
0.0029882626
0.0141286431
0.0575538762
0.0493207835
0.0047098901
0.0461365171
0.0514927879
0.0045645107
0.6653180718
0.0572138354
0.0184260327
0.0041411063
0.0614553690
0.0241190288
0.0308773313
0.0607106946
0.8421173096
0.0068809679
0.0069450261
0.0255185720
0.0267892405
0.0140540106
0.0063608484
0.0215216391
0.0633897334
0.0199336708
0.0103378752
0.0239183474
0.0163905807
0.0643113926
0.7809015512
0.0051971148
0.0221901294
0.0314955264
0.0525065623
0.9178751111
0.0087006809
0.0214184131
0.8329347372
0.2903302014
0.5370811820
0.0097785462
0.0173855759
0.0318306796
0.0062487787
0.0376131050
0.0675245300
0.0118056275
0.0127573069
0.0680212379
0.3526282907
0.0031798717
0.0156990215
0.0597016476
0.0050465306
0.0816755965
0.6769635677
0.0257302783
0.0050270790
0.0551770665
0.3894450068
0.0156356171
0.0142340418
0.0380737484
0.7982593775
0.0171467718
0.0720161274
0.0159976631
0.1052582189
0.0598544888
0.0527460687
0.0208111219
0.0070159207
0.0472337827
0.0721458942
0.0673344508
0.0537513159
0.0672002807
0.7425044179
0.0049061361
0.0443465859
0.0043833400
0.0540966205
0.7189260125
0.0170296337
0.8773317337
0.0436702520
0.0303218458
0.0216680821
0.0838899016
0.0554868765
0.0420048535
0.0432455465
0.9113861918
0.0181054939
0.0087319165
0.0176046547
0.0199523102
0.0502627492
0.0390271582
0.0044253026
0.0216867197
0.0369033255
0.0206447374
0.0042975871
0.0407378674
0.0334683806
0.0259455778
0.0283653680
0.0058977320
0.0078229811
0.0221406613
0.0072487891
0.0190675128
0.1176750436
0.0499694645
0.0080717606
0.0713131875
0.0349448361
0.0082408069
0.0618554987
0.0566648208
0.0043693371
0.0498748459
0.0358742550
0.0577019453
0.0103676962
0.0283410698
0.0544548668
0.0083826473
0.0059742318
0.0293759797
0.0428784862
0.0669059828
0.0173236970
0.0399899855
0.0125034004
0.0365421809
0.0489110947
0.0219895151
0.0688640699
0.0210233796
0.0601992570
0.0140222302
0.0658017769
0.0198059920
0.1174738929
0.0655266196
0.0031714041
0.2287994623
0.8788157105
0.0194775071
0.0039304635
0.0315924101
0.5432556272
0.0559091493
0.0566635653
0.0222665817
0.7826800346
0.0141154267
0.0060026939
0.0095344856
0.0430288315
0.9910788536
0.0415088758
0.0662068203
0.1121980697
0.0723825768
0.0647340640
0.7173407078
0.0042794640
0.6508514285
0.8356174231
0.0165535063
0.4756672978
0.0379889496
0.0082119200
0.0374863558
0.0388997123
0.4832555354
0.0515926220
0.0536621138
0.0139788110
0.0487990007
0.8841696382
0.0042685955
0.0098816734
0.0426395126
0.0031749939
0.0244889632
0.0531888343
0.0207943637
0.0396665186
0.0740795359
0.0224919990
0.0679357722
0.0388955288
0.0441229083
0.0042942716
0.0228131171
0.0514677167
0.0250557344
0.6787885427
0.0293873232
0.0373402946
0.0254485067
0.0675198957
0.0032714722
0.0268374514
0.0145472605
0.0465164818
0.0040817140
0.0307885502
0.0461093113
0.3604366481
0.0048811533
0.0203509331
0.0246040877
0.0184090268
0.0137385773
0.0608543754
0.0036073048
0.0321439356
0.0349118821
0.0338789821
0.9448158145
0.0274828300
0.0427925624
0.6773383617
0.6843696237
0.0712239146
0.0631657168
0.0181538370
0.0674097389
0.0479455814
0.0289666299
0.0259214565
0.0643896163
0.0354668498
0.0459188409
0.0414997861
0.0208942313
0.0028230054
0.0306432825
0.0361007452
0.0080141313
0.0195323993
0.0163375661
0.0293177534
0.0067676059
0.0616318509
0.0688600689
0.0192534104
0.0938485935
0.0074697570
0.0487130620
0.0458952039
0.0176173672
0.0334516540
0.0041854540
0.0125250006
0.0228516571
0.0706587210
0.1982059628
0.0471280590
0.0531408451
0.0232648421
0.0158762783
0.0611857399
0.0141921798
0.0093726171
0.0089421635
0.0036948405
0.0262007602
0.8047358394
0.0091398312
0.0365172364
0.6038804650
0.0029294880
0.0327947550
0.0047366614
0.0105079794
0.0325826481
0.0078980848
0.0445079170
0.0478005521
0.0087766265
0.0658918917
0.0037455973
0.0468336269
0.0458618328
0.9094811678
0.7144889235
0.0094346143
0.0541837774
0.0288333967
0.0106456140
0.0164090469
0.0159985200
0.0496282391
0.0550222248
0.0226532724
0.0227120370
0.8136558533
0.0035912746
0.5369077325
0.1299165934
0.0198316611
0.0325052366
0.0183235221
0.0207894128
0.0360062905
0.0108225215
0.0205051675
0.1210471392
0.0265751798
0.0682423785
0.0073280660
0.0482919291
0.0602327585
0.0144945122
0.0060422649
0.0089177089
0.0869997963
0.0427628532
0.0485009141
0.0375970155
0.6723232269
0.0595205911
0.0047997017
0.0250407718
0.0220454521
0.0031637275
0.0196857918
0.0072132335
0.0554180779
0.0159499217
0.0452207439
0.0395839848
0.8598574996
0.0035812545
0.0228002891
0.0570221692
0.7651715279
0.0621056184
0.0104383389
0.6836392879
0.0412686057
0.0188884847
0.7909874916
0.7925392985
0.2729707956
0.6776183248
0.0197974760
0.8044914007
0.0914498344
0.0422140881
0.0067943055
0.0033077295
0.0335317440
0.0277513713
0.0065177688
0.0131332893
0.0342009738
0.0416573621
0.0369466990
0.0427778661
0.0157875437
0.0372622460
0.3497896492
0.1621771902
0.0118924491
0.0406279080
0.0377719700
0.0157061443
0.0101314308
0.0136601264
0.0052721025
0.0384356640
0.0049545779
0.0091157975
0.0536142550
0.0117197605
0.0603366569
0.0051014922
0.0213841181
0.7050704956
0.0110921180
0.0326815881
0.0329334624
0.0064906911
0.0649051815
0.0036678105
0.0113075515
0.0039269226
0.4569384456
0.2480835617
0.0518140532
0.0223842449
0.0327821635
0.6380165815
0.0055415793
0.0055485163
0.0109256878
0.0362307392
0.0171013642
0.3977952003
0.0182754975
0.0288349334
0.0168879554
0.0202068537
0.0146176154
0.0172221288
0.3851832449
0.4710469246
0.0270143077
0.0133652100
0.0487548187
0.0049573947
0.0136385467
0.0082870452
0.0112507166
0.0211687945
0.0352277793
0.0563733317
0.0065501044
0.0065225926
0.1782274693
0.0176616050
0.0317056589
0.0620770156
0.0531172194
0.8386288285
0.3107207417
0.0265092235
0.0697676018
0.4029357731
0.0210081078
0.0374836549
0.0078819199
0.0065886471
0.6082635522
0.0234838240
0.0114540299
0.0149943400
0.0523536466
0.0273968186
0.0277834404
0.0188311823
0.0286900233
0.2251716554
0.0081735719
0.0488943644
0.0530975200
0.0224703290
0.1253417283
0.0076162196
0.0357071459
0.0311505273
0.0296398066
0.7319640517
0.0603499375
0.0216626674
0.0515323095
0.0052361209
0.0255635921
0.4424684942
0.0043539465
0.6823930740
0.0091634737
0.0474040993
0.0687365457
0.0218445230
0.0635068864
0.6558144093
0.0128862187
0.0183274727
0.0170981232
0.0065840520
0.0125922374
0.8795465231
0.6810998917
0.0096080890
0.6573295593
0.0704410076
0.0641909465
0.0497576781
0.0059311441
0.1348559111
1.0283757448
0.0082109217
0.0076890625
0.0076888264
0.8492066860
0.6964769363
0.0331813283
0.7216510177
0.0156941079
0.0699802637
0.0474184267
0.0112522347
0.0596328117
0.0334175043
0.0378918834
0.0207841638
0.7503042221
0.0194201507
0.0367043018
0.0501293950
0.0698869228
0.0496793166
0.0049211606
0.0084659737
0.0682130456
0.0087779909
0.0590534024
0.0556573458
0.0542398542
0.0064069829
0.0473092347
0.0034563222
0.6424417496
0.0107639339
0.0218441952
0.6245141625
0.0029666792
0.1493356079
0.0216626618
0.0121965809
0.6295290589
0.4032152295
0.9120728374
0.0364806429
0.0416668914
0.0250795931
0.0625894740
0.0709120780
0.0140623469
0.0306939520
0.0501787215
0.0121292965
0.8414489627
0.8183308840
0.0040570428
0.0193487238
0.0157481078
0.0529527925
0.8946840167
0.0089364564
0.0039396817
0.0198932383
0.0109863412
0.0032246122
0.0549875423
0.0074957297
0.0096355015
0.0699533075
0.0831604153
0.0370950028
0.0448164344
0.0074249119
0.0194828901
0.0254131667
0.0188896824
0.0117450105
0.0034805334
0.0115365088
0.5573264360
0.0615942925
0.0087456033
0.0272751674
0.0130163962
0.2121512294
0.0407884121
0.0145385182
0.0567535609
0.0344773941
0.0672265738
0.0416105986
0.0480638333
0.0108417012
0.0031652749
0.0231522676
0.0345826298
0.0071740542
0.0031258438
0.0245255195
0.0788383484
0.0096205194
0.0128083052
0.6453306079
0.1956755370
0.0428792946
0.0114200898
0.0959748998
0.0038501679
0.0295773763
0.0618786402
0.0387580954
0.0345225185
0.0145601155
0.2376118302
0.0713975579
0.0078802994
0.0724385604
0.9641149640
0.0377936736
0.8581987619
0.0068986048
0.0239572488
0.0029503379
0.0077604223
0.0215202719
0.0086339945
0.0069482005
0.0270591695
0.5329185724
0.0258068666
0.0033274835
0.0688765869
0.0176902376
0.6825888753
0.0153403329
0.0145792840
0.0181130692
0.0364001058
0.0140237287
0.7472760677
0.0047936370
0.0047728205
0.0597957820
0.0285032094
0.0340051800
0.0202754922
0.0155679239
0.2644288242
0.0333524086
0.0367885828
0.0758773610
0.0162572525
0.0179050267
0.0503165126
0.0031405606
0.0140360063
0.0443700626
0.0359633155
0.0304141622
0.0459032357
0.0437421575
0.0060978113
0.0997668058
0.0043611727
0.0546756014
0.0609710328
0.0526862070
0.3431518376
0.0140891774
0.9088263512
0.0059940927
0.0057702949
0.0228329748
0.8766890168
0.5039834380
0.0695111081
0.6032829881
0.0456902720
0.0089081554
0.0407508202
0.0702888668
0.0347460695
0.0245520882
0.0398200303
0.0340583920
0.0663731694
0.0135549335
0.0101495348
0.0251875557
0.8282083869
0.0041773319
0.0421618894
0.0275817178
0.0666451603
0.0091987997
0.0103638750
0.0299003907
0.0212313347
0.6757702231
0.6573810577
0.0141592529
0.5888440013
0.0201584045
0.0115515245
0.6488856673
0.0370562710
0.0049793138
0.0353194140
0.0200848319
0.0115532232
0.0270439219
0.0163615812
0.0462501571
0.0533303656
0.8461229205
0.0056566675
0.0494126529
0.0088994857
0.0565322489
0.0068863416
0.0680504888
0.0434125066
0.0478827395
0.0152681088
0.0211997479
0.0688349754
0.0698045790
0.0315576419
0.0660397559
0.0406884216
0.0217042174
0.0040777042
0.0250833407
0.0134001374
0.0701289698
0.0043256101
0.0359598510
0.0489688665
0.0202674828
0.0143860504
0.0079357261
0.1559116095
0.0599597171
0.0266281441
0.0102265505
0.0693299249
0.0170604717
0.0247776266
0.0042209085
0.0392231867
0.9247950912
0.0095944647
0.6158503890
0.0071360455
0.0371791758
0.0151196076
0.0230734628
0.8175598383
0.0036765423
0.7145544291
0.0143077895
0.0674095005
0.3972584307
0.0414842330
0.0606806912
0.5382677317
0.0511066690
0.0330642201
0.0087146638
0.0452752411
0.0163661949
0.0616332181
0.0309465006
0.0652905554
0.0228188131
0.0195171963
0.0067582512
0.0448867418
0.0635798797
0.0378846601
0.0426662676
0.0395723395
0.8541718125
0.0136992401
0.5496029258
0.0127165206
0.0090018297
0.3358865380
0.0603193045
0.0048072697
0.1606825888
0.0044990331
0.0096803829
0.0225938428
0.0227538794
0.0404638499
0.2700066566
0.0407953970
0.0037344357
0.0134723401
0.0204833671
0.0048410380
0.0213138219
0.0129974037
0.0128725497
0.0151879247
0.0522006601
0.0221939776
0.0487880781
0.0143036759
0.0025541319
0.5943447351
0.0259743501
0.0043433672
0.0193471573
0.0096367029
0.0603133105
0.0050072684
0.0049834540
0.0300149266
0.0463893712
0.0636606514
0.0720922425
0.0521047078
0.0313218310
0.0080792187
0.0516880974
0.0053658504
0.0225802511
0.0094418554
0.0098514166
0.0304644424
0.0181265231
0.0505424030
0.0069941483
0.0102855349
0.0037177077
0.1334795058
0.1464010775
0.0491014980
0.0038234601
0.0036637231
0.0088021085
0.1058469266
0.0227691438
0.4924879372
0.0091428803
0.0598038621
0.0139095737
0.0153387850
0.0612670705
0.0243893694
0.0492546521
0.0317646638
0.1321762204
0.0396378823
0.0078739291
0.0050147111
0.0110725090
0.0034071726
0.0281152632
0.0188359749
0.3896085322
0.0032605117
0.4468528926
0.5731384158
0.0100920824
0.0063003837
0.0031323449
0.0042589144
0.4411965311
0.7925080657
0.0074544870
0.0038832233
0.0146059515
0.0234202445
0.8756396770
0.0602958426
0.1218359247
0.1223199069
0.0419456996
0.0166152287
0.0406573676
0.5070552826
0.0049837958
0.6570723653
0.0068274643
0.0537837856
0.0072205216
0.0516697466
0.0159886777
0.7683109641
0.0290077627
0.0223970283
0.5834071636
0.0512479730
0.0531510003
0.0186083373
0.0063014850
0.0509504341
0.3298102021
0.0489261337
0.0448306985
0.0213927347
0.0049679410
0.1928751916
0.2658370435
0.0461782403
0.0323188752
0.0059688576
0.0041372990
0.0083933380
0.0110222464
0.0436983556
0.0073290281
0.0038484267
0.0175928101
0.0072740265
0.0164191704
0.6769688129
0.1625653207
0.0280735064
0.0146470182
0.0253255665
0.0154923275
0.0317732468
0.0029315935
0.0279150382
0.0181048196
0.5233228207
0.0206755642
0.0703195706
0.0130931437
0.0330069065
0.0561427772
0.0060922056
0.0125942146
0.0139344912
0.0311843175
0.6284092069
0.0268585533
0.0027457529
0.0050181178
0.0044862544
0.7381126881
0.0165016875
0.0070316950
0.0402657799
0.7709020376
0.0547097027
0.0346437991
0.0068337056
0.2231311351
0.0224447008
0.0321954712
0.0408685096
0.0081230476
0.0172612388
0.0095843300
0.0663292855
0.0109562231
0.1849471182
0.0160210319
0.3979076743
0.0123502072
0.2681897879
0.0181007497
0.0365618952
0.0475138873
0.0544763803
0.0474718437
0.0101181362
0.0264412742
0.0765883774
0.0137530817
0.0062339152
0.0088482955
0.0060551567
0.0443025865
0.6590533853
0.0453241840
0.0088262502
0.0386342146
0.0674762502
0.0045620413
0.0102861859
0.0200098734
0.2116130888
0.0220257174
0.0068147541
0.0539337769
0.0274637323
0.0643331781
0.0269801393
0.0101870941
0.0399598628
0.6416641474
0.0075009740
0.0338454954
0.0572044030
0.0681136847
0.0246734153
0.0060152030
0.0600509718
0.0054164142
0.0181000028
0.0039263689
0.0059044724
0.0111983307
0.0173905380
0.0346615501
0.0091486908
0.0046338132
0.0434701145
0.0041521317
0.0164409522
0.0284442622
0.1751118749
0.0037450909
0.0113117713
0.0190982614
0.0261679348
0.0125821829
0.0665202141
0.0098604904
0.2472463995
0.0424425714
0.0116909975
0.0470400825
0.0449317247
0.0094801895
0.0223074853
0.0283754561
0.0430501327
0.0081637278
0.6967894435
0.1810152829
0.0551370457
0.0331930332
0.0160707049
0.0452358350
0.0035344812
0.0180472098
0.0178026911
0.0618002079
0.0187374819
0.0793692172
0.0428540967
0.0343265161
0.0572207421
0.0182961226
0.0178926066
0.0050325417
0.5902421474
0.0062215445
0.0181535259
0.7736777067
0.0031387641
0.0284651890
0.0808815509
0.0738466755
0.0125028417
0.0313586853
0.0427018665
0.0265960284
0.3328537345
0.0062329872
0.0078004408
0.0304477885
0.8825026155
0.0028030172
0.0699021071
0.0459514894
0.0475756936
0.0139545705
0.0135856951
0.0686613172
0.0528415367
0.1892430633
0.0108740851
0.0723877996
0.0029032405
0.0336374082
0.0251148604
0.0286503658
0.5658370256
0.0193930715
0.0530884899
0.0199450273
0.0541419648
0.0477406979
0.0618675947
0.0466912799
0.1854236722
0.0103311874
0.1740563512
0.0378160588
0.0213374253
0.0218152925
0.0222971234
0.0253451467
0.0033340291
0.0029532041
0.0142638246
0.0115243904
0.0468649007
0.1288466752
0.0204476584
0.0542715713
0.5809901953
0.0322925374
0.0169134643
0.0385690182
0.0656119213
0.4237482250
0.0352345221
0.0907515064
0.0403974354
0.0203675795
0.1065634936
0.0038033454
0.0265939496
0.0056991968
0.0054962230
0.0586955808
0.0201327708
0.0184568111
0.7461206913
0.0126460064
0.0226866584
0.0159815680
0.8121768832
0.0187552385
0.1357787699
0.1635056436
0.0622706041
0.0792597756
0.0227162819
0.0083363671
0.0640350431
0.0273650326
0.0169439502
0.0695048794
0.0199867673
0.0158809368
0.0628521666
0.0083385501
0.0124122314
0.0202843007
0.0142916674
0.1416433305
0.0719704852
0.0639091060
0.0067657735
0.0528547652
0.0095033487
0.0123242587
0.0314472280
0.0735158324
0.0343773663
0.0377084725
0.0227925982
0.0323291793
0.0347592793
0.0429371595
0.0525933467
0.0701756552
0.0387478769
0.0407517068
0.0040817433
0.0165795665
0.0472955890
0.0695425794
0.0462032035
0.0551639535
0.0396253020
0.0249116160
0.0126158642
0.0639585778
0.0636268482
0.0382353514
0.0201053955
0.0385506824
0.0104774116
0.0348769911
0.0058046710
0.0119704027
0.0415402874
0.0575915016
0.0031815658
0.0665484518
0.0070651262
0.0214745179
0.0624474660
0.0270276871
0.0045602657
0.7549678683
0.3997312486
0.6281863451
0.0289583821
0.0636674464
0.0234630778
0.0046468754
0.0731170624
0.0784295872
0.7215242386
0.0265215430
0.0415458493
0.0263788085
0.0062879995
0.0095955888
0.1787818521
0.7288423777
0.0672967583
0.1983907223
0.0441438481
0.0143290060
0.0590894297
0.7073522210
0.0079041179
0.0330098942
0.0237263888
0.4751389325
0.0093668643
0.0432458259
0.0383366160
0.0106688784
0.7262004614
0.0340362452
0.0348603576
0.0077560907
0.0139255244
0.0442195833
0.0120591968
0.0043773483
0.0132105071
0.0347812586
0.0130461948
0.0055078957
0.0063612512
0.0330986753
0.0606073290
0.0103964861
0.0215548947
0.0712102652
0.0098976362
0.0206634849
0.0030293763
0.0735610723
0.0152374245
0.0083671911
0.0484340526
0.6962567568
0.3003554344
0.6982288361
0.0346894525
0.0618888028
0.7594158053
0.3183973432
0.0029950142
0.0420072824
0.0157412309
0.0029756424
0.0712175891
0.0071300347
0.8324947953
0.0629504994
0.0061250636
0.8620547056
0.4682262540
0.0045175059
0.6430255175
0.0046835425
0.5660586357
0.0491734035
0.0556146353
0.0030903241
0.0293441080
0.0375061333
0.6156635880
0.0436698273
0.0688240007
0.0765227228
0.0493532009
0.0052791247
0.0144367162
0.0340324678
0.0685113519
0.0255198479
0.2243110389
0.0125120655
0.0205623638
0.0791912004
0.0166910551
0.0288633294
0.0585919432
0.0043096142
0.0386533700
0.0171309337
0.0090803439
0.0043033073
0.0331514776
0.0349133275
0.0644025654
0.0049416004
0.0432203002
0.0481836982
0.0405193903
0.0217051413
0.0221302919
0.0053824992
0.0726770833
0.0365731157
0.0347630493
0.2766927779
0.0073168622
0.0341659933
0.3619100749
0.0362108201
0.0032219649
0.0050821854
0.0507038794
0.0555115677
0.0288687441
0.0150304511
0.1717635691
0.2902113199
0.0205673408
0.0140866321
0.2772237062
0.1005767062
0.0219723657
0.0204798263
0.0494970791
0.0680187419
0.0453335382
0.0533968136
0.0274739992
0.0153162824
0.0169543661
0.0087595573
0.0641569495
0.0131983878
0.0228363872
0.0605521835
0.0037611024
0.0584982149
0.0179594439
0.0109511716
0.0395224057
0.0645697415
0.0098482510
0.0321605802
0.0425748117
0.0257831328
0.0071233306
0.0084730275
0.0360077992
0.0206321869
0.0043238718
0.0076022828
0.0304777455
0.1886857301
0.2055602521
0.0347543508
0.0037764355
0.0069014500
0.0263270885
0.0281093903
0.0219882894
0.0148836086
0.0129876677
0.0042713522
0.0211505424
0.0361617617
0.0498027280
0.0169443581
0.0433122143
0.0076848594
0.0104003018
0.7281143665
0.0059099728
0.0298702531
0.6148051620
0.0249746758
0.0317259692
0.0048881178
0.0418543667
0.0058677974
0.0122934300
0.5958225131
0.0115431286
0.0585462153
0.0210583694
0.7848798037
0.0231201872
0.0623201318
0.0198136680
0.0147873554
0.0563204885
0.0421651304
0.3049782515
0.0447501540
0.0124672502
0.0660946518
0.0658279136
0.8296967745
0.0475459807
0.0081230979
0.0324871056
0.0214494802
0.0413320251
0.0295754634
0.0183498431
0.0058724470
0.0131692439
0.0515506230
0.0537845530
0.7371152639
0.0207538232
0.0125743700
0.0358124524
0.0511283837
0.0486244895
0.0050702724
0.0034171003
0.0047159004
0.0554418825
0.0541891679
0.0391088612
0.0479734428
0.0663607046
0.0546649583
0.0183028970
0.0116678188
0.0287587978
0.0050646900
0.0365745053
0.0093323858
0.0141569413
0.0182900205
0.1180070639
0.0202632453
0.0478758328
0.0038740693
0.0346054137
0.0671709776
0.0641608834
0.0516059473
0.0069399015
0.0114785451
0.0061800075
0.0110221151
0.0489902087
0.0047716550
0.0045807743
0.0104798004
0.7055216432
0.0731434077
0.0134963384
0.0693393275
0.0130236680
0.0087836329
0.0199673735
0.0642828643
0.0084882230
0.0059977151
0.0055428320
0.0505511053
0.0267240647
0.0416305624
0.0033071334
0.0341729484
0.0169005767
0.0179003552
0.0229098313
0.0059505338
0.0268671717
0.0146199651
0.0503793620
0.0238925237
0.0054101786
0.0195765346
0.0653201863
0.0631587207
0.9102205634
0.0172956847
0.0251607690
0.0347799435
0.0376348905
0.0032259696
0.0366223417
0.0639950186
0.0148511678
0.0260052066
0.0572858937
0.0180823486
0.0314277932
0.0172825977
0.0372172855
0.0491165519
0.0443671234
0.3927631676
0.0031866916
0.0411537960
0.0428376049
0.0086967498
0.0098087173
0.0524714813
0.0267650541
0.0081166560
0.0314009823
0.0028960679
0.0083642537
0.0291883145
0.0266874526
0.0249562226
0.0497667715
0.0399220511
0.0300230253
0.0130365342
0.0085281404
0.0708228201
0.0103295343
0.0216208305
0.0587973408
0.0216190293
0.0128722154
0.0666148737
0.0323685184
0.0157852322
0.6227506995
0.0549261607
0.0625635237
0.0103737405
0.0174854230
0.0404024981
0.0355208367
0.0093330862
0.0449685268
0.0111511732
0.0144873261
0.0173437186
0.0228595622
0.0153237693
0.0082076695
0.0157133508
0.0149763180
0.0150214992
0.0473684520
0.0181272216
0.0134340879
0.0455207676
0.0048306440
0.0564038493
0.0413360335
0.0221168678
0.1325887740
0.0362081751
0.0061187823
0.0217692964
0.0706741810
0.0222890414
0.0494973026
0.0297624450
0.0096757291
0.0635686740
0.0175257139
0.0250911135
0.0391557626
0.0205180161
0.0381099209
0.0088539645
0.0624560826
0.0033729537
0.0069322493
0.0401317328
0.0411070734
0.0222060475
0.0081571396
0.8790100217
0.0102906665
0.0527076758
0.0061064544
0.0045008701
0.0738030821
0.0149234645
0.6270561218
0.0283591114
0.0374064334
0.0258525889
0.0160423089
0.0230375212
0.8244947195
0.0614706613
0.0074181906
0.0046835192
0.0165280625
0.0357916392
0.3717590570
0.0259795245
0.0614232011
0.0284391493
0.0223102998
0.0121232383
0.0099404762
0.0117351320
0.0189168956
0.0693578422
0.0066134981
0.0651524141
0.0202718899
0.0399283543
0.0673217475
0.0031460370
0.0556409247
0.0035880196
0.0047381609
0.0078374688
0.0615309365
0.0250992719
0.1050403714
0.0595525429
0.0119263576
0.0093426257
0.0037411740
0.0119647663
0.0185971409
0.0429478772
0.0114724329
0.0373436622
0.0030016578
0.0476774238
0.0165200848
0.0035723280
0.0508112870
0.6094630957
0.0226968396
0.0659187809
0.0676176623
0.0402215421
0.0340443030
0.0067333779
0.0119330185
0.0227862746
0.0630130619
0.0174387377
0.0037430266
0.0682150945
0.0349554718
0.0313520953
0.0117286416
0.0240836143
0.0174963530
0.2926818728
0.0480212085
0.0240887608
0.0398732051
0.0376400016
0.0300815925
0.0073407530
0.0677245185
0.0373700187
0.0686905608
0.0178504959
0.0085442122
0.0364661813
0.0103268372
0.1329008192
0.0098308660
0.0148681467
0.0392151698
0.0566371754
0.0029488078
0.0093349423
0.0473103039
0.4858586192
0.0129855145
0.0649588183
0.0450316519
0.0495200902
0.0053512035
0.0073910528
0.0090777474
0.0181455575
0.0162489805
0.0396594927
0.0274670087
0.0487115718
0.0068688295
0.0178982001
0.0253714770
0.0443986803
0.0164511725
0.0136393253
0.0182312615
0.0129893702
0.0411711670
0.0121843396
0.0116547970
0.0189098530
0.0262845512
0.0198179558
0.0521388687
0.0051665544
0.5138692856
0.0336432308
0.0725234374
0.0168109834
0.0375161096
0.0347003676
0.6732944846
0.0038593926
0.0254006200
0.0317463428
0.0142327985
0.0526041500
0.0261060279
0.0516436175
0.0551528670
0.0518336780
0.0703146234
0.3164764047
0.0365822315
0.0616878234
0.0287498422
0.0436505936
0.0099016512
0.0230787266
0.0293940604
0.0271172114
0.0035465995
0.0042701769
0.0058342712
0.0405814089
0.0045821066
0.0534810536
0.0353718624
0.0128769130
0.0484417938
0.0453816950
0.0152005991
0.0421977155
0.0174094867
0.0942005441
0.0180046782
0.0560743101
0.0564928763
0.0629494116
0.1350803524
0.0133694904
0.0115785608
0.0147162760
0.0443746820
0.0564819574
0.0314452052
0.3778874278
0.0563413911
0.0340358838
0.0114577087
0.0559140220
0.0547966026
0.0623062141
0.0128772240
0.0199479610
0.0460498258
0.0338943563
0.6628780961
0.0234047156
0.0079139350
0.0219531655
0.7731712461
0.0492976271
0.0496673323
0.0594973825
0.6364339590
0.0436008312
0.6384918094
0.0606292933
0.0147300838
0.0253729168
0.0068595028
0.0469989367
0.0224306099
0.0549903698
0.0350307263
0.0080153346
0.0515296496
0.1184232682
0.0439422168
0.0344030373
0.0319824852
0.0168990884
0.0460145175
0.0539866313
0.0072686528
0.0177761037
0.0634443834
0.0557885654
0.4546314776
0.0060635032
0.0243890379
0.0433915444
0.0294004008
0.0654870942
0.0120782601
0.0188933350
0.0259859357
0.0337470658
0.0627433583
0.0042206412
0.0425205715
0.0058255787
0.0396383442
0.0054921019
0.0326705091
0.0118150497
0.0127013586
0.0125413062
0.0071503418
0.0077059679
0.0506255701
0.0805836692
0.0288008414
0.0165978465
0.0201606750
0.0515940227
0.0685888901
0.0294619333
0.0500760823
0.0216898900
0.1525624245
0.0692346767
0.0184496865
0.5837480426
0.0041983668
0.0373187512
0.0632381439
0.0640292689
0.0088932551
0.0113417264
0.0526241995
0.2353557348
0.0427886248
0.0646050498
0.0648445189
0.0255714227
0.0237731952
0.4182142615
0.0507914461
0.0311349872
0.0199616849
0.0203110725
0.0414727069
0.0081570819
0.0305044390
0.0109882941
0.0688572004
0.0310103055
0.0100923143
0.0191517398
0.0141340923
0.0087968092
0.0405819565
0.0080302963
0.0597617105
0.0255896412
0.0044701053
0.0577011071
0.0486344099
0.0213672444
0.0500724763
0.0175192114
0.0486730523
0.0073079495
0.0596267432
0.0145676546
0.7167865038
0.0668275282
0.0420414433
0.0150381187
0.0343606696
0.0519574620
0.1110042185
0.0148885092
0.0039362414
0.0147719951
0.0044516819
0.0033845203
0.0153907472
0.0067289621
0.0062375837
0.0094674248
0.0319396444
0.0199350864
0.0114452541
0.0270656440
0.0063284887
0.0082164342
0.0315539725
0.0048049991
0.0321930051
0.0072740302
0.0189680401
0.0444848873
0.0065245042
0.0496336520
0.0406333022
0.0583823323
0.1037910432
0.0512726977
0.0564914718
0.0064462591
0.0252927411
0.0143460911
0.0096155554
0.0156689361
0.0292274971
0.0297412425
0.6653711796
0.0321597047
0.6578906178
0.0335579664
0.0185519885
0.0750547647
0.0157134514
0.0355086103
0.0537186190
0.0684392303
0.0958912671
0.0112484312
0.0076903608
0.0083641177
0.0696230233
0.0100469012
0.0672264099
0.0056401342
0.0059851841
0.0057831057
0.0641051233
0.0066655241
0.0276865270
0.0037332312
0.0252278615
0.0035441206
0.0074925488
0.0381512791
0.0305478685
0.0678635761
0.0681127980
0.0033532304
0.0253636315
0.0111562330
0.0660908446
0.0403795503
0.0040122159
0.0385464318
0.0147092286
0.0257269777
0.0622011349
0.0493062884
0.0242924914
0.0441993400
0.0298864115
0.0801205486
0.0185066685
0.0323754214
0.0275672060
0.0519495346
0.0509698577
0.0468934663
0.0618230514
0.0363634229
0.0712770820
0.0037576340
0.0150340982
0.0078121112
0.0616470650
0.0067974068
0.0267461184
0.0166239943
0.0107174637
0.0134643307
0.0541635267
0.0252414085
0.0359559022
0.0036885454
0.0085690077
0.0125336200
0.1267498583
0.0078451047
0.0192586277
0.0382684357
0.0692381635
0.7506293654
0.0692224056
0.0081876656
0.0542191602
0.0046092654
0.0105257686
0.0138616422
0.0224952158
0.0381589644
0.0467916429
0.0223827735
0.1248595193
0.0104948021
0.0402807295
0.0638128594
0.0476786159
0.0554117821
0.5532974005
0.0049747787
0.0262728948
0.0130614927
0.0284884200
0.0572432615
0.0383925550
0.0719652697
0.0285330098
0.0030046662
0.0053788107
0.0683532208
0.0489634573
0.0698966011
0.0048069786
0.0498790219
0.0198290795
0.0029258251
0.0301452186
0.0043484722
0.0224120226
0.0053961612
0.0386919565
0.0651206449
0.0159476604
0.0425300412
0.0040189945
0.0404539816
0.0700027123
0.0162787810
0.7068802714
0.0041044066
0.0049236589
0.0267866328
0.0636798665
0.0563610718
0.0848260671
0.0129441218
0.0365913436
0.0258695111
0.0067126090
0.0093803117
0.0216729194
0.0198993534
0.0152097922
0.6147590876
0.1298834085
0.7118744254
0.0054990984
0.0096851029
0.0621333867
0.0246148352
0.0084703080
0.0562002659
0.0399018861
0.0041499236
0.0054294649
0.0599987954
0.0104414746
0.0046959715
0.0069555868
0.0220149476
0.0038246913
0.0036072475
0.0219628084
0.0112138232
0.0419206992
0.0170221720
0.0280739553
0.0083109094
0.0032718207
0.0127146635
0.0074589248
0.0110389628
0.0064100586
0.0719360635
0.0051188446
0.0344001316
0.0257653240
0.0270964224
0.0174422301
0.0468187705
0.0444481708
0.0862516016
0.0476601645
0.0193552226
0.0508217774
0.0547359101
0.0046981350
0.0535633825
0.0174012352
0.0851173699
0.0444408730
0.0046759201
0.0535014197
0.0154937524
0.0081438683
0.0210831091
0.0637788773
0.0138543909
0.0157015547
0.0646767616
0.0639577135
0.0517292134
0.0504071265
0.0114007862
0.4856189787
0.0205459148
0.0249897949
0.0053017596
0.0538258031
0.0235324372
0.0091620749
0.0127195716
0.0099525405
0.0031689066
0.0195052233
0.0177590605
0.0733103529
0.0682428926
0.0286680162
0.0250336044
0.0391779318
0.0062932912
0.0127720684
0.0182659086
0.0065573719
0.0590531379
0.0073587135
0.0330563746
0.0476942882
0.0070114424
0.0069860914
0.0728533268
0.0301492270
0.0124136545
0.0402043946
0.0036426664
0.0541513339
0.0337242410
0.0149233853
0.0679694116
0.0638669059
0.0196636375
0.0525663160
0.0625752583
0.0382845588
0.0084281154
0.1464265734
0.0625960827
0.0130048366
0.0170799233
0.0102088051
0.0203266889
0.0236212369
0.0208667535
0.0070263599
0.0230463333
0.0550861508
0.0088194925
0.0570800081
0.0038065445
0.0070919553
0.0068099978
0.0094584851
0.0079606939
0.0658029318
0.0061398465
0.0233997069
0.0128710791
0.0353270583
0.0234046485
0.0280311648
0.0226211194
0.0039071133
0.0245350171
0.0926618576
0.0078823650
0.0050787064
0.0064754868
0.0295213144
0.0092038736
0.0702375025
0.0255219657
0.0088243457
0.0337876342
0.0365300179
0.0673534200
0.0359504968
0.0087413797
0.0122219436
0.0029523137
0.0098980330
0.0347756222
0.0077968356
0.0209870487
0.0424144417
0.0055893655
0.0497037545
0.3481674790
0.0406077243
0.0201684721
0.0380343609
0.0078554181
0.0484503806
0.0558476746
0.0171227772
0.0117312316
0.0064496794
0.0163205247
0.0206435695
0.0351533964
0.0076769893
0.0570457615
0.0283151865
0.0031238059
0.0138938567
0.0520696528
0.0151029909
0.0059550777
0.0192041583
0.0029722929
0.0705679059
0.0301467665
0.0077865701
0.0694913715
0.0381132774
0.0127013894
0.0523049980
0.0647283494
0.0300291479
0.0700033903
0.0162787084
0.0630523488
0.0127445338
0.0249839518
0.0030997833
0.0090084551
0.0100192046
0.0361257493
0.0191268791
0.0102651240
0.0727457330
0.0521368720
0.0377154574
0.0286436453
0.0045032343
0.0153484857
0.0333647542
0.0541784167
0.0254158061
0.0367625207
0.0096303802
0.0402257517
0.0248640217
0.0529380664
0.0692452863
0.0542328842
0.0132452641
0.0209838822
0.0701702908
0.0128485989
0.0522205308
0.0251259916
0.0637174323
0.0465946980
0.0288425330
0.0146949375
0.0065250075
0.0340107158
0.0180415232
0.0164517984
0.0147617590
0.0097935842
0.0552911609
0.0033172702
0.0497870222
0.0255063623
0.0220508426
0.0488033630
0.0077841701
0.0701101199
0.0347617529
0.0454593040
0.0681957901
0.0374200419
0.0648076683
0.0458287299
0.0639535487
0.0392853022
0.0057110782
0.0147699127
0.0205436349
0.0609750003
0.0457962193
0.0077592847
0.0440954827
0.0120999347
0.0112680951
0.0437165089
0.0716515630
0.0174985025
0.0472386107
0.0177029818
0.0221196786
0.0152006857
0.0667586997
0.0290363468
0.0531792268
0.0053016543
0.0334633775
0.0564527921
0.0188041348
0.0306211617
0.0063806693
0.0329834409
0.0081520202
0.0141750323
0.0049618836
0.0385751501
0.0566677898
0.0072366223
0.0577301234
0.0069102976
0.0170215666
0.0520238094
0.0648225844
0.0214335136
0.0226827003
0.0073887142
0.0449284241
0.0161827430
0.0643827021
0.0152233317
0.0635670424
0.0195894018
0.0427206010
0.0029343795
0.0031199192
0.0306019783
0.0100745764
0.0130288862
0.0654646158
0.0590685308
0.0670888424
0.0347020477
0.0267042127
0.0032338111
0.0272713881
0.0145306643
0.0686386079
0.0378268696
0.0368154831
0.0608180575
0.0105749592
0.0175517350
0.0247207228
0.0428627953
0.0423974209
0.0678077936
0.0177814718
0.0057219770
0.0100207208
0.0399613120
0.0297001489
0.0258299466
0.0611286275
0.0084790103
0.0107685579
0.0159814004
0.0386274196
0.0341640003
0.0089142872
0.0097576752
0.0151542658
0.0145824011
0.0313885808
0.0074549685
0.0060351561
0.0380409695
0.0137121202
0.0382246375
0.0633950755
0.0374305099
0.0082489196
0.0136267459
0.0199310798
0.0100862179
0.0123411454
0.0052617611
0.0147044193
0.0127808228
0.0340385810
0.0383994170
0.0310673863
0.0122642750
0.0327457078
0.0208267588
0.0070790905
0.0032513819
0.0159806777
0.0041777729
0.0159558207
0.2864458859
0.0452919044
0.0126868468
0.0046134712
0.0120227952
0.0318768471
0.0549016595
0.0610310286
0.0634136572
0.0283065569
0.0344098285
0.0507750250
0.0029203310
0.0034899584
0.0037219373
0.0109197097
0.0478056073
0.0296537336
0.0534443557
0.0122487340
0.0492367223
0.0404345319
0.0669341385
0.0043541654
0.0283609964
0.0138800219
0.0580675863
0.0063269082
0.0561712869
0.0151940696
0.0328206122
0.0039954260
0.0032931864
0.0189996175
0.0055938503
0.0550508611
0.0108069684
0.0412684940
0.0426117405
0.0172648113
0.0126409102
0.0332971662
0.0037182141
0.0093669770
0.0033715621
0.0713999942
0.0029666421
0.0724245906
0.0382593796
0.0156907588
0.0067282063
0.0157956798
0.0107214693
0.0458702333
0.0053246724
0.0049132914
0.0043142214
0.1414754391
0.0451066159
0.0336083062
0.0058400724
0.0045908540
0.0245982464
0.0092077125
0.0077625383
0.0369236022
0.0057512727
0.0622162819
0.0121046007
0.0590093918
0.0499162078
0.0117506068
0.0328348130
0.0526533611
0.0114374086
0.0042508380
0.0686844736
0.0154370954
0.0037107202
0.0046877032
0.0970725790
0.0591795556
0.0072322679
0.0399780311
0.0134600429
0.0096485224
0.0185377002
0.0597557724
0.0040367874
0.0132723702
0.0090505229
0.0439298637
0.0048301150
0.0038081247
0.0322171412
0.0294128675
0.0040732506
0.0379695781
0.0154298758
0.0056235986
0.0040694387
0.0610771216
0.0126175871
0.0661662519
0.0555126667
0.0463191494
0.0205484629
0.0201698933
0.0552857667
0.0428607427
0.0626465604
0.0132504851
0.0183427930
0.0234638322
0.0600364767
0.0062694699
0.0141965905
0.0296048690
0.0405409150
0.0150960200
0.0506031848
0.0444033816
0.0425798297
0.6217500567
0.0227514654
0.0663773715
0.0141834319
0.0142098712
0.0124726379
0.0363655686
0.0250925180
0.0047804955
0.0134200603
0.0240036603
0.0545173027
0.0410772637
0.0602465160
0.0618901141
0.0311544444
0.0578028448
0.0033737577
0.0529592186
0.0108077005
0.0225451831
0.0604554079
0.0601846650
0.0108686537
0.0159222614
0.0618455857
0.0250023287
0.0629067570
0.0620951131
0.0134356692
0.0051552402
0.0418606550
0.0592037737
0.0372580439
0.0140606379
0.0110876188
0.0143854208
0.0101724546
0.0175433345
0.0755999759
0.0524103567
0.0447478481
0.0317818783
0.0296644289
0.0115001397
0.0509759113
0.0166146718
0.0274235681
0.0666105747
0.0037699013
0.0237973519
0.0320381150
0.0210532565
0.0081508467
0.0207340755
0.0040760534
0.0433874726
0.0425691791
0.0573614836
0.0061699641
0.0395160615
0.0276862234
0.0091509977
0.0421513543
0.0233594794
0.0203283057
0.0559444204
0.0054058009
0.0411793552
0.3119990230
0.0334991179
0.0049093380
0.0212387964
0.0532183722
0.0098921815
0.0245696269
0.0122865038
0.0036818627
0.0252213012
0.0193709470
0.0669618547
0.0368172601
0.0047377599
0.0117601994
0.0233880766
0.0299677197
0.0213882867
0.0317699499
0.0064114919
0.0120719308
0.0120380856
0.0161639024
0.0110710878
0.0034741636
0.0325653441
0.0216386132
0.0422994085
0.0425055027
0.0504803732
0.0653876588
0.0346893780
0.0260021817
0.0195950232
0.0122208465
0.0448140427
0.0707319304
0.0178868808
0.0101129180
0.0053046532
0.0087012174
0.0095710326
0.0053693727
0.0241066162
0.0525946170
0.0298937541
0.0444420576
0.0105486549
0.0580008812
0.6061966419
0.0289848540
0.0729484335
0.0076045995
0.0072046216
0.0065330639
0.0158172213
0.0449026972
0.0086052129
0.0476652719
0.0058999942
0.0126400208
0.0286044329
0.0202976353
0.0088556306
0.0228203479
0.0135911079
0.0566485263
0.0346722081
0.0355708972
0.0070719589
0.0526072606
0.0594956093
0.0481539555
0.0697684661
0.5495516062
0.0168551207
0.0500253215
0.0108755138
0.0695652291
0.0194627848
0.0365205258
0.0184721556
0.0192425568
0.0083508287
0.0316787288
0.0189801529
0.0113984244
0.0302762389
0.0500129834
0.0628817379
0.0577279627
0.0131110437
0.0100840051
0.0500147901
0.0573055521
0.0048194411
0.0267300084
0.0349206552
0.0070131365
0.0595193803
0.0058584339
0.0426561497
0.0143404119
0.0278740525
0.0046647196
0.0152757932
0.0609870255
0.0078281965
0.0181010477
0.0205030423
0.7797203064
0.0102125732
0.0313689150
0.0084761251
0.0387870334
0.0530108847
0.0167833772
0.0254185963
0.0033466765
0.1023458615
0.0065432983
0.0576720387
0.0234126262
0.0263421368
0.0174143370
0.0080011562
0.0074192556
0.0195327420
0.0206406396
0.0095227202
0.0738427117
0.0292838402
0.0499383472
0.0100952452
0.0271115620
0.0078159943
0.0043509449
0.0044746613
0.0184207465
0.0271375496
0.0121124191
0.0422328822
0.0173993781
0.0482181534
0.0317075886
0.0094334092
0.0261387713
0.0276601706
0.0593662597
0.0075564440
0.0058716428
0.0173161589
0.0130236708
0.0555848703
0.0517410971
0.0480198748
0.0403427593
0.0467696860
0.0291649159
0.0178096388
0.0138412565
0.0087698214
0.0084350714
0.0650922656
0.0267458111
0.0273625087
0.0111204963
0.0644900650
0.0417606682
0.0523352660
0.0613889731
0.0179332290
0.0275795460
0.0112023298
0.0029889923
0.0114326430
0.0032363157
0.0287130941
0.0107895499
0.0490872189
0.0222833753
0.0422508568
0.0598345771
0.0041789887
0.0596811250
0.3399772048
0.0533452444
0.0584165342
0.0640164390
0.0161863379
0.7137436271
0.0188332181
0.0302261375
0.0485282168
0.0229408760
0.0331754573
0.0697095022
0.0051844656
0.0277630314
0.0438894667
0.0530042425
0.0255869105
0.0623963550
0.0627114102
0.0660147816
0.0072115702
0.0492109917
0.0053344718
0.0078958943
0.0351953581
0.0141937016
0.0051035313
0.0323819779
0.0649899915
0.0563145615
0.0429003760
0.0461275540
0.0565756075
0.0169399325
0.0423974283
0.0363483801
0.0071839178
0.0364863537
0.0204987619
0.0186540522
0.0226251371
0.0061105201
0.0180044547
0.0187424794
0.0063157207
0.0142219467
0.0346900746
0.0351112373
0.0068022809
0.0124259535
0.0505028069
0.0515848063
0.0363964550
0.0069712857
0.0069354787
0.0285645686
0.0720568448
0.0495281555
0.0135988025
0.0160068218
0.0515535027
0.0206456427
0.0159645714
0.0215777960
0.0567922555
0.0432410501
0.0204388127
0.0319596827
0.0127205737
0.0146851484
0.0446102284
0.0163999870
0.0133290952
0.0290173907
0.0035063566
0.0624159500
0.0613187365
0.0360086299
0.0481246226
0.0061789420
0.0580069982
0.0300594289
0.0351329744
0.0121973343
0.0623538904
0.0132135926
0.0618275963
0.0625779480
0.0064441455
0.0053285528
0.0643196106
0.0596549474
0.0365969911
0.0151631068
0.0251686666
0.0073260204
0.0552246757
0.0601710528
0.0198504869
0.0342476740
0.0534079447
0.0065429816
0.0159059372
0.0126208505
0.0699868053
0.0347047187
0.0264121145
0.0030037966
0.0080274697
0.0106211929
0.0335301533
0.0177432969
0.0515350178
0.0188831761
0.0124321785
0.0413147621
0.0455974676
0.0587199703
0.0307386853
0.0313273743
0.0227626059
0.0719355419
0.3905293941
0.0480857231
0.0235740282
0.0040384517
0.0073764403
0.0612394884
0.0310834963
0.0281031542
0.0363074727
0.0078523885
0.6455388665
0.0030090639
0.0487205833
0.0109395748
0.0579773486
0.0361278988
0.0229042601
0.0139339874
0.0724186674
0.0620909631
0.0670185238
0.0066944296
0.0079220049
0.0077993469
0.0179787446
0.0674238130
0.0036848753
0.2303571552
0.0163622126
0.0528435931
0.0430497639
0.0034156980
0.0053356010
0.0201964043
0.0277630445
0.0381186604
0.0150405243
0.0722752064
0.0308822840
0.0151020363
0.0192485992
0.0474381819
0.0667541400
0.0098801935
0.0143769281
0.3863618374
0.0056099533
0.0471199118
0.0161048770
0.0697091818
0.0310348384
0.0475636944
0.0201019663
0.0056297998
0.0058216201
0.0074327788
0.0326267295
0.0111167952
0.0479618497
0.0163575951
0.0172450244
0.0715943724
0.0304652583
0.0257825330
0.0057903212
0.7365388870
0.0216113180
0.0106546897
0.0714228153
0.0662814602
0.0684843883
0.0424350724
0.0074959784
0.0388462804
0.8200480342
0.0100589944
0.0030066476
0.0029330808
0.0447488129
0.0484658927
0.0356371589
0.0311061423
0.0253318213
0.0344640240
0.0522184558
0.0108580422
0.0351505280
0.0154692559
0.0156468041
0.0306158513
0.0112686660
0.0498714559
0.0135344723
0.0389447473
0.0303171929
0.0050831963
0.0404135063
0.0126745384
0.0120235132
0.0722324476
0.0718904361
0.0512181669
0.0498265848
0.0291655269
0.0311640855
0.0556819513
0.0728821307
0.0239603184
0.0270009730
0.0152029926
0.0454545319
0.0228843577
0.0258198958
0.0045925579
0.0037522311
0.0110619282
0.0165253263
0.0113979559
0.0579961017
0.0569183230
0.0505382605
0.0110382130
0.0563009419
0.0686545298
0.0556831807
0.0254680011
0.0404325798
0.0500015467
0.0112993764
0.0231586471
0.0251793340
0.0181108173
0.0379441194
0.0363319255
0.0327194221
0.0294778086
0.0743249804
0.0473898165
0.0041161040
0.0042527933
0.0034167529
0.0033689328
0.0054467563
0.0400555581
0.0428248607
0.0066264989
0.1409615874
0.0195878055
0.0072537716
0.0183776356
0.0051922170
0.0078606261
0.0073743709
0.0169953816
0.0116147418
0.0091586495
0.0444086678
0.0674141198
0.0595749579
0.0035556569
0.0350530744
0.0646591932
0.0098182494
0.0712590739
0.0068071270
0.0193758663
0.0149360774
0.0065497966
0.0625436381
0.0043582683
0.0074806190
0.0319800042
0.0350287780
0.0098742219
0.0141654368
0.0072895680
0.0299991947
0.0176036973
0.0434791073
0.0136686554
0.0675206184
0.0240064654
0.0616770908
0.0079564294
0.0272427499
0.0395826176
0.0034043896
0.0433080494
0.0647664145
0.0106059797
0.0144517999
0.0314072259
0.0329833813
0.0141615896
0.0073826886
0.0378556289
0.0061479653
0.9874791503
0.0412223972
0.0101962090
0.0466377102
0.0043338239
0.0505986772
0.0090899346
0.0712307617
0.0109700840
0.0719496831
0.0681618899
0.0045961142
0.0107255951
0.0060520945
0.0047843140
0.0321442634
0.0147601562
0.0381940603
0.0093867201
0.0453729071
0.0412434675
0.0081216656
0.0447071604
0.0539329983
0.0098468205
0.0124430051
0.0039373417
0.0044522849
0.0537538454
0.0350160673
0.0204105750
0.0230385121
0.0103417663
0.0440644771
0.0087088011
0.0057076211
0.0073306239
0.0211502723
0.0084581450
0.0460706688
0.0712591708
0.0107622501
0.0258716084
0.0078998692
0.0315486044
0.0338331275
0.0180507042
0.0725759268
0.0099000419
0.0677784979
0.0110368337
0.0070362110
0.0301549342
0.0295691527
0.0611491539
0.0036870115
0.0246057324
0.0174370538
0.0421606191
0.0112080071
0.0168771464
0.0187361985
0.0570182279
0.0075020986
0.0209339745
0.0067703305
0.0130710583
0.0530166365
0.0081589064
0.0415834263
0.0532891080
0.0638020784
0.0451334603
0.0716195852
0.0226137619
0.0391930416
0.0074014296
0.0061345324
0.0347362421
0.0724477991
0.0595766865
0.0303563327
0.0051161218
0.0153516941
0.0137364361
0.0124069061
0.0036098224
0.0117586767
0.0077242316
0.0102997413
0.0045173084
0.0357526615
0.0470516495
0.0472035110
0.0071993023
0.0109949121
0.0507376269
0.0169587769
0.0034803124
0.0537487343
0.0697944462
0.0110919094
0.0037427610
0.0111173252
0.0528746061
0.0622903220
0.0237175729
0.0087573761
0.0176811256
0.0099755013
0.0320429094
0.0623931773
0.0722944960
0.0035259563
0.0070978482
0.0528257005
0.0064827339
0.0167099331
0.0048525264
0.0238043386
0.0658539534
0.0648100004
0.0137767121
0.0056186519
0.0328616574
0.0129827615
0.0174724869
0.0058703064
0.0214016605
0.0122417510
0.0069365366
0.0147787668
0.0085925087
0.0410161875
0.0182460416
0.0036038640
0.0035514974
0.0035206864
0.0540631711
0.0522812903
0.0366237722
0.0259318091
0.0688826293
0.0234045032
0.0044944105
0.0312378109
0.0702985004
0.0569739453
0.0083759604
0.0155203585
0.0044290596
0.0073962202
0.0077387509
0.0727136806
0.0133829666
0.0122184148
0.0116978101
0.0663023815
0.0470171794
0.0349252596
0.0043630428
0.0128145916
0.0717575699
0.0412890762
0.0482279733
0.0053799762
0.0048287371
0.0518545397
0.0095996261
0.0219367240
0.0055610668
0.0051910863
0.0644219294
0.0090870680
0.0318937339
0.0076312190
0.0305750184
0.0086956015
0.0310745630
0.0056392066
0.0651630163
0.0527135134
0.0061340686
0.0637189746
0.0501662940
0.0516652390
0.0100985309
0.0404968224
0.0455293767
0.0172044076
0.0073910328
0.0274512898
0.0151463207
0.0164384991
0.0408149064
0.0148437237
0.0053223884
0.0175230578
0.0251745153
0.0522389188
0.0031007135
0.0525283404
0.0399224609
0.0173167344
0.0157916378
0.0077314763
0.0116292592
0.0048498292
0.0513347015
0.0207140669
0.0224856958
0.0193641987
0.0249437597
0.0303891581
0.0167761687
0.0660171807
0.0711541921
0.0543484688
0.0398947261
0.0340715609
0.0185349323
0.0367982090
0.0031696912
0.0114946030
0.0646867305
0.0134672699
0.0349265635
0.0064486749
0.0132172620
0.0616713129
0.0053760619
0.0057549221
0.0050061126
0.0101084672
0.0248371605
0.0550837666
0.0136880213
0.0086799273
0.0524048544
0.0120296134
0.0580754429
0.0303002577
0.0558299087
0.0182269588
0.0078359907
0.0403401293
0.0373477601
0.0234885272
0.0181131326
0.0040610125
0.0514243245
0.0031250305
0.0271335393
0.0212821979
0.0131025789
0.0678173006
0.0035183888
0.0052459971
0.0682586804
0.0035798836
0.0661011860
0.0635383204
0.0416862443
0.0226144381
0.0154624125
0.0114394613
0.0190498456
0.0157334972
0.0040749405
0.0174998231
0.0274323188
0.0374490693
0.0402641892
0.0078887530
0.0216574967
0.0721788704
0.0034504475
0.0031514794
0.0168253649
0.0390230231
0.0662569553
0.0691507757
0.0509631522
0.0078151654
0.0377446041
0.0120445527
0.0667786747
0.0044561196
0.0370027013
0.0080956789
0.0123662250
0.0435752720
0.0257313531
0.0218297075
0.0145659158
0.0377332121
0.0461925305
0.0144372666
0.0572348461
0.0086449515
0.0258770753
0.0045644972
0.0050023608
0.0058746566
0.0100406948
0.0282688215
0.0284905620
0.0685546473
0.0081104683
0.0037201431
0.0086343205
0.0211975276
0.0427078567
0.0460507423
0.0542005152
0.0096874917
0.0130041502
0.0030806500
0.0089665242
0.0327576026
0.0057615736
0.0420089848
0.0213576760
0.0228943154
0.0071252482
0.0256844144
0.0397170372
0.0214785952
0.0646646395
0.9491586685
0.0070249620
0.0206236914
0.0510617085
0.0323483534
0.0241751596
0.0338516347
0.0142425941
0.0103602670
0.0098912613
0.0063783713
0.0637498274
0.0040314365
0.0621768199
0.6600251198
0.0627108738
0.0187174547
0.0124084782
0.0396061763
0.0043037552
0.0136610949
0.0050636088
0.0215221532
0.0159325227
0.0281994101
0.0086133946
0.0341244973
0.0323653892
0.0359220654
0.0054928274
0.0754295588
0.0053294026
0.0397439040
0.0092676021
0.0105776861
0.0449122004
0.0510810986
0.0582357533
0.0220286977
0.0676779896
0.0030207743
0.0622639395
0.0039224136
0.0405055434
0.0306682382
0.0168532301
0.0216921810
0.0177837517
0.0195749439
0.0206404570
0.0066084643
0.0301661659
0.0089942301
0.0433335416
0.0158353839
0.0479641557
0.0080981366
0.0588348806
0.0413042642
0.0394175984
0.0334995911
0.0229834765
0.0701666698
0.0258686785
0.0163164716
0.0506544188
0.0493413620
0.0252282768
0.0416286588
0.0711302236
0.0353158899
0.0267754067
0.0138038574
0.0568044968
0.0250505060
0.0113451825
0.0050222450
0.0141507816
0.0233506057
0.0693606064
0.0165497921
0.0069978274
0.0536134019
0.0686143041
0.0534363650
0.0083910041
0.0649842471
0.0360537805
0.2125975937
0.0687929913
0.0220206268
0.0530185178
0.0459394455
0.0400979184
0.0147441067
0.0034093759
0.0533800460
0.0677270740
0.0447605960
0.0696743950
0.0281669945
0.0693355054
0.0090448661
0.0093933018
0.0203981828
0.0515369810
0.0060296934
0.0076293219
0.0093414159
0.0041531734
0.0113890432
0.0045205704
0.0170478523
0.0389226228
0.0116363280
0.0085721053
0.0067080599
0.0525380820
0.0375328325
0.0428272970
0.0482908823
0.0030433680
0.0229467973
0.0257508866
0.0080243787
0.0469721183
0.0284490082
0.0253485423
0.0156721380
0.7211435437
0.0087481048
0.0416128561
0.0466007255
0.0265757311
0.0701567233
0.0142888092
0.0470161512
0.0222276971
0.0047580623
0.0431216732
0.0088266181
0.0389736108
0.0142390579
0.0054009100
0.0346925631
0.0190591738
0.0034412006
0.0238181334
0.0043458240
0.0298183449
0.0156930145
0.0058223968
0.0129520595
0.0770984590
0.0039085727
0.0340356193
0.0147780459
0.0614179000
0.0209946949
0.0612556338
0.0331673697
0.0490024649
0.0164307635
0.0448721237
0.0581267513
0.0133967940
0.0165689960
0.0619843602
0.0471972339
0.0393921919
0.0313467160
0.0104985125
0.0359690823
0.0598042309
0.0038882701
0.0061773243
0.0131957605
0.0711748526
0.0504651703
0.0296498276
0.0424028412
0.0707870424
0.0040637571
0.0053063012
0.0127237877
0.0416487195
0.0594840460
0.0337845199
0.0287503228
0.0600560941
0.0171269681
0.0070809964
0.0078752227
0.0488486402
0.0395483114
0.0063723782
0.0161286034
0.0511153638
0.0624240376
0.0176947881
0.0688590035
0.0052281874
0.0307607967
0.0061040772
0.0594120622
0.0635163337
0.0172070041
0.0321178213
0.0063202116
0.0035339014
0.0481160656
0.0427399576
0.0317231230
0.0683896989
0.0204216801
0.0055337045
0.0079548070
0.0392052718
0.0210249051
0.0029917718
0.0508526191
0.0383182839
0.0074521811
0.0257459097
0.0537147596
0.0130944066
0.0798187181
0.0036248602
0.0457584672
0.0322886221
0.0326760374
0.0273043197
0.0185006782
0.0134401927
0.0415471084
0.0098724402
0.0550894067
0.0059563480
0.0033139146
0.0165334828
0.0231923368
0.0470138304
0.0231290795
0.0146278106
0.0706125498
0.0058269170
0.0115917102
0.0154679287
0.0649127513
0.0051816157
0.0033313129
0.0048006186
0.0050138282
0.0215478335
0.0162497088
0.0051629506
0.0664370731
0.0047039413
0.0047909855
0.0409228466
0.0226097312
0.0440637246
0.0614330620
0.6849761009
0.0046288297
0.0434099808
0.0071640555
0.0198328607
0.0338220149
0.0252942257
0.0208984576
0.0092308754
0.0129529899
0.0823621377
0.0614298433
0.0040937653
0.0054530352
0.0072306497
0.0463026315
0.0354197063
0.0426057205
0.0266718939
0.0601064898
0.0031953009
0.0456677713
0.0149244070
0.0083092190
0.0075485548
0.0725629851
0.0104078781
0.0661267862
0.0425108559
0.0057814172
0.0179646648
0.0061102207
0.0276545286
0.0527146086
0.0130348550
0.0472354330
0.0678042471
0.7232206464
0.0547084808
0.0069856113
0.0255871266
0.0285497420
0.0041484176
0.0148456618
0.0408099592
0.0220872518
0.0259718131
0.0378355831
0.0444315635
0.0590382107
0.0072214729
0.0042535672
0.0395802744
0.0119149312
0.0622369982
0.0035276134
0.0472252406
0.0079244422
0.0361828469
0.0084541934
0.0185654797
0.0310884975
0.0393617004
0.0216681324
0.0357935689
0.0443175435
0.0112609481
0.0223246105
0.0099589536
0.0046761022
0.9454759359
0.0614893883
0.0500518791
0.0317224413
0.0461892635
0.0112031410
0.0543429144
0.0284741614
0.0261419900
0.0163636357
0.0148702851
0.0786466077
0.0081283972
0.0241430849
0.0575521179
0.0381522737
0.0082463007
0.0355398767
0.0418112092
0.0237311851
0.0499468446
0.0077995579
0.0089336364
0.0592735521
0.0416119844
0.5723057389
0.0078639826
0.0361828469
0.0254174788
0.0214566775
0.0099333171
0.0046959692
0.0342906751
0.0103410669
0.0114814779
0.0403536446
0.0035079166
0.0591466948
0.0299758445
0.0663717389
0.0039703539
0.0243492648
0.0657048449
0.0730610937
0.0054689492
0.0383965671
0.0049531357
0.0046821753
0.0407005958
0.0101270340
0.0224595889
0.0122803682
0.0203225557
0.0132782487
0.0309435241
0.0059851254
0.0613700151
0.0082158418
0.0189439598
0.0204697177
0.0618079491
0.0182566904
0.0166325457
0.0087445043
0.0459119678
0.0417232290
0.0032528050
0.0175387375
0.0362906419
0.0100226840
0.0608128868
0.0531850345
0.0286419038
0.0482527874
0.0306897014
0.0326556824
0.0613625124
0.0079687806
0.0493929572
0.0559252575
0.0103560211
0.0040001809
0.0051642149
0.0690727159
0.0271750186
0.0254634619
0.0033529897
0.0032002623
0.0141307022
0.0032479605
0.0105368625
0.0369066633
0.0670165271
0.0073559661
0.0523746386
0.0217108969
0.0416934118
0.0396092422
0.0470557883
0.0381437503
0.0492418855
0.0619525015
0.0393190682
0.0487580113
0.0330327228
0.0107699661
0.0034031321
0.0403642729
0.0463799275
0.0139786340
0.0536847860
0.0168773271
0.0210699532
0.0073071388
0.0193187986
0.0102452552
0.0511418507
0.0068288124
0.0053994111
0.0039134519
0.0311214309
0.0517847277
0.1155020148
0.0565570667
0.0127815465
0.0116160624
0.0127075277
0.9410966635
0.0579609200
0.0047646733
0.0211102143
0.0082102297
0.0287116766
0.0035428384
0.0216972847
0.0036742832
0.2565549314
0.0683602989
0.0691624805
0.0148482891
0.0247381050
0.0080977976
0.0106155565
0.0395194814
0.0403826796
0.0438717119
0.0680308267
0.0173045583
0.0468535088
0.0730579123
0.0035728004
0.0070613124
0.0672498643
0.0136980470
0.0120966053
0.0617321841
0.0287827682
0.0029500998
0.0540316664
0.6070631742
0.0493181795
0.0369265415
0.0101113850
0.0336342901
0.7919259667
0.0361107998
0.0087716458
0.0371321402
0.0077282367
0.0404860713
0.0292532742
0.0557614081
0.0082884515
0.0269185845
0.0586150363
0.0035385147
0.0125060538
0.0278260168
0.0063882740
0.0173457824
0.0702153668
0.0064364835
0.0378953777
0.0054661208
0.0705070943
0.0255793221
0.0042579449
0.0102839777
0.0179140233
0.0271856803
0.0182744507
0.0100595774
0.0040131547
0.0330521464
0.0418025590
0.0053128847
0.0224121679
0.0106288884
0.0285103526
0.0150690526
0.0531103015
0.0153000206
0.0614754856
0.0032834518
0.0039353431
0.0213327501
0.0106182611
0.0482702963
0.0458706059
0.0556052960
0.0482515767
0.0455292091
0.0082981763
0.0494987071
0.0492144115
0.0332863182
0.0262218751
0.0590820499
0.0220495891
0.0444537513
0.0197180919
0.0457906313
0.0226044618
0.0248316415
0.0049849446
0.0401689820
0.0104968417
0.0172573663
0.0072872262
0.0090436963
0.0459003523
0.0324085429
0.0038218684
0.0406605452
0.0077241068
0.0261876248
0.0042356215
0.0528650060
0.0049269521
0.0038407785
0.0556747019
0.0302376635
0.0414353944
0.0029620246
0.0078028096
0.0029547627
0.0033196937
0.0445282049
0.0411548652
0.0181545168
0.0497369021
0.0438972078
0.0043891999
0.0340761803
0.0098261638
0.0108545804
0.0608993918
0.0032791474
0.0281067789
0.0142654534
0.0680421889
0.0038192542
0.0522156768
0.0385286286
0.0603154078
0.0259351414
0.0347448699
0.0259167608
0.0161662791
0.0198046919
0.0377252139
0.0203851052
0.0549338870
0.0313785262
0.0529453643
0.0497647263
0.0599299744
0.0079123154
0.0568695739
0.0181054063
0.0514361486
0.0498574339
0.0134391580
0.0101318154
0.0033452974
0.0138217686
0.0081541287
0.0446339436
0.0310139563
0.0715459585
0.0096373055
0.0410760827
0.0389109924
0.0592255816
0.0700288042
0.0114388140
0.0156583153
0.0125410771
0.0401509181
0.0105217146
0.0351190828
0.0072233281
0.0173679478
0.0100300238
0.0656470731
0.0132282311
0.0113770096
0.0199322160
0.0033784504
0.0411463156
0.0109192561
0.0370440446
0.0622402392
0.0144514367
0.0098352022
0.0057433737
0.0421668701
0.0339353383
0.0356189236
0.0693015233
0.0619555153
0.0346762724
0.0440221503
0.0237445850
0.0208940469
0.0230412837
0.0039258474
0.0112078832
0.0115937311
0.0041068979
0.0429026522
0.0197012555
0.0302496590
0.0069765123
0.0105693890
0.0236965436
0.0046393289
0.0294050742
0.0405857824
0.0566443726
0.0084807491
0.0663548261
0.0381960906
0.0199464094
0.0570935123
0.0105519965
0.0260706134
0.0346629322
0.0030770351
0.0414031148
0.0175564345
0.0698798448
0.0221041124
0.0424779356
0.0217121821
0.0246454068
0.0365373120
0.0460066982
0.0279477350
0.0038712698
0.0432713218
0.0513675623
0.0040975646
0.0184876882
0.0520943440
0.0652129054
0.0383735783
0.0046001663
0.0037670324
0.0446595177
0.0034339100
0.0377345160
0.0585654117
0.0080279615
0.0493963845
0.0286798067
0.0042352350
0.0039132275
0.0148339299
0.0136271557
0.0330155790
0.0307577904
0.0033393046
0.0098389117
0.0660199746
0.0616011918
0.0059114508
0.0081009716
0.0362206064
0.0470793210
0.0471185036
0.0112558817
0.0191711262
0.0600851886
0.0390152410
0.0603213459
0.0193243232
0.0306299832
0.0053105312
0.0314672180
0.0677829161
0.0605455376
0.0157889258
0.0236969776
0.0156241376
0.0041197771
0.0198085699
0.4629381299
0.0056993496
0.0591033623
0.0160838980
0.0118890628
0.0058389897
0.0385091305
0.0061546569
0.0127474433
0.0621923730
0.0110477852
0.0061471430
0.0656210408
0.0337483510
0.0614774078
0.0119886231
0.0424167439
0.0190416723
0.0349979401
0.0255983230
0.0171179492
0.0262203235
0.0446242429
0.0267376695
0.0058126715
0.0139627466
0.0214759484
0.0372630432
0.0380139202
0.0034558217
0.0576209649
0.0046144640
0.0168922897
0.0625216588
0.0555415191
0.0078261709
0.0341944620
0.7125508189
0.0649946257
0.0174147524
0.0296977479
0.0028780997
0.0037084012
0.6647403240
0.0504341796
0.0056190365
0.0601503141
0.0235629696
0.0075886156
0.0143507691
0.0436674319
0.0272197351
0.0153334094
0.0603261329
0.0448435843
0.0630461276
0.0205154568
0.0530567132
0.0469779074
0.0040642899
0.0083853379
0.0049871546
0.0051641702
0.0032149537
0.0362608396
0.0636806563
0.0398858599
0.0196630321
0.5151448250
0.0146111008
0.0201995671
0.0296985880
0.0047539463
0.0128352186
0.8415753245
0.0294772405
0.0178425964
0.0121796988
0.0175397284
0.0484010614
0.0098575801
0.0096486285
0.0578723922
0.0280812625
0.0347892232
0.0674113557
0.0201097503
0.0335764736
0.0512453206
0.0049404544
0.0096784886
0.0622985773
0.0240863077
0.0266240444
0.0654052719
0.0391509756
0.0330270939
0.0222165994
0.0081031863
0.0107338745
0.0638267919
0.0125904148
0.7543118596
0.0326843932
0.0033341467
0.0300853383
0.0465059541
0.0652221814
0.0141006168
0.0167505462
0.0038691862
0.0715235546
0.0531023666
0.0059311013
0.0034041463
0.0937296972
0.6734002233
0.0194531325
0.0197370406
0.0419178344
0.0162406899
0.0321778655
0.0721257553
0.0147847235
0.0242742244
0.0440906584
0.0419485979
0.0115890810
0.0593635552
0.0056392150
0.0611698516
0.0338786766
0.0078932447
0.0144320903
0.0142879728
0.0098377075
0.0523626991
0.0159767456
0.0455893353
0.0282639023
0.0562146157
0.0161762331
0.0097494274
0.0375202075
0.0579019338
0.0202981830
0.0382963009
0.0153381759
0.0194318388
0.0033408355
0.0043154834
0.0480904542
0.0526058003
0.0330406986
0.0471181758
0.0348249376
0.0069802734
0.0389439240
0.0113416649
0.0605420582
0.0029891559
0.0413069464
0.0381186008
0.0634636059
0.0086570876
0.0058331126
0.0083130309
0.0083814515
0.0669404939
0.0283503011
0.0049848813
0.0674285740
0.0482976139
0.0268163811
0.0615308844
0.0065884716
0.0302028731
0.0100359153
0.0647615641
0.0361468755
0.0033324426
0.0289779678
0.0494226217
0.1323317736
0.0240525119
0.0553806126
0.0129688904
0.0486035459
0.0047831978
0.0230517648
0.0331994183
0.0328804813
0.0029367188
0.0095290923
0.0213452075
0.0078424411
0.0634374842
0.0303208120
0.0218565762
0.0120468587
0.0035389711
0.0081159165
0.9478033185
0.0143984770
0.0495456979
0.0210002679
0.7315359712
0.0542983636
0.0164967459
0.0615095124
0.0554377735
0.0031684006
0.0034130926
0.0550977439
0.0169759057
0.0503959171
0.0468711369
0.0102962554
0.0300920289
0.0180144869
0.0407454744
0.0086480491
0.0038883989
0.0564992204
0.0530899093
0.0153584518
0.0037793906
0.0107887629
0.7707603574
0.0157525111
0.0370337814
0.0236476101
0.0419072397
0.0526667349
0.0354086719
0.0269173551
0.0154989986
0.0141943023
0.0087627955
0.0133730648
0.0115428977
0.0541387163
0.0108811688
0.0107833138
0.0140834944
0.0514848605
0.0203781892
0.0626523793
0.0311308242
0.0076198629
0.0661165267
0.0278532933
0.0707737133
0.0143982945
0.0071856808
0.0559656657
0.0156349540
0.0210489687
0.0687049478
0.0062478813
0.0355923660
0.0142508568
0.0322172083
0.0072040805
0.0055764122
0.0037705421
0.0107240090
0.0490516461
0.0402025431
0.0305532608
0.0097761136
0.0261811428
0.0302169938
0.0028458266
0.0174472500
0.0056556668
0.0268080216
0.0635254160
0.0370817408
0.0129775004
0.0144765833
0.0725708902
0.0113638937
0.0054321154
0.0438648462
0.0371916331
0.0059598675
0.0716105551
0.0211237967
0.0185966920
0.0186651591
0.0033770117
0.0105322152
0.0401981771
0.0245318860
0.0037828076
0.0138403187
0.0671712458
0.0212798435
0.0183906965
0.0044188215
0.0044549201
0.0324136615
0.0278757084
0.0165206902
0.8219888806
0.0347590223
0.0148549769
0.0114665292
0.4959159791
0.0589168109
0.0135934297
0.0225236397
0.0095694643
0.0156460516
0.0247625206
0.0139176082
0.0131039731
0.0188657343
0.0527322963
0.0208467562
0.0723218098
0.0207401812
0.0722212046
0.0428995602
0.0439224653
0.0259965658
0.0059049712
0.8006225824
0.0293274410
0.0643033087
0.1050616279
0.0153027037
0.0086277053
0.0069726566
0.0040901476
0.0155910524
0.0044923788
0.0413042158
0.0328909047
0.0478773043
0.0437414460
0.0302630588
0.0125913629
0.0398245119
0.0104092276
0.0274207760
0.0529210009
0.0114551140
0.0057380996
0.0280782729
0.0184932984
0.0318531618
0.0217468794
0.0647618771
0.0197410416
0.0681960285
0.0632339492
0.0177604090
0.7042791247
0.0640597120
0.0663173944
0.8264216781
0.0474683680
0.0462053008
0.0657379776
0.0317992307
0.0235116538
0.0446868986
0.0421138518
0.0080608316
0.0669286102
0.0207152087
0.0384561643
0.0391987227
0.0759093165
0.0357071124
0.0519409068
0.0183096062
0.0288395323
0.0280978400
0.0760850534
0.0435314998
0.0051682997
0.0333219431
0.0517961718
0.8478905559
0.0568421632
0.0249435939
0.0064190789
0.0217823572
0.0247752555
0.0043238155
0.0071424162
0.0157101676
0.0530628599
0.0039304737
0.0268930029
0.0093311770
0.0121586826
0.0099440645
0.0035508762
0.0177250411
0.0133593958
0.0032029138
0.0566557087
0.0578166768
0.0095879706
0.0053996015
0.0638583526
0.0275603235
0.0346627682
0.0045430558
0.0683371797
0.0168573223
0.0051872414
0.0250183996
0.0043738433
0.0499094836
0.0139553668
0.0029296861
0.0131055014
0.0029485589
0.0060189781
0.0483088605
0.0680557787
0.0488551371
0.0098416992
0.0050225644
0.0235228166
0.0031440575
0.0036388254
0.0352110974
0.0443318971
0.0721894428
0.0070213964
0.0359429382
0.0058525372
0.0038075026
0.0150645152
0.0576545335
0.0301201418
0.0256888978
0.0100886663
0.0417241380
0.0100487284
0.0294399634
0.0091176312
0.0029157512
0.0598189346
0.0035634967
0.0114298128
0.0269183815
0.0175402593
0.0241039153
0.0574754104
0.0184610710
0.0598861612
0.0380395167
0.0094489977
0.0038067924
0.0256651379
0.0043081520
0.0122641372
0.0215769801
0.0036232986
0.0312925205
0.0449990965
0.0053801895
0.0370820612
0.0424899906
0.0691665336
0.0531829670
0.0296310093
0.0056687505
0.0479602218
0.0553235300
0.0111207021
0.0236035865
0.0056015891
0.0085794814
0.0062228413
0.0146789365
0.0243328176
0.0148454355
0.0173371807
0.0041116145
0.0063863462
0.0600349307
0.0275656171
0.0106770536
0.0328298509
0.0192866568
0.0349454805
0.0633267015
0.0121434797
0.0079130428
0.0722001940
0.0490442179
0.0039717238
0.1034812555
0.0594370924
0.0605378598
0.0068328856
0.0033616764
0.0646421388
0.0301453825
0.0036181647
0.0440687798
0.0302573554
0.0153443776
0.0046636364
0.0193171632
0.0266748872
0.0131397368
0.0101148812
0.0032703497
0.0492360257
0.0099931462
0.6582866907
0.0052609034
0.0572460927
0.0236499608
0.0041664825
0.0066293017
0.0261277799
0.0152134337
0.0549765825
0.0098057631
0.0426672809
0.0396013223
0.0407214426
0.0070149228
0.0032128314
0.0559135638
0.0621393621
0.0200659744
0.0318829417
0.0097902082
0.0141378464
0.0130281011
0.0496418215
0.0477602333
0.0694641098
0.0210366715
0.0340730026
0.0044137519
0.0660096556
0.0031877970
0.0041503850
0.0501664951
0.0030805964
0.1128640622
0.0062269224
0.0304346643
0.8989899158
0.0034696274
0.0063880370
0.0542797893
0.0561463572
0.0049908720
0.0231258012
0.0112480288
0.0522565916
0.0130504072
0.0289314967
0.0049378211
0.0074781775
0.0661421418
0.0094732279
0.0114141526
0.0494767688
0.0499572195
0.0191044435
0.0104651414
0.0221619643
0.0030776176
0.0180641562
0.0230871383
0.0291780774
0.0063659563
0.0053178086
0.0255677681
0.0139483698
0.0153348139
0.0583992153
0.0112974280
0.0079672867
0.0229001343
0.7758467793
0.0467287488
0.0219276696
0.0041226922
0.0152223259
0.0619877316
0.0081995316
0.0548517443
0.0069750268
0.0105052497
0.0052712262
0.0078769550
0.0247958191
0.0249423739
0.0151013453
0.0034467459
0.0371543430
0.0033616065
0.0290320721
0.0038389573
0.0068156505
0.0601491183
0.0543043278
0.0224540811
0.0494134128
0.0314582475
0.0056263343
0.0225450359
0.0700007379
0.0033636014
0.0204530042
0.0159160458
0.0398272946
0.0286129117
0.0106411735
0.0254574828
0.0090912506
0.0075549171
0.0083097704
0.0606652424
0.0036596276
0.0055127842
0.0094612800
0.0694712475
0.0427156724
0.0070899217
0.0720561892
0.0142197674
0.0265021473
0.0057726549
0.0172685161
0.0536977947
0.4833997190
0.0344267339
0.1182476655
0.0510134287
0.0378855802
0.0090487171
0.0724044517
0.2499628365
0.0378372371
0.0061483462
0.7852108479
0.0647686720
0.0055528576
0.0537189357
0.0317279957
0.0171489213
0.0125746895
0.0482652895
0.0174694024
0.0613281429
0.0583716184
0.0082611926
0.0322880968
0.0200187452
0.0283116549
0.0435392857
0.0036912435
0.0177517179
0.0482353345
0.0611538365
0.0574933924
0.0345252827
0.0669859201
0.0031014767
0.0041691312
0.0292375777
0.0146559253
0.0049967151
0.0081352061
0.0917394161
0.0152079919
0.0072373343
0.0177183375
0.0173573177
0.0464702174
0.0392641574
0.0511739217
0.0401664004
0.0090305367
0.0499749519
0.0330788977
0.0098645138
0.0032764114
0.0445598997
0.0049265395
0.0459717698
0.0074842372
0.0096940575
0.0710436180
0.0410574786
0.0503470898
0.0724463314
0.0185327400
0.0377525464
0.0113022840
0.0259318817
0.0159057919
0.0136546064
0.0066379197
0.0362985134
0.0040525058
0.0584613830
0.0643055215
0.0684584305
0.0300265290
0.0074951709
0.0316275619
0.0078078583
0.0287404507
0.8723664880
0.0348664969
0.0520834289
0.0351581722
0.0213744584
0.0669898838
0.0140021499
0.0074845152
0.0046506128
0.0709770098
0.0043439502
0.0206326786
0.8503319621
0.0328311436
0.0704980642
0.0374447219
0.0468675569
0.0131746717
0.0030236442
0.0032706617
0.0515761822
0.0517151579
0.0713585913
0.0528833643
0.0092569757
0.0560170263
0.0064315982
0.0030057675
0.0043472778
0.0712183639
0.0691779405
0.0438888557
0.0317898467
0.0048315702
0.0086026778
0.0053354101
0.0480884798
0.0252435785
0.0581272393
0.0033800905
0.0159684997
0.0461395532
0.0300320052
0.0089434767
0.0048083090
0.0061171828
0.0230755713
0.0454562791
0.0572080873
0.0079032062
0.0242813770
0.0557239503
0.0202201176
0.0391903743
0.0151112638
0.0721771643
0.0124901151
0.0233015697
0.0266771112
0.0521784350
0.0199356284
0.0358121432
0.0574965477
0.0063934503
0.0464736819
0.0099289436
0.0302329101
0.0248525292
0.0298881512
0.0047880458
0.0331775211
0.0300598778
0.0441640839
0.0259121116
0.0138091948
0.0213768259
0.0033079155
0.0095522180
0.0298972279
0.0394157209
0.0107669970
0.0054240301
0.0112105804
0.0349225439
0.0103577822
0.1588858515
0.0495996661
0.0030213441
0.0267926883
0.0117949191
0.0308792088
0.0336535051
0.0604512282
0.0120524596
0.0612351708
0.0372952744
0.0418280400
0.0131926155
0.0413256772
0.0202330370
0.0374159999
0.0118428040
0.0061827539
0.0763977021
0.0137986941
0.0059422641
0.0081422599
0.0345442928
0.0427494608
0.0182722490
0.0219763499
0.0033876668
0.0136629781
0.0057338444
0.0328671671
0.0120340083
0.0032420994
0.0356059708
0.0039601927
0.1489256173
0.0407700576
0.0094429301
0.0074715489
0.0038942997
0.0078120995
0.0193688441
0.0120231183
0.0496669114
0.0250819139
0.0051990678
0.0177292768
0.0067431238
0.0033142725
0.0324911363
0.0075437599
0.0042331181
0.0202815160
0.0431105830
0.0513337366
0.0405610316
0.0525662377
0.0056234477
0.0088003622
0.0250145923
0.0352032520
0.0672229677
0.0238994844
0.0126335910
0.0031021531
0.0041727941
0.0265271999
0.0319662988
0.0451029800
0.0480733924
0.0646656603
0.0141916582
0.0427282453
0.0089423461
0.0107229287
0.0235877819
0.0309335627
0.0146399569
0.0043604760
0.0092581669
0.0055448930
0.0273099020
0.0497994870
0.0120655047
0.0044788294
0.0595543347
0.0251498055
0.0576216020
0.0538324602
0.0211969744
0.0171186123
0.0220165234
0.0515778288
0.0283197723
0.0158478096
0.0071159066
0.0444284566
0.0178943686
0.0409975722
0.0064145830
0.0210575461
0.0164712537
0.0042207763
0.0634007007
0.0167744961
0.0728916451
0.0500263385
0.0047758520
0.0708969906
0.0036306209
0.0268475171
0.0516510904
0.0277453829
0.0535710715
0.0152097074
0.0119250976
0.0347234234
0.0683681965
0.0284081362
0.0050056395
0.0352653079
0.0651394278
0.8518834710
0.0127452482
0.0462497249
0.8217974305
0.0319162309
0.0476316921
0.0589543842
0.0181888398
0.0071678190
0.0047711576
0.0237549972
0.0037792835
0.0128236618
0.0038269460
0.0361509882
0.0096262312
0.0628449917
0.0036866833
0.0273505468
0.0266664084
0.8184530735
0.0063444837
0.0254381057
0.0597420111
0.0292569008
0.0189693235
0.0311172325
0.0574532002
0.0250557736
0.0314549506
0.0260041412
0.0125990007
0.0418415703
0.0389980003
0.0233597923
0.0203892570
0.0070393481
0.6665077209
0.0284520034
0.0218285844
0.0063527636
0.0319397002
0.0462626442
0.0049803359
0.0148405284
0.0036215889
0.0174315460
0.0046012462
0.0410732739
0.0029686531
0.1296878606
0.0598044097
0.0730509609
0.0622886159
0.8404588103
0.0068274038
0.0571398325
0.0336672589
0.0460927337
0.0048742411
0.0027178165
0.0147605995
0.0062224241
0.0709334761
0.0059334659
0.0500562377
0.0690257177
0.0054934109
0.7389873266
0.0078979284
0.0540939644
0.0296850167
0.0673867390
0.0639991090
0.0142160831
0.0100886319
0.0055493908
0.0723466948
0.0233285967
0.0095473547
0.0061000879
0.0070440634
0.0585106835
0.0603133366
0.0208568573
0.0191469677
0.0158178136
0.0476550944
0.0136042535
0.0188688729
0.0634635314
0.0504625067
0.0703626797
0.0097090667
0.0073107006
0.0044372636
0.0464183651
0.0171256643
0.0123589709
0.0112320771
0.0236081649
0.5014508367
0.0034767399
0.0094154384
0.0081650270
0.0084788213
0.0032140948
0.0609699488
0.0106623163
0.0108379219
0.0663303137
0.0483869873
0.6517835259
0.0690143034
0.9391826987
0.7943698168
0.0136081371
0.0029771817
0.0034570859
0.0178330634
0.0150747923
0.0160232764
0.0038970872
0.0240415875
0.0346721336
0.0372047722
0.0248312727
0.0081595741
0.0045942753
0.0694248900
0.0221329071
0.0452708527
0.0030498488
0.0126296682
0.0086588999
0.0319811925
0.0141024468
0.0327921957
0.0289846249
0.0683583841
0.0513466001
0.0504347272
0.0058141728
0.0349494889
0.0477766842
0.0099600749
0.0039669932
0.0061591603
0.0163138974
0.0496095717
0.0103545142
0.0037351521
0.0332828164
0.0208030213
0.0054373853
0.0583219118
0.0633397102
0.0291833933
0.0357441492
0.0114081008
0.0058986717
0.0612755716
0.0637777373
0.0662252158
0.0147149311
0.0440824367
0.0594089739
0.0674751326
0.0371475965
0.0090182833
0.0636437461
0.0499889180
0.0308160633
0.0058064074
0.0721308142
0.0052236137
0.0273895971
0.0032499209
0.0633470193
0.0347310044
0.0219787788
0.0344259702
0.0454369374
0.0545412339
0.0517081395
0.0096900724
0.0052655088
0.0607960038
0.0055212248
0.0165527258
0.0073599657
0.0498120151
0.0061566099
0.0228444226
0.0114285592
0.0482410975
0.4633705616
0.0298018716
0.0536925755
0.0047996747
0.0356405564
0.0661433265
0.0208849628
0.0205345061
0.0288946815
0.0573045872
0.0074735209
0.0658293515
0.0513364263
0.0579437800
0.0628274456
0.0112434253
0.0129536511
0.0517452285
0.0529332235
0.0040571368
0.0209379699
0.0378281511
0.0160531439
0.0625748932
0.0710620061
0.0370623283
0.0565656722
0.0842290372
0.0370815732
0.0049776570
0.0626796558
0.0269497037
0.0384017155
0.0084831463
0.0519713201
0.0568524487
0.0651053265
0.0098264124
0.0147149526
0.0285362620
0.0310738608
0.0209847856
0.0047987285
0.0491012260
0.0154724251
0.0261341594
0.0596462823
0.0252657495
0.0189144444
0.0051377253
0.0123026296
0.0710250139
0.0066563315
0.0522993132
0.0086696139
0.1834265441
0.0230633672
0.0205960050
0.0086026285
0.0114606880
0.0334174372
0.0690334067
0.0393431261
0.0289396439
0.0700642839
0.0209404044
0.0397035629
0.0315469578
0.0281435885
0.0381078571
0.0410906374
0.0245057866
0.0195399579
0.0430599302
0.0566319749
0.0689179450
0.0203048270
0.0344463699
0.0624993220
0.0723104626
0.0230363086
0.0182855316
0.0070145535
0.9264207482
0.0172957238
0.0641545728
0.0381423533
0.0076814769
0.0256910510
0.0580113791
0.0495031625
0.0124691632
0.0043323138
0.0039017794
0.0036889710
0.0688865259
0.0054581519
0.0317603834
0.0627553612
0.0251413211
0.0139497397
0.0069235689
0.0437414050
0.0099569857
0.0056943838
0.0140672866
0.0069742715
0.0404379256
0.0418173857
0.0036399884
0.0144154588
0.0589631684
0.0138948625
0.0080372263
0.0066841780
0.7918639779
0.0416760966
0.0589917712
0.6952093840
0.0130303865
0.7486042380
0.0096312277
0.0374913365
0.0128563661
0.7847614884
0.0052422476
0.0243628882
0.0049749548
0.0047191167
0.0230322722
0.0153547041
0.0073492918
0.0479578152
0.0102133546
0.0161724295
0.0239623580
0.0313146524
0.0114595965
0.0614040829
0.0218520109
0.0131264562
0.0137706473
0.0035853675
0.0516689457
0.0622372627
0.0110309962
0.0596247874
0.7035255432
0.0035345720
0.0459544063
0.0540657677
0.0051756934
0.0533272661
0.0097161969
0.0246368926
0.0035201882
0.0033721516
0.0115759987
0.0688541234
0.0036422417
0.0159977730
0.0070168902
0.0414574072
0.0121320607
0.0292248633
0.0527346320
0.0111331632
0.0072226766
0.0212006867
0.0083397776
0.0244626179
0.0143221552
0.0343350172
0.0050097946
0.0037525054
0.0468716361
0.0324174017
0.0041596722
0.0038736819
0.0279635508
0.0695428997
0.0056557758
0.0075351261
0.0436064936
0.0322036892
0.0368784294
0.1042672545
0.0361873619
0.0167173613
0.0224668756
0.9581124187
0.0098925130
0.0448568389
0.0252179969
0.0120506622
0.0058739786
0.7460552454
0.0120696137
0.0715303719
0.5692712665
0.0590380132
0.0271913894
0.0053579612
0.7177501917
0.0492319614
0.1161183640
0.0461444221
0.0174175408
0.0384553820
0.0506186262
0.0388179347
0.0351382494
0.0259628054
0.0072532282
0.0094109951
0.0133349514
0.0664911643
0.0138590932
0.0148317004
0.0375716984
0.0052930196
0.0124618765
0.0075091482
0.0487465411
0.0052569103
0.0394117311
0.0110287536
0.0383914933
0.0044524069
0.0636549219
0.0080276132
0.0352969766
0.0147078298
0.0242009945
0.0041103982
0.0194497164
0.0038771657
0.0145404190
0.0145524163
0.0053012273
0.0632783473
0.0153640416
0.0305999573
0.0343273133
0.0288238544
0.0091494685
0.0499078669
0.0148752471
0.0100951344
0.7905063033
0.0116571607
0.0711981505
0.0515358672
0.4841610789
0.0102577368
0.0554374903
0.0176333096
0.0816488415
0.0279517472
0.0151641127
0.0466836058
0.0495135374
0.0112964911
0.0492870733
0.0367491357
0.0200674683
0.0330815837
0.0043949117
0.0139526641
0.0114566879
0.0242287517
0.0148236537
0.0084103132
0.0383148193
0.0686039999
0.1095256805
0.0300520230
0.0309005156
0.0632811710
0.0287873875
0.0433790907
0.0404038019
0.0140617080
0.0324178971
0.0037961092
0.0299486239
0.0044309511
0.0208331477
0.0274125505
0.0311365314
0.0201798808
0.0319483653
0.0706426650
0.0056316955
0.0385381691
0.0463436656
0.8162710667
0.0042668697
0.0507202446
0.0154952826
0.0672445521
0.0058211475
0.0295230355
0.0072967014
0.0183237474
0.7903461456
0.0629041567
0.0307179298
0.0029401167
0.0532116666
0.0130481785
0.0135270478
0.0052986383
0.0298960395
0.0549835153
0.0250536390
0.0032477102
0.0718600303
0.0263807699
0.0036223661
0.0337226018
0.0194258709
0.0423908085
0.0206841063
0.0317010619
0.0252186544
0.0069967336
0.0059413826
0.0042294404
0.0407007821
0.0470483080
0.0029629667
0.0230251476
0.0084434766
0.0505381450
0.0610465668
0.0674870238
0.0093414346
0.0035891060
0.0571501069
0.0358415656
0.0304163340
0.0397891775
0.0501472540
0.0222884063
0.0463932455
0.0134721724
0.0274811070
0.0054766769
0.0355734639
0.0158376787
0.0199510194
0.0093621379
0.0162332654
0.0446188301
0.0172691327
0.0463161953
0.0234701335
0.0145903090
0.0545486473
0.0429469161
0.0681775212
0.0689836219
0.0359291174
0.0192543827
0.0366806760
0.0033573788
0.0075710560
0.0617601126
0.0151114604
0.0441787504
0.0112435333
0.0060792323
0.0205048937
0.0657981783
0.0280594118
0.0030200747
0.0627142712
0.0114322770
0.0729913190
0.0104133608
0.0591128804
0.0148007600
0.0581633672
0.0066758925
0.0123405084
0.0421877094
0.0483651161
0.0150170894
0.0432600304
0.0505982451
0.0305072479
0.0045863022
0.0060360995
0.0056182756
0.0646457672
0.0129796453
0.0477519855
0.0389327407
0.0326302126
0.0488847159
0.0158619378
0.0103845634
0.0240314137
0.0209292639
0.0051033832
0.0050240983
0.0692159906
0.0193410963
0.0272045713
0.0040350636
0.0174174700
0.0196153969
0.0660298392
0.0208674036
0.0094969301
0.0341765508
0.0618211366
0.0059606084
0.0158322100
0.0228299238
0.0173509028
0.0519007482
0.0385038368
0.0365805328
0.0041983379
0.0127833243
0.0202029757
0.0075242431
0.0037874524
0.0631266460
0.0039620264
0.0487282909
0.0167432483
0.0163521934
0.0629593879
0.0450382531
0.0725351274
0.0177621171
0.0041335765
0.0297353528
0.0617567338
0.0504903011
0.0261600018
0.8325516582
0.0301317181
0.0448345765
0.0064753764
0.0030654066
0.0119661139
0.0215600673
0.0138852559
0.0124255195
0.0091607440
0.0123952748
0.0445322208
0.0101889605
0.0238909665
0.0683084652
0.0266119521
0.0061556878
0.0198947042
0.0255189892
0.0056824251
0.0255007353
0.0206078161
0.0709377155
0.0437475964
0.0127226738
0.0075434404
0.0526648499
0.0093363393
0.0418454297
0.0114241336
0.0341180712
0.0518638603
0.0398372486
0.0169014744
0.0726198554
0.0555206649
0.0572966635
0.0048514665
0.0714095980
0.0153467739
0.0268091150
0.0943025872
0.0689386874
0.0536829457
0.0384528339
0.0044171847
0.0279064979
0.0118035488
0.0369223319
0.0266498122
0.0337444916
0.0323155373
0.0113412049
0.0630955026
0.0047037071
0.0097513180
0.0456392728
0.0053016539
0.0616789460
0.0585665889
0.0500999205
0.0080012456
0.0392940752
0.0207974575
0.1723190546
0.0724913552
0.0544444285
0.6750245690
0.0435055047
0.0426865220
0.0277020708
0.0317181572
0.0110438224
0.0226205848
0.0517048687
0.0631830096
0.0177191906
0.0645671636
0.0310569480
0.0029895767
0.0058884011
0.0050739297
0.0302469991
0.0571704991
0.0061813118
0.0551487245
0.0638396963
0.0511627682
0.0154023133
0.0105607994
0.0293192789
0.0117717376
0.0032388614
0.0173257440
0.0394873321
0.0558613464
0.0037669267
0.0073150792
0.0552545190
0.0194303244
0.0479627550
0.0256546773
0.0155127030
0.0069300104
0.0694922730
0.0105471015
0.0063914009
0.0255260747
0.0210693981
0.0089913560
0.0056584445
0.0481044799
0.0645975098
0.0054421229
0.0291918237
0.0561909080
0.0595066361
0.0088860877
0.0402900241
0.8110395670
0.0346846767
0.0041245976
0.0283819344
0.0480737053
0.0343637802
0.0239708759
0.0126387393
0.0044672522
0.0143501135
0.0640914738
0.0494480059
0.8460851312
0.0324117579
0.0031838042
0.0132118184
0.0032701960
0.0606578030
0.0257639866
0.0047480376
0.0042855986
0.0172154792
0.0388900675
0.0199553110
0.0395401381
0.0135995792
0.0035811223
0.0080100428
0.0568740107
0.0076242504
0.0132231936
0.0701087341
0.0141071090
0.0204642583
0.0545315631
0.0047606779
0.0182416290
0.0097117098
0.0147543959
0.0052393121
0.0463679843
0.0356983542
0.0140395910
0.0168029703
0.0259036440
0.0109561328
0.0056354310
0.1397550106
0.0557546392
0.0195762888
0.0032880730
0.0143021503
0.0179128367
0.0177436452
0.0481107980
0.0270136762
0.0227763746
0.0278217960
0.0051580812
0.0583266765
0.0425453149
0.0630241111
0.0350699835
0.0238142442
0.0028392170
0.0415954776
0.0175061058
0.0422766507
0.0317251161
0.0332251489
0.0485862605
0.0444029607
0.0219232403
0.0627609119
0.0210374184
0.0160297137
0.0102797803
0.0187301412
0.0170948040
0.0141487299
0.0059518493
0.0118769109
0.0162263718
0.0035194047
0.0094268257
0.0678164884
0.0693669096
0.0212166384
0.0360602289
0.0125027560
0.0063237604
0.0056354557
0.0426334888
0.0044628452
0.0104806861
0.0073982258
0.0348100439
0.0031727373
0.0085866218
0.0032093192
0.0051929369
0.0120690688
0.0236742347
0.0315426774
0.0207976103
0.1298362166
0.0551449396
0.0035613591
0.0678489804
0.0056223110
0.0565426536
0.0633491352
0.0090533495
0.0302629862
0.0170290079
0.0583592728
0.0139960144
0.0526259802
0.0448644757
0.0332899354
0.0562857352
0.0040515312
0.0389280654
0.0314734131
0.0304648578
0.0033148755
0.0401756763
0.0114119928
0.0586369187
0.0161385871
0.0188478604
0.0165188015
0.0045526619
0.0072102104
0.0345092118
0.8435930014
0.0047005066
0.0051020239
0.0096392184
0.0338871554
0.0361744761
0.0501834676
0.0313439369
0.0530429371
0.0050432668
0.0050768610
0.0664103106
0.0125774220
0.0451919213
0.7792127132
0.0263575986
0.0227327682
0.0053353636
0.0397699848
0.0036331492
0.0502911620
0.0122065945
0.0036591180
0.0219637156
0.0188723654
0.0029275387
0.0415942520
0.0309863444
0.0363548473
0.0118433051
0.0065442338
0.0509015620
0.0210268144
0.0432067178
0.0457579382
0.0155255422
0.0268714391
0.0384595580
0.0134689929
0.0695744008
0.0592783540
0.0562750474
0.0728570893
0.0069900709
0.0395508222
0.0614456460
0.0425480157
0.0050558392
0.6927329302
0.0393181145
0.0524010397
0.0066715651
0.0599597879
0.0044348477
0.0290509239
0.0439482145
0.0345072113
0.0644991845
0.0343571007
0.0103557175
0.0135452943
0.0232289527
0.0472078286
0.0052751070
0.0544006936
0.0101178046
0.0608282201
0.0197193585
0.0033328007
0.0366242155
0.0080847191
0.0704011768
0.0030776893
0.0306960512
0.0211205520
0.0357314199
0.6656705141
0.0085621523
0.0271358937
0.0172999054
0.0066828458
0.0714495629
0.0165648665
0.0156090930
0.0096589224
0.0527927093
0.0148569234
0.0062252278
0.0042246454
0.0642186999
0.0371801220
0.0551802702
0.0203441642
0.0395936966
0.0152254179
0.0058087194
0.0037200693
0.0281106234
0.0130909877
0.0083321184
0.0083105331
0.6292328835
0.0192936007
0.0680754632
0.0085550817
0.0693059415
0.0677703619
0.0099734031
0.0063790409
0.0182777401
0.0452477187
0.0359151177
0.0406964086
0.0350735337
0.0509072281
0.0038500053
0.0132982479
0.0258930810
0.0093484307
0.0426953435
0.0215892363
0.0433409847
0.0138297360
0.0243336279
0.0552649200
0.0110403365
0.0389815532
0.0305051189
0.0196316559
0.0705065429
0.0061378195
0.0156264249
0.0176404621
0.0078219362
0.0077790935
0.0440834872
0.0337635614
0.0136291990
0.0244211499
0.0247855838
0.0135737928
0.0399411805
0.0136052268
0.0165631343
0.0086978488
0.0126497969
0.8542126417
0.0030321698
0.0139828501
0.0093080876
0.0035590772
0.0337942280
0.0078212973
0.0496422201
0.0501959361
0.0509277210
0.0080464054
0.0554604754
0.0259412434
0.0071424898
0.0184710789
0.0037251918
0.0473648980
0.0113961473
0.0325042792
0.0132057760
0.0564301051
0.0526708476
0.0519248769
0.0253143851
0.0056783240
0.0120174820
0.0638843253
0.0078941053
0.0295123123
0.0043946099
0.0042734495
0.0396548845
0.0178004373
0.0619386844
0.0356104970
0.0300571043
0.0464341342
0.0206956584
0.0308409035
0.0194859821
0.0658010989
0.0234076269
0.0311956145
0.0355770141
0.0471209697
0.0329721421
0.0317163281
0.0188257992
0.0125556635
0.0259957537
0.0078517450
0.0060963216
0.0397698246
0.0045233732
0.0365446135
0.0058218753
0.0074232277
0.0080661792
0.0132835526
0.0360513590
0.0156013127
0.0318360142
0.0074123424
0.0280975644
0.0408223346
0.0039693918
0.0398275144
0.0175911523
0.0080456370
0.0145893078
0.0192725416
0.0089161191
0.0533663668
0.0259271152
0.0257863104
0.0494749807
0.0057113781
0.0121220490
0.0450544916
0.0484822579
0.0034802817
0.0248374138
0.0112088826
0.0085502733
0.0258325990
0.0415439941
0.0155486958
0.0250875019
0.0179900005
0.0116744349
0.0388983153
0.0274357218
0.0400038920
0.0413125381
0.0645271167
0.0068112006
0.0229974147
0.0526585020
0.0073154317
0.0567232892
0.0515851788
0.0100728562
0.0156227574
0.0333981402
0.0068990956
0.7795804739
0.0544369221
0.0434406996
0.0307905283
0.0727294311
0.0279406402
0.0397510044
0.0277401973
0.0356008448
0.0266154353
0.0370285287
0.0211379360
0.0510412008
0.0381759964
0.0235044342
0.0564625524
0.0211338699
0.0269443132
0.0595957413
0.0035818669
0.0035361070
0.0514780954
0.0653350651
0.0372424349
0.0239302423
0.0682752207
0.0242741983
0.0160099827
0.0090565560
0.0081220791
0.0068438225
0.0573159568
0.0294554438
0.0064549414
0.0120509192
0.0180063527
0.0727069005
0.0061792796
0.0205311198
0.0390137732
0.0179729164
0.0167630706
0.0347501375
0.0356977619
0.0039883512
0.0657637939
0.0124850962
0.0224194005
0.0085697602
0.0479334109
0.0173669625
0.0451750457
0.0615585707
0.0264287330
0.0068483814
0.0576907359
0.0402637273
0.0579236560
0.0216463245
0.0693936273
0.0088017769
0.0141238198
0.0095901694
0.0040327343
0.0170649905
0.0680449158
0.0563028976
0.0319353007
0.0236949418
0.0028891922
0.0236570947
0.0160101540
0.0286203660
0.0506531522
0.0298129693
0.0218046345
0.0088600079
0.0046001771
0.0540344194
0.0342492647
0.0033930335
0.0284104366
0.0133307930
0.0036375625
0.0586043186
0.0075675184
0.0076142512
0.0069931629
0.0031490768
0.0227934550
0.0296752825
0.0581505112
0.0497740470
0.0241176076
0.0290889330
0.0039269044
0.0315970927
0.0264123585
0.0352956392
0.0061851949
0.0068206443
0.0034019565
0.8665450811
0.0720586926
0.0061737043
0.0469860286
0.0030667549
0.0302650332
0.0242504142
0.0367437378
0.0065533025
0.0456161015
0.0266171172
0.0124775534
0.0564568788
0.0059311264
0.0225559808
0.0395198651
0.0677659437
0.0049740220
0.0180446301
0.0572937317
0.0059889965
0.0124501837
0.0728622079
0.0140851559
0.0481913686
0.0413580500
0.0237296745
0.0534458794
0.0058043590
0.0451249778
0.0134840459
0.0036666209
0.0343614183
0.0569161028
0.0063715959
0.0185329206
0.0715937689
0.0317946188
0.0097732479
0.0493211523
0.0029602323
0.0135834068
0.0581349097
0.0059853494
0.0122382315
0.0155459521
0.0114453631
0.0438648015
0.0095126219
0.0730996430
0.0080037620
0.0041199764
0.0637254864
0.0578397177
0.0263573751
0.0051184469
0.0347787105
0.0065907682
0.0085736327
0.0681250393
0.0155657278
0.0033891017
0.0414492637
0.0226796269
0.0593222566
0.0358205587
0.0138387159
0.0394462384
0.0701484606
0.0173162296
0.0394595563
0.0287870895
0.0044061034
0.0070881331
0.0056469589
0.0457771309
0.0167390816
0.0222487692
0.0036553598
0.0235753618
0.0552089438
0.0055037229
0.0180741176
0.0156396013
0.0072365724
0.0510617681
0.0327738374
0.0711089224
0.0076156594
0.0602258779
0.0296414867
0.0044028950
0.0677014887
0.0685772225
0.0162227321
0.0098356996
0.0106117576
0.0348329134
0.0083550448
0.0179173127
0.0489100777
0.0528174862
0.0166967995
0.0047250516
0.0580131002
0.0035633156
0.0529961847
0.0308865309
0.0111231655
0.0436773412
0.0274580847
0.0191504806
0.0346189253
0.0636073872
0.0293720029
0.0051078093
0.0540365800
0.0126386099
0.0297699738
0.0038326078
0.0032376377
0.0064128558
0.0236247722
0.0332966521
0.0058858842
0.0469894931
0.0029943907
0.0133560179
0.0293839946
0.0435213745
0.0073487060
0.0162653346
0.0302702636
0.0252179690
0.0682350248
0.0544508323
0.0714800656
0.0297827255
0.0184253883
0.0039869407
0.0177456588
0.0063391179
0.0469981320
0.0075891041
0.0435806401
0.0265541002
0.0038584967
0.0143505596
0.0184380971
0.0469757058
0.0326282457
0.0429702476
0.0153596830
0.0057993964
0.0071178195
0.0628728122
0.0058004577
0.0077847932
0.0031283435
0.0231035501
0.0125916516
0.0032714882
0.0037016114
0.0642597899
0.0337388739
0.0499478355
0.0540061817
0.0412641391
0.0174762867
0.0200716928
0.0210652445
0.0415808111
0.0264232457
0.0674300417
0.0485723205
0.0435206443
0.0052178237
0.0141753275
0.0142098302
0.0217767395
0.0690545216
0.0284590274
0.0227766074
0.0120259905
0.0141984364
0.0080760429
0.0400362015
0.0097721759
0.0239405092
0.0032748012
0.0247768983
0.0638474897
0.0059248111
0.0155205466
0.0561988205
0.0638800636
0.0041186451
0.0134715969
0.0545623712
0.0416979603
0.0518493876
0.0361194611
0.0207931846
0.0079307491
0.0234063771
0.0100892056
0.0353072397
0.0567918755
0.0042566005
0.0382850394
0.0348483287
0.0665044636
0.0354666561
0.0211854614
0.0172858853
0.0039708056
0.0395314507
0.0326713175
0.0231935289
0.0051243594
0.0145163704
0.0455703475
0.0029168492
0.0561385974
0.0045324299
0.0057519660
0.0531931110
0.0092960605
0.0037913115
0.0709848776
0.0177050196
0.0546861850
0.0403687358
0.0136469482
0.0464899316
0.0097362343
0.0056141112
0.0146390535
0.0130815152
0.0353128910
0.0503049493
0.0610265881
0.0042536878
0.0240861699
0.0654281527
0.0100095822
0.0085770041
0.0092304870
0.0530276299
0.0522222593
0.0132655464
0.0079263607
0.0034149636
0.0660111234
0.0057907780
0.0247975346
0.0117182834
0.0243332051
0.0678199977
0.0065882755
0.0281061251
0.0238483362
0.0415795594
0.0360863879
0.0186096523
0.0654439479
0.0283726379
0.0269054491
0.0726124719
0.0088024298
0.0399782509
0.0293858610
0.0082502924
0.0295361653
0.0644303784
0.0205440335
0.0088996515
0.0034525378
0.0041219550
0.0298006833
0.0674629956
0.0689683259
0.0313027725
0.0260881353
0.0369398743
0.0358090661
0.0147794131
0.0498126633
0.0414636694
0.0269295946
0.0070395465
0.0258710030
0.0153362080
0.0035979177
0.0194231402
0.0433471389
0.0489795320
0.0146077713
0.0050112987
0.0348407067
0.0615316071
0.0514331236
0.0048815389
0.0180164333
0.0041653081
0.0424961485
0.0076708905
0.0103431130
0.0555402227
0.0062183244
0.0555800907
0.0324906521
0.0443242900
0.0036183565
0.0532892607
0.0551980399
0.0235164743
0.0209810492
0.0524801686
0.0038924082
0.0670624450
0.0125737032
0.0219372902
0.0033100485
0.0234833267
0.0226722993
0.0671231821
0.0109178936
0.0150340181
0.0111865858
0.0034335023
0.0238518175
0.0610246547
0.0186276622
0.0067739072
0.0090245334
0.0041490351
0.0347980782
0.0106007587
0.0268743876
0.0191261098
0.0184659436
0.0351195075
0.0072933300
0.0126457922
0.0056026401
0.0550560430
0.0420169868
0.0050413324
0.0618864112
0.0288667642
0.0184355453
0.0070352722
0.0336450711
0.0093231536
0.0601273477
0.0067037875
0.0135952886
0.0109718814
0.0055420883
0.0536102839
0.0266972966
0.0680142492
0.0249418393
0.0141247595
0.0181627683
0.0087972898
0.0424656719
0.0243164506
0.0234725866
0.0373971313
0.0289983284
0.0122411828
0.0490836054
0.0284486357
0.0251690689
0.0199134797
0.0202184580
0.0302237254
0.0118423896
0.0515109710
0.0108074686
0.0103108427
0.0413726419
0.0391796604
0.0166917276
0.0643120334
0.0123877879
0.0035452941
0.0524932742
0.0169546772
0.0731566921
0.0592641346
0.0370322727
0.0080130761
0.0427155048
0.0206315704
0.0114507023
0.0046424670
0.0373352543
0.0433829837
0.0342233106
0.0497118719
0.0346575156
0.0441534668
0.0258475076
0.0517599843
0.0386321023
0.0642874986
0.0146103585
0.0556461066
0.0049677971
0.0090444405
0.0272052996
0.0043883943
0.0194216855
0.0267589595
0.0465690121
0.0068249758
0.0064092372
0.0110081192
0.0031435261
0.0074586482
0.0377160683
0.0116684260
0.0575223006
0.0091622025
0.0133151114
0.0101149250
0.0134213511
0.0130739203
0.6597847939
0.0061848178
0.0250894055
0.0562870167
0.0036565994
0.0484870896
0.0557491854
0.0713123158
0.0711067542
0.0517965928
0.0499084294
0.0143270744
0.0508340709
0.0420338959
0.0235835258
0.8709651232
0.0375774242
0.0459646285
0.0060144421
0.0257221833
0.0036373676
0.0073725511
0.0340224169
0.0049973372
0.0079167206
0.0701523125
0.0113792559
0.0182245616
0.0096578775
0.0132049629
0.0226940997
0.0455695502
0.0214669351
0.0035584094
0.0125636403
0.0086882757
0.0381859392
0.0107872337
0.0142380297
0.0310964938
0.0437301435
0.0041609956
0.0170594100
0.0460982509
0.0036126156
0.0628499538
0.0310798362
0.0093362033
0.0099729216
0.0189251229
0.0100769214
0.0537310205
0.0241873544
0.0114491275
0.0035734794
0.0078147100
0.0670865849
0.0631872863
0.0208179969
0.0058917468
0.0343305953
0.0142093748
0.0241267625
0.0292252116
0.0029542579
0.0419839360
0.0126802549
0.0576503873
0.0040302803
0.0316085108
0.0288662259
0.0054663280
0.0142124528
0.0441037491
0.0184719656
0.0112743797
0.0049903691
0.0657653064
0.6892638206
0.0071651358
0.0093628159
0.0071996604
0.0164750870
0.0350559838
0.0029237033
0.0088658389
0.0286856163
0.0483221449
0.0079673836
0.0142734954
0.0220849384
0.0349871106
0.0599965751
0.0173149053
0.0409513749
0.0583010130
0.0067773536
0.0214330591
0.0157152191
0.0136209363
0.0549866334
0.0238451976
0.0469615944
0.0084553510
0.0208833460
0.0079081496
0.0238774922
0.0039952234
0.0201498810
0.0284954254
0.0185689162
0.0242821760
0.0055082603
0.0039865286
0.0499923341
0.0034268741
0.0503960736
0.0469610430
0.0339011773
0.0060122367
0.0114296116
0.0046356856
0.0089511499
0.0495868921
0.0031891391
0.0042049955
0.0048801629
0.0608669743
0.0687143505
0.0194627028
0.0346698835
0.0152947847
0.0425726138
0.8933909535
0.0044123288
0.0206678361
0.0093430132
0.0032301096
0.0131333154
0.0047561303
0.0062828208
0.0418731086
0.0070239226
0.0407456160
0.0075578699
0.0034129312
0.0217071157
0.0655971393
0.0082390085
0.0034237416
0.0167296808
0.0204507187
0.0030845203
0.0050077122
0.0172582921
0.0476717241
0.0115791177
0.0244048256
0.0107186539
0.0155569036
0.0328239352
0.0033575075
0.0032849228
0.0106022693
0.0158070326
0.0335258730
0.0473032705
0.0550525039
0.0087245721
0.0083802063
0.0065294895
0.0082806647
0.0180540290
0.3269293606
0.0058761509
0.0443985946
0.0717877150
0.0168186128
0.0693894401
0.0074652461
0.0062983935
0.0547694974
0.0053916732
0.0408640914
0.0175537076
0.0181079078
0.0713598803
0.0203206502
0.0140298586
0.0059706583
0.0717454925
0.0165544506
0.0556678511
0.0674104989
0.0651966855
0.0306423977
0.0162739325
0.0051565859
0.0074028596
0.0123297637
0.0637747124
0.0423168205
0.0440656096
0.0570521057
0.0036458613
0.0329028890
0.0034950534
0.0213147979
0.0330835991
0.0261701699
0.0483405702
0.0029618663
0.0032234790
0.0308591165
0.0125670442
0.0153198466
0.0245273542
0.0441417098
0.0338717438
0.0091078375
0.0238851737
0.0054250099
0.0644461811
0.0082225623
0.0085053463
0.0447176658
0.0061029405
0.0500528105
0.0434234366
0.0062600584
0.0040306835
0.0374211967
0.0385364778
0.0327119157
0.0033295087
0.0333416834
0.0054043694
0.0219530184
0.0067783222
0.0694985688
0.0343493968
0.4909665287
0.0155499913
0.0095857605
0.0204913225
0.0189612787
0.0330117531
0.0164697561
0.0522595420
0.0055720853
0.0163973290
0.0625654906
0.0493201427
0.0227946192
0.0047686249
0.0113748685
0.0057622367
0.0102889528
0.0093323756
0.0361311920
0.0605188981
0.0070546870
0.0647227317
0.0670814365
0.0213959571
0.0052598040
0.0164467711
0.0048505468
0.0606300570
0.0613873079
0.0084368065
0.0087944269
0.0090574929
0.0202463511
0.0046216603
0.0730735883
0.0308655910
0.0652912259
0.0668449402
0.0373741910
0.0399144366
0.0686755851
0.0499592610
0.0086243106
0.0644643232
0.0477111936
0.0232500695
0.0693600401
0.0326847360
0.0061585214
0.0121375900
0.0237443596
0.0136579722
0.0674423426
0.0359377936
0.0302422903
0.0332195759
0.0344715118
0.0625916794
0.0138176307
0.0116329994
0.0043335799
0.0374866016
0.0120123411
0.0076944060
0.0376316123
0.0530038141
0.0624883026
0.0433944538
0.0709950551
0.0079527218
0.0533860810
0.0264253002
0.0316933654
0.0042433180
0.0318951234
0.0043682363
0.0048753829
0.0069326754
0.0316790268
0.0486677103
0.0117134498
0.0267012548
0.0663655996
0.0558955856
0.0198410582
0.0102287587
0.0403128266
0.0283321291
0.0564025864
0.0465150513
0.0132128373
0.0371502079
0.0115953730
0.0149392933
0.0614013746
0.0660882965
0.0679063946
0.0661961660
0.0315340050
0.0036474443
0.0129274391
0.0270530507
0.0121028805
0.0220200978
0.0215492938
0.0034612957
0.0030948704
0.0058830474
0.0281995535
0.0144310296
0.0112527851
0.0067783743
0.0064670686
0.0041394103
0.0714493468
0.0144332917
0.0325311907
0.0453606024
0.0090923719
0.0637030005
0.0523013510
0.0256095249
0.0243279207
0.0526892319
0.0199395102
0.0050657592
0.0099596931
0.0535500273
0.0233443193
0.0152523331
0.0580958463
0.0642073154
0.0252948981
0.0219736341
0.0539590381
0.0417217538
0.0091941385
0.0256017111
0.0036062433
0.0181473549
0.0094928443
0.0356029570
0.0062279156
0.0474768281
0.0372519083
0.0571943447
0.0327687114
0.0106739849
0.0202196110
0.0436882563
0.0083475094
0.0500115901
0.0299368575
0.0536572114
0.0031856475
0.0208956916
0.0082757724
0.0077129439
0.0220963284
0.0095571578
0.0066316882
0.0534242429
0.0317793116
0.0717089772
0.0173579045
0.0093897004
0.0201476924
0.0235968735
0.0875443146
0.0259223301
0.0429784320
0.0198144224
0.0667897612
0.0062377164
0.0568696745
0.0203317348
0.0384163782
0.0235021189
0.9169459343
0.0132915005
0.0234407559
0.7412338853
0.0127423843
0.0486423559
0.0166784022
0.0418242663
0.0716613010
0.0622636378
0.0631183535
0.0314010680
0.0596895702
0.0149002736
0.0136399595
0.0298813563
0.0559009910
0.0660209805
0.0128965294
0.0087387115
0.0300081149
0.0043671727
0.0541406162
0.0126627907
0.0508659147
0.0704819039
0.0168480389
0.0052817184
0.0599589273
0.0231857095
0.0041760784
0.0296014473
0.0671638101
0.0129695293
0.0715128407
0.0408227704
0.0340714268
0.0149903661
0.0636158064
0.0067245276
0.0392719246
0.0100845946
0.0181509107
0.0172520634
0.0144718513
0.0181622412
0.0053216987
0.0085235946
0.0093087079
0.0393521935
0.0554364510
0.0580997914
0.0041997982
0.0539037213
0.0630401522
0.0442342758
0.0536306724
0.0232429709
0.0592905805
0.0273852237
0.0274715517
0.0178408232
0.0141675305
0.0452495068
0.0096387044
0.0391713865
0.0312650725
0.0361030176
0.0447091386
0.0152380066
0.0200932547
0.0427198075
0.0041857692
0.0467814431
0.0055274926
0.0345763862
0.0046468298
0.0475061499
0.0728201047
0.0662771985
0.0029201908
0.0597483926
0.0031275109
0.0219094120
0.0601340160
0.0096967593
0.0632165223
0.0078632561
0.0088195559
0.0308272950
0.0361479521
0.0291786436
0.0030194165
0.0206644777
0.0043249964
0.0149732912
0.0068562529
0.0598000512
0.0147682391
0.0038585558
0.0109753944
0.0055732769
0.0715057775
0.0042564683
0.0088008353
0.0387219042
0.0178708546
0.0416447185
0.0170380287
0.0511320084
0.0120487986
0.0579601713
0.0637154356
0.0183937792
0.0685024485
0.0155786648
0.0033273010
0.0051964317
0.0649722144
0.0045845308
0.0654209107
0.0184901487
0.0717229769
0.0132586295
0.0392746888
0.0093046473
0.0130851110
0.0127312224
0.0328116156
0.0290266145
0.0094042281
0.0525587313
0.0316479690
0.0130044101
0.0695682615
0.0186030045
0.0623510517
0.0036089835
0.0232926998
0.0566739067
0.0485775806
0.9943485856
0.0724456683
0.0295961164
0.0348917022
0.0247946437
0.0551363230
0.5918170810
0.0104847513
0.0095002986
0.0077739819
0.0394701026
0.0338635892
0.0418818891
0.0613628514
0.0064485683
0.0219474938
0.0135291610
0.0123570636
0.0042378050
0.0618456751
0.0330137983
0.0450997576
0.0527567789
0.0051721968
0.0175512582
0.0033748988
0.0455711447
0.0048137032
0.0102248201
0.0058269934
0.0106676994
0.0716606006
0.0265798103
0.0061275852
0.0162049513
0.0403560475
0.0166029911
0.0321391858
0.0575556345
0.0603467375
0.0559348091
0.0038861472
0.0318540372
0.0498029105
0.0078710131
0.0250947680
0.0057810787
0.0073005059
0.0198017061
0.0094380556
0.0543115065
0.0619978830
0.0233552884
0.0183933638
0.0075699156
0.0118853776
0.0612229705
0.0653922483
0.0067091770
0.0043113781
0.0035078423
0.0100063048
0.8590161204
0.0270943362
0.0114532011
0.0047546271
0.0196612943
0.0123984674
0.0481795780
0.0104436604
0.0837842971
0.9694656134
0.0058754617
0.0334651098
0.0046016457
0.0653354600
0.0403794535
0.0168285444
0.0217012987
0.0158747137
0.0080725402
0.0085366843
0.0047872248
0.0055868011
0.0040624551
0.0702138543
0.0110059725
0.0032590586
0.0404515229
0.0089022135
0.0413862094
0.0596048087
0.0069765099
0.0326104723
0.0114141377
0.0038978457
0.0040508620
0.0213095825
0.0219289027
0.0125430552
0.0058097672
0.0074206721
0.0399690270
0.0076072155
0.0541394912
0.0340846591
0.0056843148
0.0507524572
0.0121802334
0.0032240658
0.0233319644
0.0069789337
0.0688186437
0.0045442060
0.0101532629
0.0110123837
0.0070732976
0.0074861143
0.7411904931
0.0495709106
0.0175676774
0.0079288846
0.0367057025
0.0125927683
0.0150816878
0.0292126630
0.0199065730
0.0084042149
0.0240417887
0.0082423054
0.0030588969
0.0273003932
0.0328992344
0.0593033396
0.8606895208
0.0073242434
0.0040209214
0.0098339533
0.0039038807
0.0461591706
0.8313097358
0.0224330444
0.0225977134
0.0417256095
0.0632692948
0.0287769530
0.0119983023
0.0126871811
0.0464436300
0.0392769724
0.0287147164
0.0150513751
0.0398400724
0.0056506684
0.0039733197
0.0131071834
0.0227486268
0.0065836981
0.0491123050
0.0702977553
0.0063668913
0.0589308590
0.0158302393
0.0600742325
0.0496150479
0.0161520634
0.0425891653
0.0319215953
0.0058481051
0.0040082545
0.0277259983
0.0707726181
0.0051732580
0.0102254711
0.0052365498
0.0303829461
0.0050417376
0.0071989871
0.0240425356
0.0147849144
0.0380954891
0.0492834747
0.0057310169
0.0486709587
0.0032611932
0.0193329938
0.0046278117
0.0714361817
0.0029710003
0.0090722665
0.0033614845
0.0557838604
0.0301948227
0.0128792655
0.0191765614
0.0059904121
0.0247251540
0.0313623957
0.0104340874
0.0314211063
0.0118152890
0.0289627165
0.0121265640
0.0093687493
0.0399515964
0.0529393367
0.0042700437
0.0495639406
0.0416869633
0.0235682987
0.0035396328
0.0116081918
0.0141011039
0.0174755603
0.0424050614
0.0035839411
0.0254235882
0.0091798622
0.0440650396
0.0522328243
0.0551225878
0.0186196957
0.0327937230
0.0248761494
0.0226508621
0.0724765882
0.0114146713
0.0038394232
0.0177300535
0.0263205171
0.0465863384
0.0118416687
0.0195047501
0.0043119751
0.0546496212
0.0573926345
0.0209265966
0.0266117714
0.0029352931
0.0102817332
0.0638024658
0.0089053893
0.0180839151
0.0204528663
0.0064237514
0.9063113332
0.0099809142
0.0276789516
0.0172314066
0.0498235784
0.0376015157
0.0199407358
0.0050231898
0.0033495016
0.7893482447
0.0091959136
0.0234225150
0.0099543361
0.0148535063
0.0247090962
0.0653127134
0.0201778151
0.0493482314
0.0447804295
0.0208593402
0.0144395372
0.8193143010
0.0147067560
0.0578244589
0.0514246672
0.0724828839
0.0055323667
0.0367783643
0.0238730926
0.0344906300
0.0261442978
0.0229656734
0.0177770387
0.0042252108
0.0076108552
0.0084277531
0.0488004088
0.0028563850
0.0648420975
0.0082477182
0.0083875665
0.0236531086
0.0209235940
0.0718786344
0.8065754771
0.0398241468
0.0137086380
0.0246502273
0.0153937973
0.0291625001
0.0057055312
0.0387393236
0.0071325679
0.0212375186
0.0251163039
0.0184085593
0.0105997752
0.0170894992
0.0394974761
0.0605638325
0.0030881283
0.0072466880
0.0177178420
0.0154951196
0.0058933436
0.0631540194
0.0188717619
0.0535144471
0.0044579012
0.0087841414
0.0143521344
0.0286950078
0.0100890165
0.0227205232
0.0149805062
0.0127792601
0.0140165752
0.0059190155
0.0053600380
0.0138065573
0.0233720187
0.0245740879
0.0703599602
0.0312268622
0.0113970470
0.0079741264
0.0226736683
0.0464708209
0.0223063212
0.0269407295
0.0569586717
0.0045764525
0.0301957987
0.0096770748
0.0143881738
0.0245374050
0.0072757942
0.0063474197
0.0444916114
0.0168470237
0.0626005754
0.0274100769
0.0100366799
0.0060744737
0.0100713177
0.0377362929
0.0040054885
0.0580847040
0.0031660683
0.0636317879
0.0062513901
0.0426819921
0.0062859301
0.0165004041
0.0331185237
0.0063367370
0.0673243403
0.0415590703
0.0552295931
0.0157989673
0.0163455717
0.0099217836
0.0573514961
0.0261191931
0.0034724229
0.0115018794
0.0454570018
0.0035296308
0.0050203204
0.0340534188
0.0274676252
0.0287354738
0.0063673379
0.0414856859
0.0318729356
0.0727918446
0.0105565926
0.0301563554
0.0264289752
0.0430039093
0.0127979247
0.0029247196
0.0146484002
0.0689045265
0.0149334446
0.0558641776
0.0085774399
1.0383315086
0.0713686720
0.0577551313
0.0091402652
0.0575270131
0.0061986144
0.0465518609
0.0088605033
0.0276965518
0.0443587564
0.0285078418
0.0075983554
0.0258289278
0.0358371660
0.0353929140
0.0290674530
0.0622032583
0.0371833034
0.0046087289
0.0685055479
0.0580212250
0.0375266150
0.0054839035
0.0114323506
0.0037040473
0.0059703263
0.0151394373
0.0078380518
0.0029063066
0.0323497318
0.0225781351
0.0139109176
0.0341266170
0.0211656708
0.0178458095
0.2886386216
0.0519574210
0.5996990800
0.0042173630
0.0701360181
0.0045734812
0.0242980532
0.0611021183
0.0461802930
0.0653065369
0.0537786968
0.0594217815
0.0652992055
0.0332367308
0.0047261375
0.0227041468
0.0412358902
0.0289250109
0.0160248484
0.0334542915
0.0240876824
0.0151962619
0.0201533232
0.0268875379
0.0130603369
0.0038468754
0.0034121075
0.0129711712
0.0036490511
0.0490658209
0.0180535540
0.0218769535
0.0122098457
0.0085096853
0.0617538430
0.0188083649
0.0387693197
0.0179964527
0.0292677712
0.0066840374
0.0119031947
0.0497686267
0.0540465452
0.0037266638
0.0167434774
0.0355997346
0.0036138501
0.0373067632
0.0461932272
0.0141220391
0.0375662930
0.0195216294
0.0291096829
0.0332438834
0.0099335965
0.0121522089
0.0101259472
0.0354917273
0.0184744783
0.0548081920
0.0248170644
0.0152328927
0.0500568189
0.0185699742
0.0691308379
0.0488749370
0.0202927273
0.0035152035
0.0030018738
0.4220628738
0.0131216040
0.0353719443
0.0587680899
0.0374390148
0.0207948238
0.0032486648
0.0472498499
0.0548452027
0.0394951776
0.0496548451
0.0461055674
0.0206453335
0.0289896708
0.0054340200
0.0619997010
0.0080482755
0.0359408483
0.0055513834
0.0263337512
0.0264962856
0.0073819333
0.0034070921
0.0715948939
0.0182451326
0.0063235043
0.0086055882
0.0066603119
0.0314163603
0.0692956150
0.0537290759
0.0061231884
0.0231027994
0.0059572635
0.0510172248
0.0111905932
0.0343270749
0.0096475724
0.0078168875
0.0298050120
0.0475499518
0.0568974577
0.0036747183
0.0216267500
0.0163948610
0.0720091015
0.0365869068
0.0029956794
0.0656634942
0.0504187644
0.0233353581
0.0378894843
0.0063881613
0.0165186599
0.0029872695
0.0688552335
0.0041369903
0.0374889821
0.0172051992
0.8208646178
0.0073471861
0.0563177988
0.0724703223
0.0381992571
0.0073985681
0.0637165755
0.0109265344
0.0478610657
0.0135965785
0.0682883933
0.0615027919
0.0210407078
0.0033721782
0.0349128433
0.0112912655
0.0450256616
0.0058256150
0.0260541812
0.0338439047
0.0032861114
0.0034480293
0.0281729493
0.0547221191
0.0048574647
0.0418956429
0.0251791105
0.0396497063
0.0117247971
0.0050538345
0.0246268194
0.0086080078
0.0102234837
0.0329671539
0.0065855393
0.0454375446
0.0069588176
0.0583787113
0.0649714172
0.0242052339
0.0145630362
0.0333214365
0.0681137219
0.0096528549
0.0291559752
0.0218199715
0.0681586415
0.0077875908
0.0237175077
0.0503158718
0.0229419991
0.0075183064
0.0159998946
0.0596615449
0.0049774880
0.0152224768
0.0293545164
0.0140913147
0.0062120198
0.0041481168
0.0471769162
0.0089455061
0.0115577839
0.0081372969
0.0257769227
0.0617208779
0.0286848098
0.0036810138
0.0196327642
0.0147152338
0.0121209351
0.0402335189
0.0066067548
0.0644475296
0.0214509033
0.0153623587
0.0310040619
0.0619000830
0.0622800477
0.0308398027
0.0227343794
0.0036253494
0.0043554781
0.0149753559
0.0424627662
0.0567356423
0.0139977494
0.0042522158
0.0066586714
0.0674922615
0.0384632647
0.0235379674
0.0064519546
0.0042888266
0.0042256685
0.0048388168
0.0133425007
0.0277440455
0.0220776685
0.0031229060
0.0086867400
0.0120886201
0.0608034730
0.0039190147
0.0437615328
0.0619321503
0.0165191796
0.0249226056
0.0040835305
0.0107110431
0.0065819137
0.0183136463
0.0069001843
0.0122511704
0.0121680927
0.0265951231
0.0115821809
0.0140705407
0.0325344130
0.0194645822
0.2484642863
0.0030838428
0.0045049936
0.0672104806
0.0587997697
0.0398720130
0.0315786079
0.0341624692
0.0368247181
0.0273091085
0.0692626759
0.0457769595
0.0519475006
0.0443584323
0.0695482269
0.0301404614
0.0408269539
0.0578676388
0.0197737012
0.0234317239
0.0049314243
0.0247746371
0.0285922177
0.0056023560
0.7745800018
0.0666456148
0.0054673529
0.0685227588
0.0436676927
0.0048707724
0.0692571327
0.0530754402
0.0041033886
0.0075459718
0.0683770701
0.0260622613
0.0456320010
0.0068171849
0.0084232530
0.0370451994
0.0177304558
0.0151409907
0.0130087817
0.0284854136
0.0125461007
0.0173430610
0.0133956820
0.0088347578
0.0604118481
0.0068577551
0.0088304430
0.0165823493
0.0328644551
0.0489092655
0.0314259380
0.0503367819
0.0180027802
0.0148162991
0.0441636331
0.0691049621
0.0629154146
0.0165319834
0.0407016613
0.0054978160
0.0102971066
0.0352541246
0.0573387370
0.0063278275
0.0073647732
0.0294834711
0.0150384847
0.0313396975
0.0564775988
0.0310669895
0.0260845646
0.0200525187
0.0109991459
0.9163537621
0.0288473163
0.0510508940
0.0077889245
0.0436434932
0.0248570219
0.0116472011
0.0295335725
0.0208502077
0.0178929754
0.0714931786
0.0363429524
0.0579007044
0.0292242449
0.0690561906
0.9281807542
0.0233873278
0.0486542024
0.0592063405
0.0072812806
0.0410054177
0.0171501972
0.0759502798
0.0104711195
0.0125722904
0.0100885238
0.0190470051
0.0266406275
0.0358703658
0.0518445522
0.0153295007
0.0162188448
0.0289964899
0.0121234534
0.0046456121
0.0204954203
0.0131310048
0.0066222851
0.0231191609
0.0187023506
0.0515776165
0.0147872884
0.0121078640
0.0119218240
0.0177272893
0.0090614324
0.0049954541
0.0188532732
0.0191374626
0.0318798982
0.0265002456
0.0453285724
0.0231362395
0.0096236942
0.0104325656
0.0142903533
0.0050770920
0.0067297593
0.0092022996
0.0377960578
0.0137756178
0.0079632783
0.0068033468
0.0721517950
0.0778437331
0.0309604462
0.0428830497
0.0101632383
0.0120484354
0.0100123156
0.0061912793
0.0665304288
0.0057695634
0.0705872029
1.0455741882
0.0690318197
0.0352387540
0.0122622401
0.0126108807
0.0061965338
0.0054681711
0.0340161175
0.0119929081
0.0034204121
0.0279543810
0.0275968015
0.0476695225
0.0242375135
0.0140972538
0.0383406244
0.0495791882
0.0710858852
0.0144778555
0.0186667275
1.0141893625
0.0054685259
0.0054709953
0.0433652587
0.0192089640
0.0633862317
0.0158284493
0.0125972461
0.0219014678
0.0286436658
0.0114428252
0.0063045057
0.0043245922
0.0341524966
0.0168001354
0.0033151193
0.0302985180
0.0139834918
0.0142231341
0.0056685936
0.0467820428
0.0065166904
0.0108373305
0.0403811447
0.0593435057
0.0271943547
0.0093732430
0.0392331220
0.0104974462
0.8970542550
0.0694063753
0.0294423830
0.0185405668
0.3713485301
0.0234763697
0.0098299868
0.0118953073
0.0172024705
0.0252249520
0.0255667046
0.0035231828
0.0436657891
0.0376711749
0.0040054205
0.0595506020
0.0431518778
0.0339751020
0.0210408084
0.0036369790
0.0638356805
0.0159798749
0.0308362916
0.0109422309
0.0377026685
0.0417874381
0.0399043784
0.0545304306
0.0031585831
0.0652627647
0.0065415092
0.0113406535
0.0170367323
0.0716421753
0.0047003804
0.0126794297
0.0215164870
0.0439362340
0.0152215827
0.0081465859
0.0573559143
0.0426902846
0.0310439747
0.0050901482
0.0066224206
0.0038689554
0.0173296463
0.0513636060
0.0250626467
0.0144055551
0.0126245087
0.0033866193
0.0043259617
0.0567806587
0.0153494431
0.0101466477
0.0074287546
0.0337297507
0.0140689760
0.0214837082
0.0099757183
0.0256120525
0.0581369251
0.0321498848
0.0265033729
0.0090913521
0.0035036819
0.0423713289
0.0111538824
0.0090867514
0.0464026146
0.0054084389
0.0187694076
0.0684828013
0.0060257930
0.0504894331
0.0370595120
0.0145552270
0.0116615091
0.0050954893
0.0073813414
0.0563014038
0.0060754921
0.0098816119
0.0397573002
0.0034084930
0.0256340876
0.0629418269
0.0373256020
0.0327498503
0.0077783284
0.0034828447
0.0579729937
0.0717491135
0.0471719690
0.0562403426
0.0502208322
0.0308077764
0.0321050547
0.0171509981
0.0211801715
0.0040075826
0.0046324423
0.0056451992
0.0029775291
0.0046249148
0.0052782237
0.0351694450
0.0135733103
0.0299420096
0.0396816283
0.0281472504
0.0038070960
0.0057712509
0.0111191384
0.0667344183
0.0497255214
0.0227407292
0.0681818873
0.0583607368
0.0114707937
0.0346254483
0.0557194315
0.0453988388
0.0038515956
0.0049234922
0.0061907531
0.0035243127
0.0462700017
0.0030478255
0.0184760187
0.0488443859
0.0448566750
0.0108098490
0.0103630442
0.0065147537
0.0030844621
0.0391699709
0.0446134880
0.0088836234
0.0221407451
0.0083384337
0.0134827048
0.0036221452
0.0186645910
0.0711348951
0.8546350598
0.0252528135
0.0459878072
0.0240313169
0.0244430639
0.0283263773
0.0414487049
0.0098010674
0.0049091647
0.0076170154
0.0373174138
0.0146145755
0.0144407786
0.0707982406
0.0042389166
0.0052863955
0.0592478551
0.0310938619
0.0043567633
0.0080447784
0.0050778356
0.0196888782
0.0612844080
0.0430336706
0.0030845162
0.0030177250
0.0659842193
0.0559931695
0.0248941593
0.0182635896
0.0183662884
0.0032713762
0.0064261127
0.0123000350
0.0058943382
0.0031922760
0.0074739554
0.0064991359
0.0281135291
0.0132975001
0.0044738385
0.0235250220
0.0293484014
0.0537079759
0.0214845166
0.0196284261
0.0263259728
0.0368231386
0.0709097013
0.0120675610
0.0647790655
1.0385843515
0.0198568255
0.0647525042
0.0314614177
0.0080953119
0.0685813352
0.0207774863
0.0715518147
0.0579371154
0.0564963222
0.0455140248
0.0322605632
1.0468788147
0.0087957494
0.0706520304
0.0068281945
0.0449046977
0.0340177678
0.0120118381
0.0115786148
0.0052878750
0.0454861373
0.0040863757
0.0074286903
0.0466856845
0.0459239483
0.0336489826
0.0145351635
0.0336945206
0.0033244658
0.0139213735
0.0264496896
0.0454186536
0.0559470989
0.0218748301
0.0564455539
0.0105889961
0.0209938157
0.0080923932
0.0523071252
0.0058985204
0.0241138730
0.0710574463
0.0079506533
0.0668150857
0.0639743805
0.0077451044
0.0531487800
0.0054455679
0.0351908840
0.0168509968
0.0029216027
0.0063821729
0.7880885005
0.0290793441
0.0037093933
0.0524827838
0.0044833673
0.0213220734
0.0151448539
0.0033674573
0.0056571146
0.0286821593
0.0343603380
0.0036288672
0.0052307690
0.0211516190
0.0407801345
0.0668973178
0.0377692804
0.0364871919
0.0606483221
0.0312065110
0.0328157805
0.0246186312
0.0042872867
0.0336909108
0.0495632105
0.0375357345
0.0668773204
0.0182529874
0.0401205458
0.0636093169
0.0514551140
0.0200689994
0.0328225084
0.0514566600
0.0553648137
0.0105041591
0.0039644181
0.0699323416
0.0322830379
0.0609728992
0.0074073910
0.0497334376
0.0387534238
0.0056121126
0.0052837655
0.0720590353
0.0125879487
0.0690206140
0.0158985928
0.0031682600
0.0064530103
0.0196041502
0.0030911837
0.0085602179
0.0045178006
0.0048359898
0.0158104505
0.0705317184
0.0338797234
0.0097647915
0.0387184620
0.0133609446
0.0357700810
0.0080756331
0.0108465226
0.0230950620
0.0142825413
0.0057670912
0.0313463807
0.0722610131
0.0466051809
0.0377593003
0.0340934731
0.0488753244
0.0587307960
0.0717838407
0.0175277349
0.0426717289
0.0398094766
0.0046299738
0.0300541557
0.0402142890
0.0372553207
0.0052412478
0.0255774539
0.0065035713
0.0473576449
0.0123886755
0.0429944657
0.0130489981
0.0045912121
0.0472622961
0.0125605706
0.0391424894
0.0582546145
0.0084718214
0.0669730678
0.0045141927
0.0712996200
0.0034539420
0.0225404371
0.0400076061
0.0555403493
0.0387975015
0.0039729127
0.0125312340
0.0142468819
0.0083558010
0.0397759639
0.0317652971
0.0054812194
0.0175842047
0.0240142122
0.0063910456
0.0099715451
0.0187859870
0.0036693122
0.0706888437
0.0399995670
0.0331265703
0.0301891286
0.0093278280
0.0293354429
0.0518865101
0.0098851901
0.0031205746
0.0607922487
0.0555786639
0.0437998995
0.0057332153
0.0195444841
0.0156565830
0.0046904674
0.0576827973
0.8016174436
0.0495225936
0.0043180529
0.0086312182
0.0251469444
0.0355403535
0.0039900145
0.0445706211
0.0573810861
0.0230331551
0.0406127572
0.0500869267
0.0038992208
0.0222794898
0.0343441889
0.0477324612
0.0039041939
0.0069941608
0.0477589332
0.0591641515
0.0223096684
0.0398737006
0.0130641637
0.0259772856
0.0063845846
0.0130657852
0.0206729583
0.0309125725
0.0243898463
0.0134139592
0.0213459004
0.0323804691
0.0047070496
0.0202508029
0.0149675049
0.0517398603
0.0262974501
0.0058703888
0.0464723557
0.0075372648
0.0560280792
0.0055349879
0.0643865243
0.0569598526
0.0037778392
0.0427714363
0.0259236190
0.0079069911
0.0667681098
0.0464300439
0.0294856019
0.0246500596
0.0088043716
0.0318227075
0.0083152801
0.0147001026
0.0088891536
0.0567739457
0.0108837364
0.0505377762
0.0177982599
0.0634668544
0.0201563016
0.0228403602
0.0351147875
0.0704890788
0.5945926905
0.0594394170
0.0029120739
0.0437506624
0.0040534628
0.0386628173
0.0045903167
0.0436650924
0.0657619238
0.0560997427
0.0487691425
0.0266669225
0.0051710992
0.0427058637
0.0186631661
0.0634282380
0.0122515131
0.0139107043
0.0230807792
0.0076774061
0.0428699851
0.0080969753
0.0104095787
0.0426453874
0.0103294374
0.0457625724
0.0037204837
0.0059692566
0.0090895519
0.0128353946
0.0711447895
0.0323128141
0.0144680515
0.9629839659
0.9073216915
0.0604218356
0.0181639735
0.0172432736
0.0101561612
0.0513459668
0.0728073493
0.0222295951
0.0553221181
0.0031689070
0.0073684338
0.0235559512
0.0272118151
0.0504250005
0.0585870668
0.0328610577
0.0042675268
0.0263278019
0.0261786636
0.0216928199
0.0077014361
0.0176320467
0.0210974235
0.0264612380
0.0162685998
0.0137871178
0.4683665335
0.0049923509
0.0651964247
0.0339301787
0.0544468574
0.0100690722
0.0124536147
0.0233774539
0.0359213240
0.0078794239
0.0057269749
0.0167151988
0.0111173615
0.0665618330
0.0085290344
0.0185300522
0.0120269004
0.0070926482
0.0065215118
0.0062962649
0.0159820765
0.0641202182
0.0051197093
0.0099551463
0.0128459362
0.0122208688
0.0202533565
0.0453925282
0.0168009866
0.0035673927
0.0033373768
0.0490908399
0.0043885582
0.0280492511
0.0084355138
0.0033997032
0.0649110675
0.0155539885
0.0613759756
0.0094121676
0.0411761068
0.0363619924
0.0590417236
0.0037349148
0.0242308490
0.0049268398
0.0208569653
0.0322327353
0.0262120105
0.0157675222
0.0244901236
0.0382911116
0.0230795871
0.0084021296
0.0091146948
0.0203470737
0.0307652187
0.0397363491
0.0122751072
0.0129615990
0.0651602596
0.0081254784
0.0596895106
0.0398647115
0.0344899409
0.0103758043
0.0140847713
0.0139449714
0.7149255276
0.0127574792
0.0036747165
0.0057529914
0.0208931640
0.0057151462
0.0446781442
0.0406907536
0.0403104052
0.0366363265
0.0296389461
0.0112574082
0.0068758321
0.0197580699
0.0447010882
0.0118643055
0.0042168931
0.0092711383
0.0614197999
0.0341891274
0.0074572326
0.0518102273
0.0495806113
0.9592248201
0.0273031611
0.0494272038
0.6239870191
0.0599575676
0.0031860357
0.0239045247
0.0071903705
0.0385385640
0.0511038043
0.0120310774
0.0325900987
0.0538781583
0.0073407209
0.0624495111
0.0516931079
0.0156588890
0.0453643948
0.0170696229
0.0034024958
0.0427580290
0.0228986833
0.0334564969
0.0195696261
0.0465695374
0.0107340747
0.0101235434
0.0302114636
0.0349633209
0.0530588850
0.0246027205
0.0525970496
0.0061798389
0.0467366576
0.0462216027
0.0243196730
0.0160063524
0.0545812100
0.0036995444
0.0038653114
0.0083917473
0.0033913748
0.0049739666
0.0122109093
0.0168034695
0.0133216940
0.0383060537
0.0377850868
0.0365764052
0.0047325506
0.0400966965
0.0063490621
0.0063437973
0.0090459771
0.0268578585
0.0111696003
0.0155459866
0.0627472326
0.0053441604
0.0484971292
0.0058202720
0.0051499205
0.0679853112
0.0253152698
0.0248835273
0.0212040115
0.0439047553
0.0286906902
0.0037096294
0.0351186544
0.0036593406
0.0163324140
0.7966000438
0.0178892836
0.0179925058
0.0077970298
0.0100120082
0.0300559122
0.0176479798
0.0384822749
0.0232888870
0.0506492145
0.0066042594
0.0157516375
0.0236418918
0.0451125018
0.0065927110
0.0064519518
0.0156746432
0.0682640523
0.0368841998
0.0152028129
0.0096334405
0.0152128665
0.0284797959
0.0057630064
0.0711323842
0.0080621224
0.0617375635
0.0117426114
0.0488017462
0.0376100726
0.0176601689
0.0291529112
0.0363213196
0.0604372844
0.0056323372
0.0370473899
0.7690250278
0.0568800755
0.0286217704
0.0355816297
0.0321998075
0.0246527977
0.0166242588
0.0086828340
0.0030379719
0.0091882618
0.0274551101
0.0268180277
0.0424691401
0.0037759698
0.0101691298
0.0651531667
0.0084640514
0.0283432994
0.0512185842
0.0150864944
0.0304311682
0.0198010020
0.0043009170
0.0153764635
0.0386533067
0.0188429169
0.0318409726
0.0041110986
0.0677033886
0.0263668559
0.0262187626
0.0309102293
0.0190731231
0.0056745093
0.0196915194
0.0076750400
0.0685348064
0.0183971673
0.0040432788
0.0304339901
0.0082377838
0.0075507443
0.0683979541
0.0051353290
0.0370069295
0.0482427701
0.0367244519
0.0391546339
0.0408431850
0.0262309443
0.0545567572
0.0439570211
0.0031723722
0.0546102896
0.0468819961
0.0305348299
0.0501314551
0.0659846589
0.0142771369
0.0038890017
0.0284234732
0.0316168219
0.0328801386
0.0584040545
0.0499281287
0.0086912904
0.0333127007
0.0194316767
0.0335788876
0.0177012570
0.0048420196
0.0426322743
0.0453562289
0.0160641968
0.0542571060
0.0066231014
0.0129146436
0.0033747356
0.0323629901
0.0466209762
0.0039647976
0.0193982497
0.0208432823
0.0089667607
0.9219146371
0.0364413299
0.0170808770
0.0369287506
0.0228970945
0.0209722091
0.0079487469
0.0031964644
0.0423715562
0.0040236786
0.0029194506
0.0080575058
0.0462934226
0.0102966549
0.0339024104
0.0278686304
0.0076023047
0.0108601749
0.0495497435
0.0047673201
0.0133456243
0.0106653078
0.0043569226
0.0030626657
0.0129923243
0.0184513144
0.0729587972
0.0525293611
0.0479677357
0.0443058200
0.0051492904
0.0398464464
0.0062406189
0.0236223172
0.0364927761
0.0123931663
0.0429077223
0.0056752558
0.0499136224
0.0307372473
0.0044977632
0.6287497282
0.0380443484
0.0270761102
0.0059723323
0.0346330702
0.0029654852
0.0077563240
0.0484468602
0.0103869382
0.0224812627
0.0485309325
0.0180597063
0.0056831790
0.0066008549
0.6889513135
0.0294886194
0.0057210643
0.0331839733
0.0391457528
0.0104636839
0.0276025161
0.0475416183
0.0422866270
0.0636624545
0.0141295921
0.0051441807
0.0600280985
0.0036848518
0.0041203103
0.0205394719
0.0196999554
0.0192315057
0.0045721005
0.0064680940
0.0159580838
0.0524326339
0.0524378791
0.0723535791
0.0065483390
0.0203786567
0.0719227120
0.0065201712
0.0355196223
0.0194862038
0.0115081808
0.0080078552
0.0101168845
0.0084433062
0.0651058257
0.0172938425
0.0208165664
0.0659316257
0.0111388378
0.0046782750
0.0052895667
0.0122418031
0.0418752618
0.0051396620
0.0162769146
0.0082775457
0.0051881657
0.0575410910
0.0277570263
0.0179465059
0.0055892328
0.0520822257
0.0694867596
0.0349962711
0.0084198220
0.0292954072
0.0362048633
0.0531804003
0.8329409957
0.0601307116
0.0071780151
0.0644944385
0.0391028114
0.0164585337
0.0297318343
0.0635708049
0.0115846926
0.0053265635
0.0059377737
0.7703977823
0.0312105026
0.0569498651
0.0720921084
0.9361243844
0.0299137160
0.0175179616
0.0485113040
0.0304462202
0.0051349071
0.0060826871
0.0664166883
0.0072771478
0.0234141015
0.0063068415
0.0059306482
0.0204561725
0.0449177176
0.0209153220
0.0225515757
0.0585946999
0.0717734024
0.0220934264
0.0041312575
0.0032783563
0.0064653526
0.0106456680
0.0121813910
0.0404404998
0.0039238520
0.0040976498
0.0196606331
0.0699542090
0.0245151352
0.0660947561
0.0086938702
0.0509891436
0.0088673141
0.0049405536
0.0216883738
0.0283903107
0.0547257885
0.0126130171
0.0046679946
0.0152607244
0.0206358954
0.0067560407
0.0246360376
0.0444073863
0.0375538506
0.0198712144
0.0360953063
0.0037471754
0.0084566856
0.0688656867
0.0509862304
0.0687594488
0.0584425665
0.0352311023
0.0694638193
0.0396405384
0.0076486194
0.0038615654
0.0286022890
0.0120365666
0.0043465761
0.0495451503
0.0122545017
0.0067906198
0.0211400427
0.0046209591
0.0714515075
0.0116196079
0.0075159562
0.0058439183
0.0031141799
0.0253354665
0.0661865026
0.0255580135
0.0597340390
0.0527204089
0.0639700741
0.0681693554
0.0081226071
0.0596868396
0.0367770866
0.0132512962
0.0257124733
0.0052997717
0.0045868973
0.0640917718
0.0234355479
0.0225810092
0.0031686432
0.0623494349
0.0627832264
0.0239039734
0.0100376355
0.0066095139
0.0053217192
0.0323008485
0.0175124034
0.0372042879
0.0143115036
0.0069140187
0.0099733835
0.0310219023
0.0269831717
0.0401973128
0.0036334277
0.0596914142
0.0043816217
0.0198088586
0.0673967302
0.8624511361
0.0241828132
0.0130887376
0.0702247620
0.0656906962
0.0604904070
0.0091241663
0.0635058209
0.0181598682
0.0171237718
0.0417429768
0.0498553291
0.0387977138
0.0168468766
0.9809244871
0.0031166177
0.0207039621
0.3347053230
0.0185000021
0.0831509084
0.0158039052
0.0065448368
0.0312795900
0.0111561539
0.0497466773
0.0610765889
0.0391274691
0.0032282777
0.0384331904
0.0197907593
0.0134669542
0.0072434125
0.0137633504
0.0512886383
0.0427714735
0.0055974470
0.0067713489
0.0152203217
0.0386364684
0.0198134091
0.0076515661
0.0064517935
0.0253641102
0.0504444838
0.0464432687
0.0235038027
0.0472428910
0.0036874623
0.0316087045
0.0045589702
0.0248400476
0.0090580508
0.0219656788
0.0152235348
0.0272419937
0.0327276997
0.0241936818
0.0598749593
0.0115366578
0.0611641183
0.0458448417
0.0127840489
0.0033950571
0.0223256424
0.0135995317
0.0606921092
0.0053897430
0.0112101156
0.0584685542
0.0519659221
0.7928989530
0.0340507329
0.0056382315
0.0042144256
0.0044322424
0.0383442976
0.0520051233
0.0663877726
0.0573998354
0.0034619044
0.0202637594
0.5751969814
0.0710675865
0.0063078296
0.0031227318
0.0050929612
0.0177861694
0.0274095237
0.0401178785
0.0661534891
0.0135752084
0.0077896593
0.0029251762
0.0122659532
0.0060985866
0.0613093525
0.0170336757
0.0135163637
0.0100363567
0.0504128672
0.0052446420
0.0670089126
0.0145677039
0.0302741397
0.0261875018
0.0108596403
0.0254894719
0.0607400052
0.0098426687
0.0379394889
0.0124755455
0.0087401839
0.0163584668
0.0050115474
0.0607589893
0.0068645449
0.0306024197
0.0278256163
0.0380204320
0.0059037744
0.0407598205
0.0092391465
0.0339896716
0.0037420639
0.0100077633
0.0550709590
0.0228295252
0.0289050993
0.0587069094
0.0307498854
0.0137744779
0.0037768548
0.0128699522
0.0309488643
0.0687492490
0.0534651056
0.0089360969
0.0352821909
0.0041511762
0.0149662076
0.0141099487
0.0109980162
0.0386962518
0.0329904519
0.0364177339
0.0337351300
0.0029403404
0.0433347635
0.0244705826
0.0057130195
0.0300441049
0.0425702110
0.0261585005
0.0121094259
0.0385961607
0.0043395450
0.0143396873
0.0327403098
0.0303873438
0.0490330718
0.0034522570
0.0088244462
0.0087942136
0.0214644130
0.0504229590
0.8888507485
0.0098939100
0.0572497025
0.0126570789
0.0155200483
0.0445814021
0.0242490917
0.0069305017
0.0346653871
0.0077647213
0.0035662958
0.0034099657
0.0140471347
0.0327110030
0.0251874495
0.0408979803
0.0168492831
0.0060449522
0.0439925827
0.0092876060
0.0161342360
0.0129205603
0.0183196720
0.0038547905
0.0354122967
0.0423158929
0.0056443382
0.0568879917
0.0122487936
0.0383224264
0.0204128288
0.0674178079
0.0511035360
0.0039942190
0.0397039503
0.0036817205
0.0047292002
0.8259755373
0.0668363646
0.0075198519
0.0074091805
0.0033419929
0.0671406463
0.0146802356
0.0130839702
0.0579062738
0.0474773981
0.0376086123
0.0472139195
0.0497229435
0.0094486279
0.0630863979
0.0391929001
0.0311761182
0.0322228745
0.0496574529
0.0635024980
0.0567202233
0.0139012691
0.0158576891
0.0066653560
0.0151604386
0.0040853098
0.0159018077
0.0129744885
0.0061170780
0.0109556215
0.0179958437
0.0527716652
0.0092971073
0.6942639947
0.0542418249
0.0565937124
0.0615895689
0.0053166137
0.0237067658
0.0283459909
0.0268599186
0.0403353646
0.0180758461
0.0241274983
0.0156003367
0.0378353111
0.0478797257
0.0188657492
0.0076529384
0.0058604567
0.0345372185
0.0052222186
0.0062806495
0.0314545594
0.0500878356
0.0344094560
0.0186935663
0.0158687681
0.0547503680
0.0244413223
0.0557253510
0.0184114426
0.0519276001
0.0436590388
0.0065479851
0.0463809744
0.0305693224
0.0339842886
0.0169110131
0.0311099272
0.0444551408
0.0498184189
0.0039870366
0.0034336129
0.0257531721
0.0630159676
0.0229005758
0.0442575850
0.0039277752
0.0482392907
0.0292071775
0.0079275947
0.0364565402
0.0094507784
0.0031430200
0.0140079437
0.0092933765
0.0048308559
0.0052887071
0.0290966779
0.0236450192
0.0395057276
0.0098512368
0.0519219823
0.0179699901
0.0491706803
0.0355847552
0.0339651667
0.0116908746
0.0550150573
0.0051622894
0.0591676384
0.0485848486
0.0149883730
0.0341441371
0.0305209998
0.0064994683
0.0230321940
0.0058371047
0.0261268727
0.0455535613
0.0306870285
0.0041580698
0.0052224952
0.0712335780
0.0719409212
0.0351712890
0.0110307205
0.0364136361
0.0513983183
0.0045251073
0.0207532477
0.0167537853
0.0136462050
0.0349105969
0.0165918432
0.0115278829
0.0212856699
0.0726856664
0.0229379460
0.8367002010
0.0082715731
0.0076630372
0.0633839816
0.0091014430
0.0266480222
0.0466268286
0.0517361164
0.0548165254
0.0656326786
0.0043935929
0.0319551229
0.0301216319
0.0513994396
0.0275955051
0.0522036925
0.0484348834
0.0459476560
0.0050241710
0.0703751370
0.0714604780
0.0557186306
0.0079339687
0.0044024321
0.0344639868
0.0291723851
0.0050959615
0.0054287883
0.0631599724
0.0056470064
0.0170571748
0.0585160665
0.0411822572
0.0573287308
0.0609419607
0.0479825065
0.0029754362
0.0042766393
0.0196099859
0.0209379680
0.0475021712
0.0618558638
0.0295732934
0.0076850625
0.0375379771
0.0097498205
0.0529276654
0.0453510508
0.0511065200
0.0177185535
0.0139869079
0.0379262865
0.0050388868
0.0522299968
0.0326524004
0.0371902734
0.0038657298
0.0679404736
0.0253928639
0.0443979874
0.0041019162
0.0050748265
0.0061082430
0.0077720261
0.0644956827
0.0588250831
0.0277061779
0.0197473504
0.0188828707
0.0322612002
0.0275969654
0.0240537152
0.0491536669
0.0299308319
0.0086203748
0.0331603698
0.0419464558
0.0044402904
0.0657042563
0.0207700823
0.0252540410
0.0200586803
0.0328910463
0.0702496246
0.0063876458
0.0195327196
0.0537353046
0.0180202983
0.0153417354
0.0223823264
0.0503165387
0.0421762168
0.0724625885
0.0222094655
0.0192470904
0.0040843855
0.0096292701
0.0058357683
0.0068718949
0.0723890215
0.0086349621
0.0388792083
0.0117695918
0.0068969293
0.0046342085
0.0046527204
0.0319325104
0.0053227250
0.0338284150
0.0114773307
0.0053571826
0.0084615517
0.0150166610
0.0343852118
0.0267550871
0.0242058951
0.0032406801
0.0064850855
0.0315045007
0.0114617441
0.0325543657
0.0031526498
0.0705227256
0.0157083720
0.0500164554
0.0360807255
0.0079110181
0.0721508041
0.0283791497
0.0626443550
0.0048590894
0.0215614699
0.0409303941
0.0114255371
0.0173568428
0.0029681344
0.0523301363
0.0195938740
0.0039476827
0.0064542461
0.0366392508
0.0524512865
0.0128459018
0.0178856608
0.0353101157
0.0285126697
0.0496079735
0.0699917302
0.0221854113
0.0600635074
0.0220788755
0.0249102600
0.0119805951
0.0079999333
0.0228000470
0.0346453190
0.0165889002
0.0703655481
0.0077305348
0.0413598940
0.0047715721
0.9119715095
0.0093999486
0.0208334122
0.0060821329
0.0676887780
0.0107638398
0.0078894207
0.0152657721
0.0211087409
0.0058646221
0.0129273525
0.0613431334
0.0091452599
0.0050200517
0.0283684619
0.0032447143
0.0266576353
0.0514919199
0.0106985252
0.0488954000
0.0359370783
0.0383674949
0.0061254520
0.0054183602
0.0314183123
0.0034691084
0.0217266493
0.0453085378
0.0046229982
0.0037014282
0.0213841684
0.0326824784
0.0311252736
0.0412001498
0.0260666274
0.0193022676
0.0411653295
0.0358777903
0.0522833131
0.0674700886
0.0281230398
0.0036873738
0.0103365267
0.0034233178
0.0066952738
0.0286578685
0.0202356018
0.0273035187
0.0671066567
0.0457125343
0.0049426737
0.0572841987
0.0375979915
0.0064059789
0.0132757351
0.0215978548
0.0240814500
0.0233234912
0.0172124803
0.0081434865
0.0059467182
0.0134625062
0.0216420367
0.0180782881
0.0150843197
0.0089841029
0.0058995169
0.0572824702
0.0690239668
0.0098260781
0.0053361924
0.0038949549
0.0068828003
0.0380979367
0.0331023410
0.0434155837
0.0281438250
0.0039273454
0.0709387884
0.0242646728
0.0081038568
0.0067945165
0.0360589772
0.0668230951
0.0459012240
0.0549332649
0.0431351587
0.0532211103
0.0077992803
0.0056655947
0.0109408312
0.0194962602
0.0544158332
0.0358199328
0.0047058179
0.0094977012
0.0565672629
0.0423226170
0.0138915749
0.0309084095
0.0170060247
0.0061581000
0.0109666577
0.0320115089
0.0079010688
0.0205284879
0.0039398354
0.0575353317
0.0293047614
0.0490533933
0.0348791182
0.0141176376
0.0499767102
0.0542395674
0.0375684164
0.0371330120
0.0491343513
0.0662164614
0.0633281395
0.0236999746
0.0271264110
0.0236988738
0.0081539117
0.0297314133
0.0052304240
0.0034445892
0.0263385717
0.0394710079
0.0177034829
0.0097393328
0.0225537345
0.0631189048
0.0037233455
0.0071417862
0.0160672162
0.0434126407
0.0353013277
0.0051364521
0.0211029183
0.0041694264
0.0272307750
0.0059691472
0.0086064069
0.0518753380
0.0216420833
0.0094827339
0.0236085709
0.0057339161
0.0670602545
0.0134895304
0.0524278544
0.0253335238
0.0108183930
0.0338021182
0.0159276072
0.0573881008
0.0107029174
0.0535701737
0.0116883945
0.0058300220
0.0074232006
0.0602069460
0.0044976268
0.0173014030
0.0070342361
0.0345893055
0.0268460736
0.0224654265
0.0034676394
0.0169443022
0.0362875685
0.0180079490
0.0581588298
0.0375235528
0.0586584285
0.0558166616
0.0077305916
0.0711718798
0.0674917027
0.0048924135
0.0033970163
0.0351083577
0.0170656089
0.0302819908
0.0137682445
0.0555848069
0.0085736047
0.0123177050
0.0119973375
0.0117703630
0.0032928335
0.0081215510
0.0208574664
0.0227038749
0.0191713218
0.0067812987
0.0033694315
0.0303997118
0.0155114429
0.0225506481
0.0148414075
0.0390464589
0.0064552790
0.0036988473
0.0719072968
0.0062633813
0.0584575869
0.0121897561
0.0271793026
0.0407442413
0.0164946951
0.0222544726
0.0379415266
0.0370025709
0.0572799221
0.0666635931
0.0075010369
0.0490972735
0.0051493663
0.0359415747
0.0463564470
0.0348663069
0.0106159793
0.0195928141
0.0675888658
0.0045737699
0.0650516748
0.0217014402
0.0701785386
0.0088953348
0.0619754307
0.0482879430
0.0302572027
0.0654262304
0.0229315329
0.0047785835
0.0235318001
0.0885386840
0.0051560886
0.0062596113
0.0060004839
0.0628874823
0.0627759993
0.0185565911
0.0419162326
0.0454533026
0.0126006054
0.0669768155
0.0241514035
0.0411986746
0.0036465290
0.0083276248
0.0196136665
0.0429394543
0.0647806823
0.0690227598
0.0679551363
0.0091027115
0.0124328639
0.0505660772
0.0160232447
0.0494420417
0.0030859080
0.0457285531
0.0281836651
0.0048782001
0.0521517470
0.0658738166
0.0315524563
0.0634759292
0.0308498498
0.0523092374
0.0152212810
0.0121456329
0.0124093471
0.0153461965
0.0654470325
0.0608284697
0.0549326427
0.0289973933
0.0196381994
0.0046032849
0.0148032270
0.0104549890
0.0593917109
0.0527564064
0.0681311116
0.0065356544
0.0041328548
0.0036344237
0.0100541543
0.0240018200
0.0046319906
0.0627946630
0.0355215631
0.0038842985
0.0174078122
0.0198693052
0.0034753077
0.0107283723
0.0047806087
0.0645579621
0.0036011667
0.0358958244
0.0272958390
0.0055324067
0.0457861945
0.0547344796
0.0137654711
0.0497018956
0.0034678050
0.0039412803
0.0681661963
0.0116252182
0.0557666384
0.0051720343
0.0265997294
0.0543606356
0.0064255963
0.8393571377
0.0239943340
0.0422702581
0.0623529814
0.0196254402
0.0263038501
0.0273267962
0.0078802388
0.0570108704
0.0657951012
0.0142332045
0.0088902730
0.0712394193
0.0530726835
0.0501577035
0.0335986540
0.0366931669
0.0435937271
0.0302594919
0.0414758660
0.0358359404
0.0619659647
0.0659651831
0.0425301082
0.0069363937
0.0299521796
0.0357980765
0.0248494148
0.0102095604
0.0225165412
0.0322590023
0.0694704652
0.0334660560
0.0238602608
0.0361141004
0.0585633479
0.0460314415
0.0246908255
0.0144881159
0.0606494583
0.0150345536
0.0640310869
0.0181677174
0.0225387793
0.0128480773
0.0353781097
0.0239510834
0.0541344061
0.0056330096
0.0083001815
0.0148333041
1.0007503033
0.0109662544
0.0512196198
0.0371347368
0.0042205113
0.0153630953
0.0384229496
0.0357457139
0.0537810251
0.0194093753
0.0163978748
0.0141234286
0.0633715987
0.0275779366
0.0053402660
0.0213940963
0.0056975344
0.0035667387
0.0151537508
0.0052583353
0.0246041920
0.0197779927
0.0116869593
0.0400921404
0.0513178483
0.0189557765
0.0271195583
0.0066906922
0.0210619308
0.0069904611
0.0107056536
0.0139913037
0.0093940943
0.0534912832
0.0625636950
0.0085150823
0.0136491461
0.0605517738
0.0137021709
0.0380481370
0.0676951408
0.0640148968
0.0093411617
0.0689697787
0.0662567765
0.0102298446
0.0359102525
0.0510831289
0.0044071022
0.0347530209
0.0117059322
0.0052160635
0.0307109561
0.0176829230
0.0337582231
0.0191728808
0.0193180218
0.0101734791
0.0283473879
0.0403541327
0.0373085327
0.0114453956
0.0682253540
0.0123422854
0.0518798791
0.0282585900
0.0388336964
0.0088942908
0.0209694505
0.0093372120
0.0158700980
0.0509818122
0.0638797805
0.0278179385
0.0722994655
0.0054785828
0.0276157558
0.0431771278
0.0086680567
0.0035032267
0.0225385148
0.0039179064
0.0711421669
0.9627038836
0.0426237658
0.0547337793
0.0255519953
0.0261595882
0.0692500398
0.0717296004
0.0105096223
0.0056356313
0.0101927677
0.0105133494
0.0463852398
0.0097423205
0.0294155870
0.0031299884
0.0051209759
0.0093319817
0.0226011407
0.0099761458
0.0356468074
0.0047006579
0.0213131513
0.0664258227
0.0570512712
0.0446620882
0.0472126305
0.0176352561
0.0179726668
0.0350209512
0.0035682977
0.0274581034
0.0427464545
0.0030308245
0.0087472787
0.0690441579
0.0261833258
0.0153211886
0.0030961086
0.0031157376
0.0625440478
0.0097396653
0.0141746290
0.0102936663
0.0072190342
0.0113860695
0.0143662561
0.0153823383
0.0523013696
0.0154114021
0.0713030770
0.0158683807
0.0227768440
0.0098304823
0.0189969260
0.0180037506
0.0537713654
0.0057087126
