0.0240145456
0.0209404603
0.0049651647
0.0378561839
0.0741254687
0.0787201151
0.0223253407
0.0084876586
0.0313006379
0.0490775220
0.1383301020
0.0504393652
0.0403710529
0.0546694696
0.0271539818
0.0060449075
0.0063762767
0.0073073981
0.0038141469
0.3355654180
0.0460594334
0.0698787943
0.0104550337
0.0146837896
0.0310469046
0.0075705545
0.0674040914
0.0110507039
0.0067379382
1.0675369501
0.0692579374
0.0735482723
0.0113580627
0.0037328603
0.0250053555
0.0389341377
0.0596211404
0.0466557108
0.0379181392
0.2161356360
0.0550460331
0.0435825065
0.1328711659
0.2517847419
0.0089542018
0.1373359859
0.0306642335
0.2615861297
0.0777390674
0.0210312940
0.0567673482
0.0219404083
0.0074028820
0.0071665673
0.0769467279
0.0650455207
0.0080467416
0.6797198057
0.0032722708
0.0067910701
0.0286926981
0.0566922911
0.8981124163
0.0031648872
0.0031165879
0.0429307520
0.3281762898
0.0305818245
0.0661017522
0.1944726557
0.0939246491
0.0308635030
0.0575672798
0.0293303840
0.1845122725
0.0043985853
0.0033872786
0.0397137888
0.0626243502
0.0396046676
0.0051411870
0.8446730375
0.0030853269
0.0073325559
0.0127570769
0.0344656110
0.0366852395
0.0115227532
0.0545889884
0.0983379930
0.0352357440
0.0498003289
0.0326999314
0.0256863907
0.9824097753
0.0205071252
0.0622506104
0.1036623418
0.6829389930
0.0278100558
0.0524340533
0.0103277741
0.0399571843
0.9799150229
0.0081619127
0.0046728714
0.0089963078
0.0267020836
0.0231739618
0.0239419043
0.9017350078
0.0063531357
0.0123663973
0.0294359159
0.0116839716
0.0045950380
0.0238086041
0.1295414269
0.0775481090
0.3207032382
0.0733200610
0.6106634140
0.1043305397
0.0043146061
0.0099023590
0.0250922926
0.0135371331
0.0363348834
0.0173339359
0.0031852608
0.1249746829
0.0852747858
0.0343497396
0.0192117356
0.8878551126
0.0187954362
0.1284772754
0.0061983578
0.0553327203
0.8354536891
0.0296216570
0.0067585963
0.0617250130
0.2150854170
0.0039453516
0.0041786772
0.0235983357
0.0308489725
0.1080386266
0.0076991026
0.0174155124
0.1044433564
0.0701704472
0.0045185345
0.0556894653
0.0037016543
0.0734526739
0.0060228659
0.0038003570
0.0207298305
0.0172402747
0.3517756164
0.0529689416
0.0139556695
0.0168745145
0.0378875695
0.7028970718
0.0780067891
0.2410670966
0.0335053019
0.0282537658
0.0350275487
0.0134252561
0.0372048393
0.0284053124
0.0168877542
0.4563475549
0.0072545782
0.2015864104
0.4681293666
0.0220953654
0.0999847427
0.0140316710
0.0568253994
0.0648948327
0.0123019535
0.0079531390
0.0698216707
0.2620492280
0.4961033463
0.0134292720
0.0035480915
0.0052198041
0.0053852978
0.0219669137
0.0038648222
0.0522302501
0.0303631891
0.1265122443
0.2365199775
0.0500372648
0.0448498875
0.0281922240
0.0192056354
0.0053859851
0.0032731381
0.0473348275
0.0316033885
0.0168633796
0.0191098005
0.0487964377
0.0326659158
0.2768684924
0.9115925431
0.0607732907
0.0344852656
0.1597288102
0.0122754034
0.0227813795
0.0103303837
0.0374307558
0.0129538765
0.0038483336
0.0096049150
0.0337098688
0.0077665616
0.0383847095
0.3576596677
0.4489554167
0.3431124389
0.0700846836
0.0319520049
0.0054890192
0.0497984849
0.3503619432
0.0140373046
0.0235986747
0.0201902911
0.0434287824
0.0403260440
0.0724942163
0.0622061640
0.0805338472
0.0714015290
0.0049488666
0.0127947647
0.0511913598
0.0739246160
0.0193242915
0.0216066483
0.0306784529
0.0310167111
0.0075480295
0.9531832337
0.0309350435
0.0130091850
0.3641524613
0.0071998844
0.0352795273
0.0312154368
0.0292478614
1.0115728378
0.0138484649
0.0393158905
0.0121465642
0.1054950878
0.0151010044
0.0397938639
0.0391567275
0.0174071547
0.0212092288
0.0386727229
0.0236107334
0.0369587094
0.0143458126
0.0084084887
0.0118238721
0.0085847545
0.0330313072
1.0601923466
0.0121946344
0.0206038468
0.0173354819
0.2466466427
0.0345982872
0.8759202957
0.0212460794
0.0293098409
0.0154217891
0.2699644864
0.0579372607
0.0604332201
0.5609126687
0.0103312070
0.5572659969
0.0383896455
0.0573384240
0.0771391392
0.1026079133
0.4454131424
0.2773400247
0.0494800769
0.1816376299
0.0292679630
0.0334473252
0.0079193553
0.0224504657
0.0084765917
0.6086857915
0.0037314356
0.0582986102
0.5882664919
0.0743344054
0.0379157439
0.0560247302
0.0066213002
0.5219872594
0.0134954080
0.0177451558
0.0284065921
0.6076523066
0.0033742536
0.2796846330
0.0455769040
0.0714560598
0.4150796533
0.0037038319
0.0359987989
0.0121711735
0.0165311992
0.0077977879
0.1611289531
0.0549354553
0.0520451739
0.0096268095
0.0049222778
0.2183537483
0.0773189142
0.0547316708
0.0820105076
0.0085601564
0.0696077645
0.0627427623
0.0058647958
0.0485806055
0.0260912273
0.0273629203
0.0289944187
0.0462038070
0.8984798789
0.0439286865
0.0112612797
0.0154235447
0.0391286872
0.6104770303
0.0083599361
0.1262636632
0.0146362055
0.0454024188
0.0183594488
0.2480454892
0.0039471542
0.0044594854
0.0053153289
0.0446889997
0.3816587031
0.3739836514
0.0029585869
0.0408683829
0.0219867509
0.0517508611
0.0105289640
0.0145117417
0.0515971892
0.0094905831
0.0649404526
0.9697648883
0.0576995201
0.1235094741
0.0408909284
0.0112109659
0.0095886430
0.0422673039
0.0170682427
0.0052457158
1.0347969532
0.0085720392
0.0240175985
0.0050632833
0.0206347164
0.0719230771
0.0032140126
0.3558233976
0.0098562194
0.0112455664
0.9295608401
0.0384143479
0.7451356053
0.0434799269
0.0203631930
0.0130637856
0.0719381124
0.0205676183
0.0053076902
0.0228357203
0.0160967056
0.0115941670
0.0702534020
0.0094147222
0.0265235696
0.0088555822
0.0032607606
0.0136156613
0.0287228711
0.0159069709
0.1238479987
0.0041714106
0.0029579159
0.3461589813
0.0082170637
0.9045938849
0.0473608188
0.0439647883
0.1408793181
0.9282999635
0.0699088722
0.0209217817
0.0335454680
0.1005631834
0.0066485675
0.0089566847
0.2043607086
0.1822924167
0.0225516204
0.1373620480
0.4551994503
0.1097322777
0.3335253000
0.0923051164
0.9967714548
0.0843099877
0.0259429030
0.0059666336
0.0049650506
0.0578702502
0.3167213798
0.0047722138
0.8223034739
0.0065079569
0.5800327063
0.0505960472
0.6975635290
0.0214009713
0.0257573854
0.0147490939
0.0162212532
0.0172071382
0.0189355724
0.0154499449
0.0449880511
0.0431872532
0.0082629137
0.0191617236
0.0923951417
0.0131765464
0.0053901710
0.0391654931
0.0686407238
0.7099673748
0.0056870282
0.0179360323
0.0347601101
0.0291320812
0.0725568980
0.8328897357
0.8091740012
0.2854863107
0.0395214222
0.0079727899
0.0125655457
0.0375554115
0.0138627654
0.0207604766
0.6861186624
0.0045566680
0.9560135603
0.5869828463
0.0142048988
0.8452023268
0.0055732704
0.0090982914
0.0492898375
0.0130962338
0.0223982334
0.0647325367
0.0052404702
0.0583436117
0.0809036866
0.0156769361
0.0682155639
0.0705031455
0.0073445784
0.0218174998
0.0075797639
0.0051920190
0.0529288873
0.0074320910
0.0275828969
0.0559826680
0.0281315986
0.0205762424
0.1177806035
0.0166351087
0.0281832870
0.2759778202
0.0152748236
0.0063742851
0.0089202877
0.0216951948
0.0516176522
0.0073722536
0.0246444996
0.0063155098
0.0446350127
0.1024206951
0.0199180990
0.0403868556
0.0184638053
0.0032301133
0.0072465008
0.1536106616
0.0612553954
0.2107164860
0.0837097690
0.0297374316
0.0740753263
0.4987722635
0.0073408396
0.0133691793
0.9811418056
0.8392278552
0.0648619235
0.0448912084
0.0240419731
0.0098061273
0.1382383406
0.0511027388
0.0342360698
0.1010065600
0.0058726603
0.0039695916
0.0045396322
0.0134168183
0.0567640513
0.0695806667
0.0692394078
0.0491673797
0.0102186566
0.6151947975
0.0548848845
0.0048092655
0.0128205456
0.0118207810
0.0367355049
0.0040678545
0.0647069961
0.0669762269
0.7621434331
0.8376718163
0.0145331873
0.0513504483
0.0242833644
0.0161087327
0.6659399867
0.0033946601
0.0045168325
0.0655785352
0.0032613936
0.6660487056
0.0115182241
0.0711790994
0.0073105767
0.0292496718
0.0039609163
0.0698007047
0.0114010405
0.0461787246
0.1743516475
0.0121132480
0.2354176939
0.7669467330
0.0047969879
0.0576229244
0.0981872380
0.0087615717
1.0368611813
0.0369404443
0.0707892776
0.0127634360
0.0437266156
0.0187621247
0.0204767622
0.0398058556
0.0899830833
0.0086191976
0.0092847357
0.0454281457
0.8913163543
0.0440637879
0.2914532423
0.0264527369
0.0148201147
0.0050894050
0.0108776009
0.1087316722
0.0844483972
0.3344022036
0.0699650720
0.0077050715
1.0211706161
0.0244891159
0.3825042844
0.0256554373
0.0240079183
0.0043838313
0.0702795237
0.0159724969
0.0397556834
0.0433210917
0.0048421142
0.0519412905
0.0099907499
0.0096464334
0.0192843024
0.0703959465
0.0552936047
0.0364297256
0.0111199515
0.0087991096
0.7039338946
0.0144466469
0.0631158054
0.0089840526
0.0431064405
0.0696316585
0.0051726727
0.0392529741
0.3636741638
0.0406532399
0.0462966710
0.7390077710
0.0336220227
0.0069743721
0.0230270308
0.0194361974
0.0077254786
0.8661237359
0.6430864334
0.0439968705
0.5559665561
0.3555521667
0.0419717357
0.5624006391
0.0589154661
0.0041115913
0.0159930084
0.0061978498
0.0422337614
0.9710388780
0.0433107615
0.0725985765
0.7523354888
0.0181282870
0.0080677085
0.0659502149
0.0049428474
0.8350111842
0.0554782338
0.8636882901
0.0086059850
0.0299286284
0.0236575343
0.0211295690
0.0060292562
0.0211334694
0.0476173945
0.8547460437
0.5128003955
0.0697568879
0.0286443122
0.0731108263
0.0066646799
0.0246754773
0.0454946123
0.0146097969
0.0055827587
0.0791746378
0.0206682850
0.0116190277
0.0450137556
0.0041840770
0.0061263833
0.0498222411
0.0048679821
0.0687038526
0.0037379342
0.0042752917
0.0685266107
0.1059152931
0.0180281457
0.2852271795
0.0186537355
0.0416144207
0.0514038056
0.2463755310
0.0343752876
0.2103238851
0.3248765469
0.0639837161
0.0405655354
0.0066208923
0.0124767963
0.0340108387
0.1530860066
0.0206287019
0.1121147573
0.0794142187
0.0232397430
0.0172951706
0.2614470720
0.0067269751
0.0136083122
0.0041896291
0.0139335655
0.4580957592
0.2983774543
0.0111844903
0.0059455857
0.0206109285
0.0099217882
0.0241044369
0.6241334677
0.0045143459
0.0063731875
0.7422476411
0.0317250714
0.0152894231
0.0404019803
0.0293995328
0.0391106345
0.0200754497
0.0106263440
0.0044961227
0.0543507412
0.6199617982
0.2183039933
0.0065336758
0.2862401307
0.0144828325
0.0200115927
0.0110140815
0.0633590892
0.0454224907
0.0127356136
0.0118332701
0.0655241758
0.0175805688
0.0152200377
0.0249721576
0.0521580465
0.0165396295
0.1585462391
0.0322069712
0.0171650872
0.9037314653
0.0237776544
0.0193407014
0.0974084660
0.0647646785
0.0285399426
0.1454776078
0.0254108533
0.4638141394
0.0075859968
0.0252142027
0.0127392486
0.0442285649
0.5761135817
0.0705780238
0.0602271035
0.0040154811
0.3054304123
0.0131775429
0.0569629781
0.0275869202
0.0308449753
0.0295616407
0.1075217649
0.0363976322
0.0040281471
0.8314177990
0.0156748146
0.0088387663
0.8309531212
0.1229903847
0.0615784973
0.0206451323
0.0072264974
0.2962671518
0.0205718856
0.0037424774
0.0029786148
0.0591999926
0.0539467372
0.1697517186
0.0690065548
0.0580070391
0.0724568889
0.0028761525
0.0136295669
0.0654795468
0.0628125593
0.9036414623
0.0594459921
0.0718453601
0.0551050901
0.0843343139
0.1002791449
0.0655820519
0.0036308744
0.0055243592
0.0385755375
0.0544140264
0.0505264737
0.0573382378
0.0248663463
0.0091715734
0.0183965620
0.0237843841
0.0048160544
0.0249235071
0.0118470835
0.0298802294
0.0146227069
0.0494471639
0.0039940821
0.0173377115
0.0667871833
0.0575815402
0.0650001764
0.0178915430
0.0664054006
0.0604577363
0.0251680352
0.6881453395
0.6989297867
0.0714210197
0.0713032410
0.0252839364
0.0081889154
0.0370319560
0.0069021722
0.0045206812
0.0058551566
0.0221381001
0.1779068857
0.0155152380
0.2968709767
0.0169561971
0.0068679741
0.0488913469
0.0554148331
0.0053411573
0.0057315165
0.0263042487
0.0161051210
0.0426691994
0.4911831021
0.0032598632
0.0090979738
0.0052224393
0.0346484296
0.0143227866
0.0523366630
0.0195598844
0.0666387007
0.1583758444
0.0133513696
0.0071259355
0.0050595859
0.5661556125
0.0389497392
0.0696246773
0.0290877633
0.0496617183
0.0655703843
0.0425521098
0.1146038622
0.0710520670
0.0672821328
0.0048747975
0.0171691533
0.5506894588
0.0650204718
0.4323582351
0.0409127586
0.4076417089
0.0840454027
0.0661397427
0.0314363576
0.0093873283
0.0554492027
0.0521059819
0.0031360232
0.0682974756
0.0059882370
0.4169167578
0.0319971591
0.0230584014
0.0110474052
0.0107160015
0.0199474413
0.0192848556
0.0227857903
0.0646341816
0.9409561157
0.8195586205
0.0328740142
0.0190955698
0.2490797192
0.0340846553
0.0725602284
0.8998782635
0.6775548458
0.0097019747
0.0544480681
0.0164809115
0.0081693595
0.0881847292
0.0140995262
0.0041219802
0.0700255781
0.0533443987
0.0215311889
0.1149505526
0.9938874841
0.0705382600
0.0217556413
0.0947621316
0.3259185255
0.0098867463
0.0571280234
0.3208079934
0.0164820943
0.9984446168
0.0319510810
0.1236629188
0.0420792587
0.0518237725
0.0703910664
0.0287315249
0.0282992795
0.0394082591
0.0374514908
0.0924126431
0.0174352154
0.0539459884
0.0265665650
0.2773357332
0.3567803204
0.0038896010
0.0150179993
0.9264110923
0.0668493807
0.4112524688
0.0181777794
0.6920040846
0.0376922823
0.0469366685
0.0312894061
0.0221507344
0.0228924286
0.1417883635
0.1182831228
0.9317865372
0.0473192297
0.0105232345
0.0559415109
0.0090051480
0.3331384957
0.0125121213
0.0486735255
0.0540158004
0.0130895637
0.0039922199
0.4471521080
0.6137135625
0.0712706447
0.0543803535
0.1000717655
0.0081739798
0.0093249893
0.0614238679
0.3630605042
0.0073625264
0.0209295321
0.0383797698
0.0213768687
0.1303171813
0.0324330591
0.0143329622
0.0084882090
0.0292821694
0.0180860348
0.0104612382
0.0547079109
0.0665913150
0.0674954057
0.0195417833
0.1588931531
0.5288545489
0.0078536551
0.1559633762
0.0091528120
0.0061566108
0.0965930074
0.1446565241
0.1085633561
0.0677560866
0.0517988168
0.0453322493
0.0158485398
0.0611548163
0.0045106038
0.0342375189
0.0047351541
0.0384815484
0.0914286450
0.8070980906
0.7570918202
0.0292454753
0.8679811358
0.0221052747
0.3731021285
0.2214856893
0.0593157522
0.0415924974
0.0550422668
0.0426035672
0.0365721732
0.0266905315
0.0672966391
0.0080234399
0.2087094635
0.2950828075
0.2602209747
0.0086657628
0.0394913703
0.0455343165
0.0131424805
0.0063740676
0.0275652539
0.0042000762
0.0173153114
0.0283442754
0.0280453749
0.0215763357
0.2235648334
0.0268077981
0.0103641441
0.0232430864
0.0126015125
0.0386466458
0.0684555173
0.0524964929
0.0343410410
0.0222165026
0.3088184893
0.0048477170
0.0152150085
0.0046294951
0.0131044239
0.0125221461
0.0391336046
0.0661039650
0.0634244382
0.0062567038
0.0045580408
0.0357632041
0.0534812510
0.0179570112
0.0063461009
0.0050718640
0.0174431875
0.0592633560
0.2326462716
0.0145893600
0.2233651280
0.0042095063
0.0449712798
0.0075170770
0.0561364405
0.0067775045
0.0319512673
0.0039898939
0.0091004837
0.0065949839
0.0214417167
0.0098555675
0.0105342465
0.0598281212
0.0836356804
0.0104920687
0.0211423524
0.6276947260
0.0253009424
0.1352726370
0.1159057990
0.8404591680
0.0084394086
0.7852786183
0.0289197285
0.0063296878
0.0626671463
0.0040198537
0.0549515709
0.0044007376
0.0031346702
0.0030434735
0.0206642672
0.0267744306
1.0611760616
0.0633360893
0.0725705922
0.3106614351
0.1421456635
0.0388655588
0.0149292899
0.0548047163
0.0062529580
0.0061078700
0.0129027180
0.6219976544
0.0669701323
0.0301495995
0.0298627485
0.0615704432
0.0153211234
0.0043745935
0.0646734759
0.0251964387
0.4705924392
0.5337287784
0.0098336395
0.0419690199
0.0053404202
0.1737933755
0.0199947488
0.0227500927
0.0471771322
0.0280371625
0.0663326085
0.0283415206
0.0746620670
0.1280515790
0.0274501853
0.0208216012
0.0263911206
0.0472915657
0.0085044922
0.0190844983
0.0082930820
0.0032100237
0.0136614926
0.0286194626
0.0362354293
0.0104511464
0.0674426630
0.0043928982
0.1175860390
0.1892508417
0.0049860170
0.0635833964
0.0406419039
0.0130412905
0.4601266384
0.0468503982
0.0053681550
0.0666118115
0.0247337744
0.0255054869
0.0572575368
1.0260173082
0.7203001380
0.0462510772
0.5344690681
0.0617775731
0.0053086802
0.0479095355
0.0456967130
0.0043413397
0.1359737217
0.2800628245
0.0336671397
0.0696533248
0.1828178614
0.0445598252
0.0260162540
0.1357806474
0.4736664891
0.0253384039
0.0432983786
0.0411067791
0.0725238547
0.0294497665
0.0306117032
0.0353398174
0.9124300480
0.0043664132
0.0247359741
0.0639534965
0.0685179234
0.0146343587
0.4475061297
0.4899951518
0.0824311376
0.1566875130
0.0031522438
0.0142944911
0.0086223511
0.0541904233
0.0151319196
0.0443704091
0.0401288979
0.2755558491
0.0672302991
0.0149569204
0.0258341581
0.0191216040
0.0595304854
0.0635596365
0.0061462210
0.0627573356
0.0363584384
0.0051842541
1.0413446426
0.0504681319
0.0093408674
0.0636103302
0.0250658672
1.0638622046
0.0109100081
0.0372999944
0.2504875362
0.0214600358
0.0457704924
0.0076055955
0.0266026650
0.0224319305
0.0087830611
0.0096054282
0.0046347417
0.0608520582
0.0277293045
0.3516813219
0.0062834769
0.0099723460
0.0533054210
0.1460970491
0.0445725992
0.0599692240
0.5486391187
0.0745733604
0.0639006943
0.0684129670
0.0114039043
0.0034075112
0.0149906287
0.0462079458
0.0105946092
0.0058657811
0.0636268258
0.0118717821
0.0082295621
0.0206034910
0.0408811159
0.0577179231
0.0328032374
0.0114137316
0.9506928325
0.0039288714
0.0040483642
0.0331623591
0.0061383005
0.7331796885
0.0099246642
0.0381574370
0.0521858260
0.1268503219
0.8911308646
0.0275739357
0.2051802427
0.0250834301
0.0073585375
0.8912703395
0.0059387367
0.0498626679
0.0218508765
0.0104941446
0.0065376167
0.8532135487
0.0147895562
0.0038717077
0.0115156705
0.2823989093
0.0323444530
0.0403788760
0.0604414642
0.0496284664
0.0250428263
0.0448869579
0.0652760491
0.0073495205
0.0485167056
0.0442428105
0.0487140231
0.0071341330
0.0657841861
0.0038221339
0.0523166507
0.0127304522
0.0305763111
0.0125804674
0.0641197115
0.0242383461
0.0128670549
0.0629482567
0.1882566214
0.0719789937
0.0552545562
0.0791496709
0.0585536957
0.0052591884
0.0052811410
0.0188048519
0.4861365855
0.0193591565
0.0433642082
0.0328084193
0.0337821431
0.0202092305
0.0590017810
0.0067097954
0.0254672505
0.0860241130
0.0260739308
0.0249971915
0.1806003302
0.0694618300
0.0256864019
0.0130800633
0.9849568009
0.0434819609
0.0359569937
0.4676715136
0.0504644290
0.0448884964
0.0077870330
0.0672281533
0.0551618375
0.0730678216
0.0134883765
0.0152636142
0.0289114639
0.0037858996
0.0321824551
0.1657643169
0.0457192287
0.0054903314
0.0121450005
0.0601629727
0.0459604301
0.0026543373
0.0388355814
0.0804196373
0.0199754760
0.2606141269
0.0685635060
0.0300995726
0.0483059734
0.0255912952
0.3764190078
0.0685944185
0.0089882696
0.0152225485
0.0158904679
0.0158103034
0.0066487412
0.2826501429
0.0514514484
0.0029505799
0.0073000016
0.0386471339
0.0261210464
0.0295327473
0.1872949749
0.0207709186
0.0206029471
0.1489208341
0.0671046078
0.0058679180
0.9257498980
0.0150706349
0.0316768028
0.0876766220
0.9544280767
0.8164961338
0.0056514544
0.0197545830
0.6113134623
0.0073157046
0.0523638092
0.0521157160
0.9769919515
0.0705322400
0.0401359312
0.2231235653
0.0678621531
0.1178625450
0.0410879813
0.0223029070
0.0033971060
0.0685055777
0.0314063467
0.0391540118
0.0045191795
0.0523217283
0.0179170948
0.0101374639
0.0170477387
0.0581940226
0.0029520355
0.0234313067
0.0187107380
0.0680839568
0.0667578578
0.0497456603
0.0431430265
0.4328130782
0.0119478265
0.0064782617
0.0394060649
0.0235463381
0.0047011971
0.0494537130
0.0795466378
0.0733939260
0.0107548730
0.0460216515
0.0107899066
0.0664073005
0.0056808279
0.0272748210
0.0720050037
0.1511213332
0.0157758649
0.2925975919
0.0399453156
0.0053333663
0.0585604683
0.0287092756
0.0674474612
0.0032174424
0.0148542905
0.0035019091
0.0819268152
0.9586873651
0.0270805117
0.0045459555
0.0166355167
0.0128782345
0.0273032654
0.0428880304
0.0401986167
0.0129838996
0.0319563895
0.0334210508
0.0284973625
0.0634459928
0.6789911985
0.0084507968
0.0378448851
0.0772739127
0.0252278745
0.0033840183
1.0509339571
0.2358869165
0.0588342361
0.8209302425
1.0562580824
0.0150209330
0.0548664555
0.0574812517
0.0080033457
0.0109768063
0.0449361205
0.0950985700
0.1038387045
0.0407864451
0.0045130579
0.1889138967
0.0100410469
0.7512998581
0.0947065949
0.0060369819
0.0635982975
0.0058680563
0.1251572520
0.1879125088
0.1453131735
0.0357028618
0.0862982869
0.0592376515
0.8169423938
0.1303752661
0.0037200600
0.0386527292
0.0720951334
0.0443524048
0.0133711146
0.0179626960
0.0181017388
0.0713609233
0.0181648899
0.0130299469
0.0933958665
0.0181495938
0.5843603611
0.1204348579
0.0643710569
0.0060490277
0.0485469662
0.0300518367
0.0114251012
0.0258323532
0.0158377215
0.2563518882
0.0117387846
0.0232942030
0.0086276699
0.0505868122
0.0680003539
0.0147003764
0.0126349060
0.0440458097
0.0373814702
0.0262094010
0.0336164087
0.0081106247
0.0546693727
0.0674785078
0.0367864296
0.0062241997
0.0137291513
0.7553619146
0.0111633874
0.0126621006
0.0638306960
0.0140318992
0.0313330144
0.0481768139
0.0517103449
0.0170240775
0.0388652720
0.0148861092
0.0117255235
0.0269498676
0.0678618699
0.0579345711
0.9094549417
0.4316332042
0.0034894270
1.0304553509
0.0212378651
0.0559347160
0.0069772783
0.0105377445
0.0038407845
0.0107993055
0.0519123450
0.0599553771
0.0212816335
0.4000604153
0.0036820017
0.1550589055
0.0447433367
0.6687021852
0.0206448548
0.9791129231
0.0480491668
0.0462919846
0.0243065357
0.0306653511
0.0087115066
0.0051418352
0.0047395118
0.0439281240
0.2452051342
0.0466016531
0.0038153743
0.0291326996
0.0528067313
0.0202292558
0.0033458904
0.0046099806
0.9776401520
0.0129041858
0.0051559163
0.0262918491
0.7820640802
0.0209706463
0.0171538945
0.0815853477
0.0202198867
0.6676146984
0.0031429657
0.0045314054
0.0591468140
0.0162339211
0.0462553687
0.6272434592
0.0122651486
0.0143591315
0.0430206098
0.0169036966
0.0324513949
0.0335727446
0.0766215548
0.0485650562
0.7944614887
0.5677431822
0.0309255496
0.0282917432
0.0329992250
0.0097199930
0.2459991723
0.0365747102
0.0218965728
0.0094344756
0.0065719243
0.0228961222
0.0525944531
0.0592618920
0.0542396046
0.0156640280
0.0701494217
0.0120771155
0.2797374725
0.0445060879
0.0040799850
0.0167673826
0.0503855124
0.0497639962
0.0505147241
0.0409770235
0.0385291353
0.0456820950
0.2350702435
0.0330063850
0.8033338189
0.0327635929
1.0249820948
0.0507881679
0.7819185853
0.0899248421
0.0078371037
0.0082424441
0.4380448461
0.0069760927
0.0177574027
0.0238888990
0.0484845564
0.0035872944
0.0113602774
0.0235723183
0.0335600376
0.1316277087
0.0553841479
0.0688417032
0.0094265006
0.0466355309
0.9842296839
0.0122691626
0.0248439256
0.0377363935
0.0420690328
0.0447319485
0.0260721706
0.0427885726
0.0132447230
1.0168514252
0.0144445179
0.0082853334
0.0155406520
0.0589467138
0.5262932181
0.0499865338
0.0043427809
0.9963641763
0.0685281307
0.8892929554
0.0181128439
0.0348669961
0.0404411629
0.0052779312
0.8150172234
0.0158772729
0.0061916374
0.0060986178
0.0135396961
0.0114508793
0.2821855247
0.0700022429
0.0050848559
0.0102907186
0.0615117662
0.0207792260
0.0679862052
0.0161538012
0.2452110052
0.0079936907
0.0135655226
0.0619712956
0.0711990520
0.0528829768
0.0275310930
0.0381206386
0.3917445540
0.0222877320
0.0336017646
0.0134415934
0.0460171849
0.0684461147
0.0885381550
0.0080455327
0.0691903979
0.0711473152
0.0062370882
0.0066393758
0.0341520831
0.0030892917
0.0029902002
0.0136983395
0.0073905573
0.0072170976
0.8261704445
0.0099553857
0.0396999009
0.0251069143
0.0574809611
0.0221961346
0.0649416000
0.0600805134
0.0388355739
0.0105492622
0.9446301460
0.0072390847
0.0355711728
0.0503742546
0.0107110189
0.6227483153
0.0040947245
0.0435630344
0.0112905037
0.0245675500
0.0332259126
0.7648702860
0.1828918904
0.0071741692
0.0750752687
0.0213907547
0.0052002929
0.0034020739
0.0069666533
0.0550171472
0.7276589274
0.0105343508
0.0438697226
0.0151884658
0.0403122641
0.0089740278
0.0433688723
0.0571516640
0.0205107462
0.0090303095
0.0312116854
0.0152274752
0.0184144340
0.0145906890
0.0676337332
0.0042262007
0.0555971004
0.0598285794
0.0524770766
0.0136316372
0.6648148894
0.0064694099
0.5181846023
0.0579215996
0.0126822693
0.0358727463
0.0274966639
0.0068506934
0.6844673753
0.0210941192
0.0060496111
0.0030936878
0.0128805554
0.0238926709
0.0089679230
0.0347165801
0.0288010258
0.0166726001
0.0610339269
0.7103496194
0.0391900316
0.0238274783
0.0085679777
0.0179729294
0.0420143716
0.0097993258
0.0502090268
0.0117846783
0.0275386814
0.0088450294
0.0034506768
0.0263262726
0.5051057935
0.0104222158
0.6233707666
0.2521309853
0.0045765522
0.0439606532
0.0468102656
0.0038741543
0.0279091150
0.0361704081
0.0271655247
0.0086481962
0.0103623867
0.0119031910
0.0822455436
0.0058211558
0.0438818932
0.0277507976
0.0218179058
0.7070598602
0.0590718016
0.0197925027
0.0049407231
0.0096736336
0.0269912872
0.9047160149
0.0727674067
0.0085691893
0.0647154003
0.5442505479
0.0167426392
0.0184742585
0.0361696444
0.0043195733
0.0277893767
0.0060406416
0.7258363962
0.8200698495
0.0215719715
1.0166426897
0.0537189804
0.0356280990
0.0066476380
0.0192419086
0.0129015176
0.9768457413
0.6534109116
0.0265211277
1.0098067522
0.7249585390
0.0317709036
0.0448358320
0.0220253598
0.0088455193
0.0066441535
0.0664956048
0.0628477484
0.0155000398
0.0321477391
0.1554100662
0.0366731435
0.0618066378
0.8228634596
0.6564217806
0.0112472763
0.0651661307
0.0706497729
0.0843152404
0.0594963692
0.0222781524
0.0312517695
0.0438113809
0.1535271704
0.0623911284
0.0209272485
0.0226346347
0.0132628633
0.0149540780
0.0750963390
0.3059838116
0.0029960417
0.0288855545
0.0227199271
0.0407653078
0.0267137364
0.0469553694
0.0143814571
0.0047083329
0.0126858931
0.0061708353
0.0255524330
0.0217985474
0.0089578908
0.2535232902
0.0546385869
0.0117696151
0.0302876122
0.5103098750
0.6615645289
0.6593630314
0.0592776574
0.0493824854
0.0103901755
0.0638971701
0.0423942506
0.0316712707
0.0159927122
0.0345732160
0.0061269938
0.1695847064
0.0255227257
1.0065534115
0.0071395943
0.0597726479
0.0029806173
0.0543611459
0.0095933396
0.0313553438
0.0237880051
0.0401460640
0.9196168780
0.0097873155
0.0573229827
0.0051437840
0.0983315334
0.0222973377
0.0092856027
0.8336832523
0.0097642420
0.0604524650
0.0644297972
0.0180765949
0.0354205593
0.9487944245
0.0148580484
0.0255109537
0.8207467198
0.0113524701
0.0043968069
0.0047748000
0.0093052052
0.0685812458
0.0484359004
0.6538267136
0.6195020676
0.0534414016
0.0724111423
0.0097135482
0.0115790227
0.0056570331
0.8109975457
0.0454133190
0.0672321990
0.0085047130
0.0059002531
0.4977282882
0.0508134216
0.0534887165
0.1539956480
0.0116400681
0.0477560423
0.0599401593
0.0072319284
0.0314685777
0.0074692774
0.0163183492
0.0134046795
0.0729734898
0.6160553098
0.0289135408
0.0525251329
0.0173090994
0.0143606560
0.7089681625
0.0243898202
0.0403727666
0.0615858808
0.0237027295
0.0135338977
0.0149912070
0.8352301121
0.8662531972
0.0207732897
0.1734820604
0.7777026296
0.0462860651
0.0170655102
0.0270381756
0.0266713612
0.0168248434
0.0060184067
0.0516088270
0.0036015669
0.9258244038
0.0533521734
0.0576344877
0.6837342978
0.0366223715
0.8298842311
0.8945735693
0.6034607887
0.1553239673
0.0490636118
0.0774825588
0.0282272864
0.3874453008
0.0237977747
0.0076726405
0.0445163883
0.0132939974
0.0641668141
0.0576378405
0.0041113081
0.0207736548
0.0034995850
0.0276774727
0.0204045586
0.2625796497
0.0280137435
0.9518185854
0.0860805735
0.0913767591
0.0039638248
0.0800151154
0.0288465470
0.0222530458
0.0148549657
0.9589576721
0.0110586490
0.0828516707
0.0143562071
0.0265061408
0.0099675078
0.0527251512
0.0116311619
0.0036140948
0.0035508315
0.0581182837
0.0601614118
0.0066567669
0.0058640954
0.7466943264
0.0037350333
0.0311251245
0.0104197226
0.0073237633
0.8102509379
0.0219294857
0.0457788818
0.8723693490
0.5241861343
0.8382617831
0.0134544875
0.0039300802
0.0439505018
0.0060332064
0.0175297093
0.0081119686
0.0468406677
0.0306896362
0.2926624715
0.7940781713
0.0239442177
0.0479301438
0.0136588765
0.0473596081
0.2347208411
0.9043301344
0.0246320665
0.0047790809
0.0044608884
0.7985553741
0.0228046402
0.0695625991
0.0104211736
0.7306408286
0.0040453519
0.0077412133
0.0216469076
0.4791492820
0.0249870121
0.0165067036
0.0113747828
0.0057710819
0.0156195890
0.0289002638
0.1597700119
0.0663453266
0.2140663713
1.0650134087
0.0058510494
0.0102417944
0.0357473530
0.0148139400
0.8068140745
0.0136954989
1.0945693254
0.0559936389
0.0268036854
0.0124566313
0.1006026641
0.0190148726
0.0140415197
0.0517167449
0.8629419208
0.0204581786
0.0479901806
0.0042088581
0.0182078984
0.0233039781
0.0577427112
0.0121790590
0.0336564668
0.0036843966
0.0552804358
0.0401207395
0.0124118999
0.0385515913
0.0249607954
0.0277873278
0.0046186363
0.0084176855
0.0067458097
0.0039947494
0.0313373171
0.4189238548
0.0040772348
0.0622146502
0.0220505316
0.0710013285
0.0127802519
0.0104181711
0.0377970934
0.0033922463
0.0452694371
0.0248525310
0.2075237036
0.0396100804
0.0302682724
0.0238742065
0.0600015372
0.0568512902
0.0137293395
0.0038738383
0.0385800265
0.0311550051
0.1196987480
0.1363873482
0.0407957137
0.0616581850
0.0341749117
0.0098116659
0.0658928677
0.0255532227
0.0053621600
0.0030960825
0.0052890144
0.4530229270
0.0171722062
0.0073291915
0.4963344634
0.7185094953
0.0636973977
0.0075857006
0.0370767042
0.8809036613
0.0032954926
0.0070680282
0.0191626232
1.0322208405
0.0420014746
0.0107383914
0.0548095629
0.0033377840
1.0322576761
0.0071469969
0.0078769084
0.2766968012
0.0220945440
0.0054975213
0.9410731792
0.0149405589
0.8275599480
1.0258742571
0.0479965284
0.8028389812
0.0081503578
0.0132163474
0.0364887193
0.0248513967
0.8539529443
0.0069868597
0.0182441138
0.0321132168
0.0140385116
0.8494629860
0.0690682009
0.0041899262
0.0385614857
0.0283773039
0.0381455235
0.0047103018
0.0208816566
0.0455839708
0.1677913964
0.0628111884
0.0064619365
0.0034608301
0.0154823344
0.0030626820
0.0039021152
0.0110099278
0.0396125391
0.9313075542
0.0171143487
0.0517589115
0.0425337180
0.0496903136
0.0173505899
0.0122889895
0.0071772151
0.0564283766
0.0140836891
0.0035333615
0.0666305199
0.6774256825
0.0448483676
0.0034579725
0.0087733343
0.0252350420
0.0093610864
0.0070344806
0.0138808982
0.0379995741
0.0268665049
0.0674133003
1.0556629896
0.0034563688
0.0288139340
0.9752787352
0.9446563721
0.0451336280
0.0347036533
0.0063643232
0.0260033105
0.0035092556
0.0210576262
0.0112414286
0.0093871355
0.1047988161
0.0210891403
0.0091812229
0.0038334669
0.0037146178
0.0106645562
0.0240113810
0.0475229025
0.0259429943
0.0308247097
0.0686908960
0.0108675770
0.0298921205
0.0633702651
0.0502477773
0.4531109929
0.0492613837
0.0056166919
0.0207645614
0.0237491857
0.0031401566
0.0738791674
0.0050165216
0.0069205998
0.3003884852
0.5301507711
0.0461935699
0.0088229552
0.1509972960
0.0469778143
0.0038311842
0.0258289706
0.0290289167
0.0047377353
0.0133539522
0.0233072788
0.9081909060
0.0501399040
0.0403722897
0.9028905630
0.0217504594
0.0228802375
0.0214823987
0.0174722951
0.0719162226
0.0070594223
0.0077060824
0.0118769407
0.0682460964
0.0075636064
0.0415119529
0.0156005472
0.0410527065
1.0141015053
0.9569334388
0.0035912408
0.0717300028
0.0068518114
0.0047611771
0.0506316945
0.0329156667
0.0329061635
0.0307927541
0.0320220441
0.0234032646
0.8481534123
0.0121706957
0.8751275539
0.4738753140
0.0140243564
0.0352143943
0.0389932320
0.0206309333
0.0078679621
0.0101295328
0.0377638787
0.4222787023
0.0455040708
0.0030465082
0.0518533327
0.0037559739
0.0114750033
0.0113349324
0.0044948347
0.0387791246
0.4168428779
0.0589023121
0.0231691152
0.0699656010
0.7233043313
0.0347197577
0.0531683154
0.0318778232
0.0128912469
0.0320245735
0.0080107730
0.0137477415
0.0462641492
0.0168309584
0.0146929817
0.0652965233
1.0561621189
0.0658266395
0.1011411175
0.0175024662
0.9906343818
0.0097612403
0.0120489569
0.9368280768
0.0471353158
0.0356006250
0.9777191281
1.0311783552
0.5832688808
0.9321300387
0.0104497047
0.8953337669
0.2112910450
0.0180833545
0.0099364771
0.0042688190
0.0141122686
0.0081279138
0.0309137907
0.0430936925
0.0347504467
0.0417752229
0.0159737505
0.0060574100
0.0278263837
0.0614682585
0.5708010197
0.5680284500
0.0040218919
0.2423629761
0.0817374811
0.0632531121
0.0087202424
0.0606982559
0.0726276562
0.0332640894
0.0223994646
0.0212370474
0.0628465489
0.0469798669
0.0050794547
0.0047444724
0.0420897938
0.9377579689
0.0276544690
0.0691097751
0.0482745096
0.0237175692
0.0319588073
0.0604598410
0.0203898791
0.0217297487
0.8488249183
0.5767775774
0.0103201242
0.0146426624
0.0309223216
0.9253396988
0.0035405750
0.0438186266
0.0087396232
0.0070660715
0.0074883932
0.7642567158
0.0039687888
0.0212336071
0.0039130789
0.0075906124
0.0215313081
0.0368806124
0.5612456799
0.5958331823
0.0103718145
0.0247271806
0.0355321355
0.0153828328
0.0453869328
0.0629840121
0.0388227962
0.0072822073
0.0050207279
0.0543790869
0.0064345915
0.0617535189
0.3115729094
0.0081349108
0.0322827138
0.0187706500
0.0742037594
0.8601968288
0.6990492940
0.0055980752
0.0885104313
0.8097964525
0.0127908895
0.2738154531
0.0143690836
0.0535039268
0.8033583760
0.0463581420
0.0534453914
0.0311410669
0.0054983059
0.0319003873
0.0141192414
0.0151092652
0.0558704883
0.5991072655
0.0346135423
0.0305933170
0.0031131124
0.0338385217
0.4377853572
0.0316531919
0.0152665330
0.0177010540
0.0300175548
1.0142410994
0.0062072342
0.0500866212
0.0350267887
0.0248394441
0.0238919873
0.7041978240
0.0122818723
0.9751685858
0.0209430791
0.0683295727
0.0725271478
0.0289076306
0.0278673079
0.8556413651
0.0279870573
0.0535688028
0.0112287877
0.0059357397
0.0044077397
0.7986323237
0.7212744355
0.0135890143
0.8046982884
0.0145103857
0.0700254068
0.0297710076
0.0074318126
0.3722938597
1.0533761978
0.0622315072
0.0050198529
0.0529388338
0.7815072536
0.8023702502
0.0314760581
0.9232042432
0.0188986529
0.0731972754
0.2472980469
0.0122544663
0.0291888826
0.0442560837
0.0377151482
0.0201593563
1.0028722286
0.1237521172
0.0522770248
0.0361853205
0.0170401987
0.0743840188
0.0154692288
0.0374698751
0.0526178628
0.0093275150
0.0045661530
0.0315211117
0.0111901239
0.0077210399
0.0881914943
0.0111519862
0.8849613667
0.0141108455
0.0524308681
0.8692744374
0.0039329194
0.4217330515
0.1938077509
0.0101222573
0.9537026286
0.7464712858
0.8306340575
0.0248028580
0.0035995755
0.0620931946
0.0311809331
0.0148159303
0.0540160127
0.0140286507
0.0525786430
0.0712393895
0.8987433910
0.7241478562
0.0200453009
0.0349339209
0.0035449066
0.0174992345
0.9784483910
0.0355843157
0.0238427892
0.0388679057
0.0237083454
0.0443956852
0.0205261949
0.0087795639
0.0685984865
0.0223113205
0.3250693977
0.0704615340
0.1112458929
0.0095306262
0.0146050211
0.0095442282
0.0143982777
0.0115449391
0.0340245217
0.0547541268
0.9446994066
0.0300931092
0.0060210484
0.2390065789
0.0653097108
0.5536947846
0.0272548795
0.0247595850
0.0239807647
0.0570163168
0.0245637763
0.0206221025
0.0722125322
0.0498727635
0.0041482919
0.1124807596
0.0625816435
0.0073922132
0.0480029285
0.0753282011
0.2177163512
0.0029241373
0.0214284286
0.9654884338
0.6140981317
0.0370318592
0.0222853199
0.4460541606
0.0661645532
0.0207348652
0.0514218211
0.0289364960
0.0231173746
0.0040893788
0.5841308832
0.0951410830
0.0131204342
0.0149693759
1.0270808935
0.0063429154
0.7634713650
0.0121946642
0.0233583152
0.0106249247
0.0374803022
0.0445643775
0.0067850673
0.0047916071
0.1177244186
0.7064386010
0.0349200405
0.0052782930
0.0077475710
0.0294078607
0.9555853605
0.0259444453
0.0138785047
0.0526446775
0.0214752536
0.0445348173
0.9578257799
0.0090766884
0.0080801556
0.0530964397
0.1913499236
0.0038461732
0.0074649109
0.0100483699
0.5298640728
0.0615448654
0.0129955905
0.1412754655
0.0095837787
0.0044289343
0.0366306379
0.0663226917
0.0051894207
0.0093410453
0.0672529191
0.0059714564
0.0172324330
0.0057575321
0.0069563934
0.3332347274
0.0136595489
0.0343836732
0.0249017440
0.0035899857
0.6319842935
0.0873032883
0.8466225266
0.0088691264
0.0418826453
0.0327545889
0.9895027876
0.8509165645
0.0345722325
0.9269713759
0.0171705820
0.0040722135
0.0237940922
0.2248315066
0.0059123035
0.0196066462
0.0063295616
0.0422299094
0.0361818038
0.0148333935
0.0055698701
0.0141796609
1.0570814610
0.0263779499
0.0030214603
0.0065813335
0.0251062252
0.0251485351
0.0494554378
0.0602808632
0.0471734963
0.9145174026
0.8255156875
0.0641070604
0.9230459332
0.0289399996
0.0207666438
0.7516795993
0.0648412555
0.0137697319
0.0689064562
0.0352461636
0.0649435595
0.0176735949
0.0453929454
0.0471043922
0.0184565354
0.9986125231
0.0029307618
0.0185269080
0.0036729663
0.0083060125
0.0398703814
0.0040421435
0.0129007064
0.0132984910
0.0202375315
0.2045652121
0.0518121198
0.0232235994
0.0033879266
0.0115398625
0.0937247947
0.2132147253
0.0436380766
0.0697200969
0.0879788697
0.0534162670
0.0627329424
0.0157596935
0.0079124533
0.0099775586
0.0270695388
0.0182337482
0.4930409789
0.0046281414
0.1104262024
0.0263554528
0.0067911674
0.0091537265
0.0251621101
0.0032327569
0.0319775753
0.8833376169
0.0075198100
0.8887325525
0.0452168174
0.0227168035
0.0414025374
0.0240219682
1.0251867771
0.0152364941
0.8203831315
0.0227159206
0.0443176441
0.7651799917
0.0462472253
0.0034697447
0.8439844847
0.1023232713
0.0034585050
0.0304623265
0.2846829295
0.0541839860
0.3340208828
0.0417451635
0.0058495118
0.0711555928
0.0053918548
0.0439758375
0.0238913596
0.0598982275
0.0102681499
0.0208655242
0.0161122438
1.0431745052
0.0126005765
0.8574389219
0.0219683610
0.0664241537
0.7310935855
0.0353476480
0.0174618587
0.4771796167
0.0463551916
0.0042377007
0.0538497344
0.0444186963
0.2871915698
0.6047512293
0.0300488863
0.0185071975
0.0214888453
0.0070473072
0.0510612354
0.0456704013
0.0048137689
0.0476943366
0.0081146983
0.1246457994
0.0837297291
0.0169135258
0.0241175294
0.0049067279
0.9654681087
0.0247700457
0.0198882744
0.0292924829
0.0066895583
0.1124407351
0.0123469913
0.0033101374
0.0340774469
0.0690878108
0.0173917189
0.2915057838
0.0162758511
0.0087123560
0.0219246000
0.0662934333
0.0351614542
0.0033295057
0.0806403160
0.0671737269
0.0155226188
0.0388649963
0.0319265202
0.0060960557
0.0648635551
0.0177925844
0.3864467442
0.4900110960
0.2939471900
0.0551538095
0.0171615072
0.0031123860
0.3290354013
0.0063862274
0.9071331620
0.0072153248
0.0448309034
0.0029939665
0.0052088439
0.1722998768
0.0822727308
0.0059111617
0.0173098240
0.5247178674
0.0407826193
0.0532613844
0.0073093465
0.0049201366
0.0332559682
0.0118313981
0.0855018049
0.8442406058
0.0088378200
0.6686014533
0.8762030005
0.0342320241
0.0266257208
0.0734563246
0.0058343601
0.7489520311
0.7796358466
0.0190534797
0.0063954713
0.0478849374
0.0362055264
1.0065464973
0.0037339607
0.4807021618
0.3995161355
0.0535191670
0.0093342923
0.0452509224
0.7330490947
0.0613078140
1.0330537558
0.0347868688
0.1606315970
0.0179125313
0.0478147864
0.0192082077
0.9777731895
0.0571924634
0.0598421395
0.7274177074
0.0288689360
0.3292421401
0.0413316786
0.0225091670
0.0405055881
0.7438082099
0.1433453709
0.0378860645
0.0428145304
0.0033318691
0.4760133624
0.5674127340
0.0377253704
0.0034163694
0.0264854524
0.0038255833
0.0471171550
0.0715698451
0.0242978670
0.0592888407
0.0121857896
0.0488341749
0.0044566211
0.0268599037
0.9062488675
0.5271881223
0.0036907187
0.0183809996
0.0202510301
0.0544914678
0.2257925570
0.0061852848
0.0229034442
0.0291877799
0.7253808975
0.0050913002
0.0061694961
0.0411159471
0.0225561205
0.0286308415
0.0332855247
0.0105641419
0.0455435961
0.0413009487
0.8316719532
0.0052804924
0.0216962155
0.0109371208
0.0056518251
0.9795566201
0.0602208115
0.0303545576
0.0135071659
0.8242265582
0.2565254569
0.0402201302
0.0587916709
0.5381879210
0.0218030158
0.0053403070
0.0051002423
0.0121450275
0.0233364571
0.0901632383
0.0399360172
0.0262235403
0.5563751459
0.0697510988
0.7284580469
0.0041397093
0.6719575524
0.0090508414
0.0098521048
0.0617111064
0.0637298226
0.0267434623
0.0275829993
0.0162810069
0.3662316501
0.1709384769
0.0033343446
0.0118297106
0.0079006776
0.0091707418
0.7995219231
0.0058385325
0.0305063501
0.0499155410
0.0255261622
0.0099556772
0.0552932806
0.0083260080
0.5826768875
0.0051961201
0.0513009056
0.1126310378
0.2129745036
0.0323824622
0.0363725424
0.0162769966
0.0171676073
0.9346576333
0.0512202159
0.0694497004
0.0348282941
0.3540488780
0.0099593187
0.0052980972
0.0071634464
0.0255744401
0.0122120129
0.0229975544
0.0383974984
0.0136800241
0.0052501969
0.0104196658
0.0112974625
0.0663378611
0.1388200372
0.0071483967
0.0046675266
0.0648009703
0.4918395579
0.0551812984
0.0295491200
0.0181229990
0.0137043959
0.0307726674
0.3644592762
0.0432696156
0.6008005738
0.0028696163
0.0251059663
0.2344633490
0.0473606810
0.0198003836
0.0593627617
0.1544173509
0.2481131852
0.0079563539
0.9452396035
0.4954448044
0.0753727853
0.0124893785
0.0832822099
0.1836916804
0.0129467435
0.0725182593
0.0905648544
0.0785667747
0.0101232426
0.3796549439
0.0096644638
0.1554019004
0.3043488264
0.0430675596
0.0079532620
0.0657849386
0.9194437861
0.0132809039
0.0038779613
0.9448978305
0.0382494181
0.0410878174
0.3861764669
0.0385559686
0.0350591093
0.0263565388
0.0257580355
0.0034895169
0.7252289057
0.0044810306
0.0670815632
0.0107688466
0.8971166611
0.0089415228
0.0032260988
0.0132988198
0.0346409529
0.0089594666
0.0149492519
0.0066783410
0.0594848730
0.3975355923
0.0704419985
0.1118351445
0.0437961370
0.0266711693
0.0246441066
0.0070239115
0.9991117120
0.0910321996
0.0694996640
0.0681847408
0.0130949970
0.0138463136
0.3579350114
0.0175550822
0.4798667431
0.0161422342
0.5145273209
0.0136258900
0.0240547583
0.0063558863
0.0311543029
0.0140643157
0.0080026761
0.0140957693
0.0676208436
0.0081619387
0.0319783948
0.5303905010
0.0066320226
0.0449777767
0.9454485774
0.0260950085
0.1105942503
0.0100583639
0.0045225606
0.8435806036
0.0065747038
0.3879699707
0.0085706664
0.0065079653
0.3299978375
0.0703434572
0.0373881534
0.0049286266
0.0183249153
0.0133582065
0.0077507780
0.0053579221
1.0166304111
0.0519326888
0.1553577930
0.0724233761
1.0175564289
0.0221096277
0.4383322895
0.4989578724
0.1091577709
0.3030421734
0.0315737240
0.0716267973
0.1994394511
0.0107330037
0.0041451543
0.2464770675
0.0220808629
0.0157052800
0.0706714615
0.0497630350
0.0100777494
0.0137605807
0.0442395136
0.4386128783
0.0438681729
0.0601771101
0.0562557131
0.0081286449
0.0507117547
0.0071266610
0.1258295923
0.0552943088
0.0220218170
0.0320910551
0.0047016037
0.1602679044
0.0593687929
0.0336748175
0.0903065056
0.0111344187
0.0573121980
0.0053163515
0.0187844336
0.0745793283
0.0179257151
0.0438055359
0.0291587412
0.0175703280
0.0465303697
0.0390075445
0.0057567209
0.0176917836
0.0029999348
0.0051430380
0.0774602070
0.0102981869
0.0626199991
0.0055576293
0.0600728132
0.1108639538
0.0468121916
0.1853224933
0.0072550396
0.0076265302
0.0137209594
0.0087908665
0.0120387711
0.0806637704
0.0072213984
0.9145603180
0.6406995058
0.9005707502
0.0352531001
0.0212673694
0.0486703329
0.0057067960
0.2795167863
0.2308402359
1.0366017818
0.1316491216
0.0541458689
0.0060198638
0.0558555834
0.0314137861
0.5514509082
0.8958153129
0.3470685482
0.5439991355
0.0546066761
0.0039777039
0.0045235092
0.8589571714
0.0312944390
0.0070573920
0.0086566424
0.8532170653
0.1018079147
0.0062446170
0.0552232526
0.0176298637
0.9357225895
0.0034477802
0.0196374431
0.0044384911
0.0583380982
0.0078371838
0.0259480253
0.0585052110
0.0485833250
0.2860462666
0.0243871827
0.0133956317
0.0290728305
0.0714691505
0.0108684395
0.0048715617
0.0063178600
0.0698151961
0.0314086378
0.0093202051
0.0488590673
0.0919950157
0.0644628108
0.0734827667
0.0509431772
0.7676696181
0.6230174899
0.8359326124
0.0156299155
0.0277473945
0.8379909992
0.6121245623
0.0357634984
0.0139979450
0.0132569997
0.0548014939
0.1955075711
0.0363298729
1.0542670488
0.0047608428
0.0555826463
0.9963936806
0.8725180030
0.0555296466
0.9766380191
0.0426398106
0.9573516250
0.0607753992
0.0232153665
0.0189238675
0.0835575163
0.0064498158
0.9225564599
0.1444620490
0.0443820432
0.2469755858
0.0162704252
0.0276658833
0.0049446481
0.0131874597
0.0348964743
0.0208262093
0.5639510751
0.0663795695
0.0311882235
0.1255179495
0.0069587580
0.0230179802
0.0173354708
0.0587665401
0.0207129903
0.0042606206
0.0706742480
0.0391008109
0.0036844751
0.0632381514
0.0048516649
0.0431269705
0.0086968197
0.0476004556
0.0051912665
0.0319957621
0.0340140499
0.0057645021
0.1941512227
0.0800404325
0.1148978844
0.6118592024
0.0177700035
0.0043226052
0.6137559414
0.0134664541
0.0129665686
0.0049317023
0.1398295760
0.0075719450
0.0167254042
0.0138988690
0.5075247884
0.6395400167
0.1027465463
0.0730359331
0.5596109033
0.3045171797
0.0964678153
0.0041624717
0.0440161787
0.0515589416
0.0041447543
0.0455782712
0.0034553127
0.0679695532
0.0677071363
0.0041642454
0.0426456071
0.0157933570
0.0195930544
0.0126383761
0.0036392424
0.0093316454
0.0157923028
0.0116623128
0.0250924248
0.0718827695
0.0134330476
0.0404216945
0.0057956511
0.0532161891
0.0083825523
0.0479071327
0.0038756200
0.1736396104
0.0161871985
0.0066190935
0.0435588881
0.6009734273
0.5287926197
0.1114898324
0.0642296076
0.0095151877
0.0127332890
0.0708988830
0.1033373997
0.1204968691
0.0061320970
0.0493995920
0.0460422114
0.0164129026
0.0064038523
0.0289246235
0.0813114792
0.0292955376
0.0533273071
0.7428940535
0.0066348072
0.0430171117
0.7559123635
0.0055806236
0.0796825215
0.0100049321
0.0717206895
0.0662958100
0.0637306273
0.8930852413
0.0362894796
0.0124217328
0.0435968041
0.8969328403
0.0477948524
0.0097287055
0.0499375574
0.0945412666
0.0092681395
0.0671641678
0.7153235078
0.0030290380
0.0353363790
0.0491082966
0.0381337740
0.7949393988
0.0227768179
0.0426730551
0.0356975347
0.0223947484
0.2055290341
0.0160754379
0.0678704605
0.0037959954
0.0133293178
0.0096166451
0.0557983741
0.9229711890
0.0280154794
0.0157988556
0.0185518879
0.0546026491
0.0447092913
0.0225849114
0.0269527100
0.0421969667
0.0463124104
0.0673045516
0.0159124229
0.0217159912
0.0098353792
0.1533652842
0.0314443633
0.0112463646
0.0181149710
0.0283133127
0.0172214042
0.0322583988
0.0187703297
0.0164166018
0.3207822144
0.1649885029
0.0903649330
0.0499144383
0.0496447980
0.0315219350
0.0057286303
0.0200324953
0.0645659044
0.0274604280
0.0144190090
0.0386812612
0.0447236709
0.0167886689
0.0136564076
0.0132963918
1.0167549849
0.0100032231
0.0371101350
0.0074190986
0.0051281676
0.0150564136
0.0095101641
0.0523423068
0.0169943348
0.0320575796
0.0709784180
0.0544129238
0.0154916458
0.0088245915
0.0036425281
0.1630051583
0.0042413543
0.0080097402
0.0222089011
0.0674691275
0.0178052336
0.0655625761
0.0700715780
0.0111937709
0.0305740573
0.0677315146
0.1479576528
0.3215481043
0.9529793262
0.0538149774
0.0092380438
0.1091647744
0.0757937729
0.0505819097
0.0213705041
0.0350622386
0.1088063344
0.2401620448
0.0621679015
0.0084375730
0.0480362549
0.0354346670
0.0680637956
0.0587912239
0.0060729608
0.7241290808
0.0056441743
0.0093773054
0.2525907159
0.0077097137
0.0053688353
0.0131516540
0.0145565160
0.0644131377
0.0068103336
0.0081890011
0.0135838939
0.0384269319
0.0196069796
0.0443945825
0.0727142394
0.0482686982
0.0093883146
0.0142500857
0.0184903648
0.0045959684
0.0112991324
0.0175113622
0.0046318918
0.0093416283
0.0078522386
0.0149459494
0.0257097986
0.0323532596
0.6774533391
0.0633934662
0.1213267073
0.0221426543
0.0052019604
0.0034952196
0.0474601872
0.0216419697
0.2730107605
0.0048193950
0.0052790870
0.0259951130
0.0133657372
0.0490261614
0.0521720015
0.0205345359
0.0509059057
0.0134333102
0.0087855132
0.0045964508
0.0797937289
0.0096538812
0.0088726692
0.0140275499
0.0582879633
0.0517997406
0.3994389474
0.0409365706
0.0110141225
0.0152292913
0.0415793657
0.0580963604
0.0052940208
0.1629825532
0.0363184735
0.0143632190
0.0535612367
0.0275536999
0.0326642804
0.0668191910
0.0360746756
0.0165576730
0.0389498435
0.0534930415
0.0661833882
0.0470833406
0.0037860204
0.0234863628
0.0461460911
0.9519342184
0.0048232269
0.0031970413
0.0150311161
0.0806270242
0.0608418882
0.0521155000
0.9513136148
0.0064290701
0.0046421876
0.0050932248
0.0116601437
0.0480596796
0.9830597639
0.3201359808
0.0400198065
0.0631692186
0.0512663424
0.0336887054
0.7646266818
0.0032140212
0.0059747188
0.0042997529
0.0718035027
0.0333909355
0.0304865576
0.0105434302
0.0727093443
0.0536395758
0.0039926586
0.0030351894
0.0391966961
0.0058661718
0.0550910868
0.0136535540
0.1723922193
0.0620741174
0.0671809986
0.0820842534
0.1535145044
0.0283942316
0.2515347302
0.0220651273
0.0700751543
0.0600920394
0.0382107645
0.0079400893
0.0750714615
0.1246632114
0.0438388735
0.0162490122
0.0092846770
0.0298744533
0.0073509007
0.0038749517
0.0394056477
0.7992185950
0.0173064303
0.2485719174
0.1270964891
0.0337764733
0.0634054616
0.0048122643
0.0374425277
0.0638362616
0.0123875104
0.0126539264
0.0476985648
0.0052422378
0.0094196675
0.0098515861
0.1221645400
0.0678740069
0.0179830156
0.6793676615
0.0059040599
0.0127868084
0.1182181016
0.0122886775
0.1206840202
0.0343695544
0.0649002865
0.0047204890
0.3149786592
0.0226349384
0.0265632439
0.0670338497
0.0041112481
0.3856505752
0.0382960588
0.0131606078
0.0037725379
0.3245745301
0.0182055775
0.0102916397
0.0401917398
0.7869644761
0.0072673899
0.0359178372
0.1671654433
0.0436650217
0.0179003850
0.0036003669
0.0159977973
0.0143159805
0.1137340963
0.1520064324
0.0184220392
0.0140161626
0.0136394296
0.0205656961
0.0201451741
0.0038843316
0.0413809270
0.0442179032
0.0057309452
0.0386271775
0.0191010777
0.0034312566
0.0062139388
0.0041512614
0.0132283363
0.0207091570
0.1229916289
0.0265664216
0.8569303155
0.0418695323
0.0284158997
0.0134401564
0.0258260462
0.0173986908
0.8609343171
0.0041619455
0.0163207669
0.0298905689
0.0036989301
0.0541633293
0.0053777830
0.0046755685
0.0040274584
0.0474602766
0.0109764896
0.6961120367
0.0066744229
0.0650037155
0.0031239055
0.0098322295
0.0140920170
0.0220515803
0.0333860591
0.0555596240
0.0478697531
0.0168517381
0.0922270417
0.0708668157
0.0104583027
0.0348805487
0.0349790677
0.0039417702
0.0055496651
0.0179415103
0.0280723013
0.0618447922
0.0523737855
0.3806048036
0.0349794328
0.0033922973
0.0582478195
0.0106855147
0.4578242302
0.0801914260
0.0188487265
0.0419814959
0.0361804925
0.0162339099
0.0100286575
0.6633937359
0.0092767123
0.0446901657
0.1405095160
0.0033066843
0.0139197921
0.0330345333
0.0784093663
0.0190163907
0.0306360666
0.0127257770
0.9790027142
0.0089784265
0.0308039691
0.0041537508
0.9216418862
0.2059877366
0.0034124893
0.0082638357
0.9482117295
0.0367566012
0.9716406465
0.0157276653
0.0440045819
0.0103073455
0.0154229281
0.1097296253
0.0087748319
0.1019684672
0.0346828811
0.0325052626
0.0338436998
0.4014472663
0.0755151138
0.1995472014
0.0522627346
0.0547693372
0.0951506048
0.0230025165
0.0105795627
0.0154754799
0.0124495886
0.1323584169
0.8591266274
0.0431111082
0.0404577218
0.0115380539
0.0629772544
0.0083012916
0.0606903546
0.0060468153
0.0587433651
0.0403188765
0.0484303162
0.0558958612
0.0498914048
0.0246451534
0.0396493338
0.0042148456
0.0059286663
0.0355453491
0.0161579438
0.0659157634
0.0034132476
0.0577704459
0.3032611310
0.1056235880
0.0291843638
0.0139606446
0.1547888070
0.0038906697
0.0732235312
0.0679820552
0.0240491591
0.0056323363
0.5279709101
0.2007770985
0.0349332355
0.7472826242
0.0605813265
0.0148722418
0.0533004142
0.0041325372
0.0539031588
0.0182985011
0.0081845168
0.5774251223
0.0189499427
0.2168457955
0.0230444055
0.0282862093
0.0367923975
0.7494795918
0.0326219648
0.0076373708
0.0112700341
0.0107668033
0.0040833675
0.0450032465
0.0094833970
0.0370795764
0.3603998423
0.0265758801
0.0097736418
0.0046951766
0.0186623614
0.0257519726
0.0038661365
0.0063295886
0.1257969588
0.0363083407
0.0639258102
0.0873776898
0.0326845348
0.0725110918
0.1360359490
0.1378567368
0.1131033227
0.0180757251
0.3320609331
0.0035485800
0.6981092691
0.0054770708
0.0524023622
0.0760949552
0.2028190792
0.0033559219
0.3228998780
0.1207085177
0.0040147691
0.0916633531
0.0031998535
0.0047434391
0.0615807958
0.0299615022
0.0517170876
0.0316511691
0.1400192827
0.1171575189
0.0387446210
0.0527842529
0.0541952290
0.0519333631
0.0206753388
0.0170954615
0.0399903432
0.0105208904
0.0270040873
0.0052267704
0.0692399964
0.0079631247
0.0392656252
0.0078929281
0.4742283225
0.0046333098
0.0037956841
0.0487196706
0.0481872559
0.0703963339
0.0400934257
0.0253642965
0.0167719908
0.0440004840
0.9229290485
0.0406488180
0.9321097136
0.2365830988
0.0386879779
0.0389669500
0.0379908234
0.0631098002
0.0242449343
0.0055137249
0.4472745657
0.0293846130
0.0353816859
0.0394460373
0.0541054681
0.0126548950
0.0725705326
0.0549625009
0.0276626963
0.0384036750
0.0049333833
0.0606207028
0.0561204106
0.0380727276
0.1906286031
0.0717870295
0.0701600611
0.0051186346
0.0231405199
0.0473051816
0.0267477985
0.0279320888
0.0724702179
0.0103171570
0.0097015612
0.0074164919
0.0690165088
0.2461313456
0.0608820468
0.0031498116
0.0034232077
0.0202043019
0.0158470981
0.0083256476
0.1185118034
0.1031127423
0.0406589955
0.0102996659
0.0231154971
0.0291471966
0.0457304120
0.0708366409
0.0725625530
0.0128105544
0.2203114927
0.0643426999
0.0066816905
0.1019322872
0.0333548896
0.0668036640
0.1492132694
0.0465395041
0.0252277013
0.0408353247
0.0437031835
0.1398686767
0.0078264158
0.0233485736
0.0443468094
0.1291170865
0.3126351833
0.0265000537
0.0282102451
0.2078039646
0.0029203198
0.8322808743
0.0030658145
0.0401963443
0.0208170712
0.0036100678
0.0211480688
0.0244783387
0.0109741949
0.0379391983
0.0115477741
0.0456557795
0.4709479511
0.1014713570
0.0675440505
0.0228349827
0.0513187386
0.0627355129
0.8689103723
0.0493292548
0.0326658152
0.0671179816
0.0183855426
0.1419373900
0.0047766175
0.0034577053
0.0093619814
0.0425503254
0.0531547479
0.0396280438
0.0354500785
0.0609500110
0.0035180820
0.0089743678
0.0224792808
0.0222521815
0.0223018266
0.0079311421
0.0035331137
0.0310589019
0.0029955227
0.0044128122
0.0520170666
0.0057719760
0.0081718313
0.0120622348
0.0153862182
0.0122167738
0.8338549137
0.0415803380
0.0107720867
0.0682491958
0.1493398398
0.0081334785
0.2811251879
0.0040293164
0.0082081128
0.0087873060
0.0244554095
0.0204339512
0.0283563528
0.0413117707
0.0681470782
0.9924662709
0.4601289630
0.8246818185
0.0150358938
0.0266137216
0.0216615163
0.0077876053
0.0138038471
0.0419942364
0.1148556620
0.0104616741
0.0511385128
0.0509449877
0.0090877293
0.0101802181
0.0546737686
0.0348177068
0.0084521864
0.0095341280
0.0334408060
0.0091143185
0.0646223873
0.0352238528
0.0216501039
0.0345468931
0.0166654177
0.0480822362
0.0654364154
0.0249297693
0.0095023653
0.0150191681
0.0681344345
0.0280371141
0.0613908209
0.0141774984
0.0433234125
0.0410086662
0.0159135573
0.1909480095
0.0283641983
0.0289690960
0.0600762814
0.0688592941
0.0699678063
0.0078957602
0.0606165454
0.2650864422
0.0145232556
0.0195024181
0.0316545032
0.1180311739
0.0051406436
0.0546447374
0.0349073634
0.0035337273
0.0395089090
0.0072464873
0.0768545866
0.0131810261
0.0088841151
0.0850629136
0.7332770824
0.0089518512
0.0389139317
0.0252995286
0.0232287683
0.0197697505
0.0135422144
0.0119526936
0.0318548158
0.0037236109
0.0603336953
0.0056365519
0.2664488256
0.0067370101
0.0436907411
0.0596098490
0.0281991456
0.0439903513
0.0254599936
0.0454004258
0.0402269438
0.0045977365
0.0053889495
0.0101381354
0.0040363967
0.0668178052
0.0076362151
0.0039242990
0.0659483150
0.0165809523
0.0342947543
0.0323082060
0.0422887169
0.0106933406
0.0214024503
0.0175687503
0.0720284209
0.0095317615
0.0142501583
0.0089741312
0.0818135515
0.0069918423
0.4674492776
0.0725906938
0.0035449343
0.0243441984
0.0127026886
0.0076040933
0.0417862199
0.0716754124
0.0591079108
0.0051273406
0.0725476146
0.0072497055
0.0754221529
0.0035117948
0.0299381372
0.0083436156
0.0029956903
0.0195019282
0.0653577298
0.0077915932
0.0040136119
0.0287258029
0.0160156488
0.0032504406
0.0437146649
0.0075812838
0.0358190425
0.0125560835
0.4098987579
0.0103908759
0.0419066511
0.0643875152
0.0125410762
0.0084862821
0.0420452766
0.0298715699
0.0044006081
0.0609138086
0.0301574301
0.0382159241
0.0646384805
0.0434487388
0.0109886248
0.0313343331
0.0573421009
0.0529750288
0.0250749681
0.0245736279
0.0364789665
0.0414947756
0.0723189712
0.7658988833
0.0648631081
0.0036350316
0.0528337024
0.0610413961
0.0488920547
0.0164500531
0.0119683519
0.0463305376
0.0099308752
0.0061549237
0.0047238823
0.0727963224
0.0297806840
0.0368313417
0.0129727097
0.0352056362
0.0324077457
0.0082257949
0.0044529531
0.0107940603
0.0071206191
0.0379130691
0.0403634869
0.0225153361
0.0255892202
0.0235300865
0.0242169537
0.0145055577
0.0359092318
0.0104695978
0.0690903813
0.0190953277
0.0277580656
0.0300023146
0.0092101479
0.0083685638
0.0296649523
0.0294464473
0.0030879923
0.0184825622
0.0093937377
0.0369779132
0.1450794339
0.0525567420
0.0731086060
0.0957446322
0.0253974348
0.0073563028
0.0219818149
0.0109248841
0.0060443701
0.0166121293
0.0394180380
0.0197440684
0.0187026449
0.0536669381
0.0087511484
0.0721992478
0.0158445556
0.0349286757
0.0342698321
0.0062554944
0.0396122225
0.0291125514
0.0239304136
0.0056599244
0.0239146259
0.0537648387
0.0815318823
0.0049461890
0.0185522400
0.0235874373
0.0104030725
0.0048469547
0.0115215890
0.0351430401
0.0619152710
0.1681423336
0.0060377312
0.0068279961
0.0301505234
0.1080438048
0.0111692213
0.0323249921
0.0690679401
0.0449300110
0.0583807938
0.0126505401
0.0635846332
0.0184117276
0.0096214153
0.0622959621
0.0226754826
0.0241715126
0.0092528583
0.0400078371
0.0659767911
0.0107642775
0.0294923522
0.0275440067
0.0118575152
0.0105228089
0.0463941880
0.0175351743
0.0147753162
0.0163568407
0.0298779663
0.0126266908
0.0603100434
0.0338368788
0.0176691450
0.0706827641
0.0699009225
0.0132479081
0.0209931880
0.0154082878
0.0271071717
0.0035793001
0.0041640271
0.0315832160
0.0462625921
0.0082900831
0.0342474543
0.0444458127
0.0648374856
0.0546120442
0.0113172196
0.0159959439
0.0445924252
0.0202060509
0.0105081927
0.0175766833
0.0270160343
0.0064558918
0.0289522428
0.0174422674
0.0415552296
0.0368504971
0.0184919685
0.0125245489
0.0390394814
0.0178728662
0.0361550264
0.0051091886
0.0485605523
0.0350998342
0.0472885929
0.0524219237
0.0032291380
0.0064685862
0.0327232890
0.0313848369
0.0166891925
0.0309738405
0.0077600209
0.0067855436
0.0840385705
0.0096225897
0.0639196187
0.0608676448
0.0051311492
0.0062167840
0.0496654212
0.0133921774
0.0167827457
0.0426160358
0.0033891788
0.0235463027
0.0120778494
0.0330550149
0.0462982245
0.0384200998
0.0107313115
0.0096619595
0.0056443019
0.0536809713
0.0104152458
0.0218157526
0.0122175310
0.0310841203
0.0167822018
0.0274222828
0.0058496203
0.0045123864
0.0328306295
0.0505513996
0.0446335115
0.0056456034
0.0047565624
0.0139675913
0.0132021746
0.0522466563
0.0515592471
0.0039613913
0.0335600413
0.0530894510
0.0158503279
0.0117965108
0.0031923128
0.0646701679
0.0348901823
0.0396219157
0.0397961400
0.6079577208
0.0054435655
0.0203336030
0.0623925328
0.0117992479
0.0111053474
0.0053415992
0.0059904405
0.0539998747
0.0301290639
0.0091646630
0.0136074796
0.0629490837
0.0050890665
0.0233557988
0.0653640255
0.1319411844
0.0077836108
0.0787142590
0.0176528618
0.0089245122
0.0430370308
0.0297841467
0.0151252234
0.0261115618
0.0302388463
0.0087444969
0.0390913449
0.0362383537
0.0222561453
0.0349360704
0.0226853341
0.0282974783
0.0421686210
0.0260885637
0.0144528011
0.0738954395
0.0331984200
0.0584456176
0.0612455755
0.0227985438
0.0251047220
0.0053181876
0.0618933253
0.0030694040
0.0424419492
0.0246589538
0.0189081226
0.0157527048
0.0537843145
0.0059664310
0.0086053954
0.0439089462
0.0391383097
0.0622095130
0.0241231043
0.0557169579
0.4227046371
0.0128047075
0.0166224651
0.0226116925
0.0304897111
0.0623249337
0.0409293510
0.0592836216
0.0519913957
0.0717527792
0.0489676930
0.0390708186
0.0950888619
0.0417464897
0.0160044115
0.0365978926
0.0322613083
0.0287675355
0.0570901148
0.0536637492
0.0030125366
0.0438954271
0.0104726935
0.3964942396
0.0374524519
0.0343769304
0.0500406995
0.0628276244
0.0038672199
0.0571784377
0.0069243163
0.0427446365
0.0540880039
0.0555024929
0.0378892086
0.0137277991
0.0192914084
0.0698295385
0.0035899628
0.0066723945
0.0264442302
0.0335844494
0.0365560241
0.0625783876
0.0175840538
0.0181646515
0.0094061093
0.0597865619
0.0516837128
0.0567663088
0.0229154564
0.0313139074
0.0481998250
0.0316460244
0.0071900049
0.0190191921
0.0093530808
0.0181782618
0.0419583656
0.0553879887
0.0073255668
0.0082051978
0.0186918918
0.0138719482
0.0041687400
0.0237564892
0.9599701166
0.0335292406
0.0440331735
0.0213398244
0.0571745634
0.0279845428
0.0068746726
0.0090674059
0.0062663392
0.0041264608
0.0671461076
0.0452327617
0.0209779199
0.0070253243
0.0573213436
0.0217041448
0.0701601058
0.0288623814
0.3258939981
0.0207397975
0.0655059740
0.0043205563
0.0163870603
0.0717102736
0.0214811787
0.1711120158
0.0162542053
0.0419999287
0.0499215610
0.0325468667
0.0521484427
0.0727837011
0.0504164994
0.0039315294
0.0430146866
0.0250885300
0.0663232207
0.0031861889
0.0887975469
0.1299860179
0.0664729476
0.0081531154
0.0569211431
0.0483197197
0.0048056771
0.0066986741
0.0207310785
0.0060017719
0.0652760938
0.0095315371
0.0679763332
0.0664416105
0.0186937936
0.0157543067
0.0051286039
0.0165012907
0.0259789415
0.0169724487
0.2998654544
0.0050277426
0.0493508875
0.0532112159
0.0039075688
0.0216051340
0.0084909052
0.0403732099
0.0076267938
0.0350538716
0.0076472480
0.7368735671
0.0189144108
0.0278872419
0.0100011770
0.1298764497
0.0034583760
0.0376875736
0.0040328060
0.0216384400
0.0365400948
0.0054496126
0.0588082410
0.1128670126
0.0029227866
0.0041138912
0.1006204486
0.0352603048
0.1728891730
0.0064222617
0.0585789904
0.0152454292
0.0048997700
0.0326666273
0.0136968242
0.0036610069
0.0033796772
0.0047488362
0.0392279923
0.0261182021
0.0486902446
0.0204152968
0.0269835368
0.0432815924
0.0124790594
0.0264650304
0.0307820942
0.0418495275
0.0227027573
0.0529567413
0.0215035696
0.0050060083
0.0489955209
0.0629580244
0.0038195930
0.0123196123
0.0728672370
0.0051277061
0.0174460169
0.0176339038
0.8230462074
0.0057937382
0.0426380113
0.0034642005
0.0183207262
0.0432077721
0.0268404502
0.0396415330
0.0540802330
0.0038821059
0.0729730725
0.0339159407
0.0180478767
0.0122427605
0.0055088266
0.0104378248
0.0300913248
0.0135542639
0.0128825754
0.0263152085
0.0460721552
0.0043141893
0.0032953171
0.0066369157
0.0032197565
0.9516269565
0.0569182672
0.0546992421
0.0102487812
0.0032106184
0.0646867007
0.0273277462
0.0042957468
0.0328225568
0.0138254175
0.0166163165
0.0358599201
0.0050068172
0.0091484636
0.0125175845
0.0234091785
0.0354200415
0.0400585048
0.0073494376
0.0121062789
0.0035654376
0.0192693528
0.0178000685
0.0151021648
0.0112077901
0.0235113744
0.0058049150
0.0688769743
0.0507071801
0.0711193383
0.0030079011
0.0302638113
0.0818734542
0.0036721930
0.0045297910
0.0046489122
1.0384579897
0.0876913965
0.0847081542
0.0147126922
0.0115214530
0.0274498556
0.0449677706
0.0716551468
0.0363012627
0.2859204113
0.0494184792
0.0723126829
0.0351891443
0.0299982000
0.0357981771
0.0643022731
0.0159956533
0.0029295196
0.1292931437
0.0421927795
0.1662785113
0.0231631547
0.0169688072
0.0046515083
0.0471298546
0.0729018152
0.0727522597
0.0186261591
0.0108527783
0.0566651002
0.0122890696
0.0038857858
0.0374717563
0.0171448719
0.0076387771
0.0153269926
0.0120838918
0.0496245772
0.0332477912
0.0069506015
0.0042219479
0.0137331290
0.0489320010
0.0497279204
0.0871359780
0.0065072807
0.0411951989
0.0340652652
0.0073441104
0.0219863839
0.0257727690
0.0066859219
0.0391567759
0.0100754090
0.0626712143
0.0041307602
0.0693075955
0.0383124761
0.0393698961
0.1161245182
0.0044022463
0.0032978817
0.0693716705
0.0146384751
0.0046613920
0.0155263441
0.0054934165
0.0338471010
0.0432698093
0.0815635324
0.0213926006
0.0301155187
0.0676321164
0.0239485037
0.0124820387
0.7279166579
0.0543547571
0.0050292579
0.0261823982
0.0142829474
0.9330297709
0.0037775987
0.0052916231
0.0080011133
0.0370330140
0.0105711920
0.0419694185
0.0040256549
0.0039660106
0.0631870925
0.0256021973
0.0604325533
0.0189897995
0.0151289469
0.0374886505
0.0701927394
0.0314784050
0.0548433438
0.0085695796
0.0106704216
0.0084030246
0.0037141407
0.0324948467
0.0085041886
0.0305208415
0.0365908220
0.0417332873
0.0121052088
0.0088185258
0.0030789233
0.0717440620
0.0250407886
0.0245575886
0.0040344358
0.0598850064
0.0189164579
0.0034306636
0.0879639462
0.1858440489
0.0375713818
0.0306556337
0.0377709828
0.0033461251
0.0403413847
0.0270825829
0.0452470370
0.0155724064
0.0568376891
0.0102688372
0.0540571548
0.0551771149
0.0291246716
0.0080247540
0.0205830019
0.0153906010
0.0184112117
0.0359915346
0.0296884701
0.0708015859
0.0042269239
0.0363744088
0.0071324739
0.0246639494
0.0227578040
0.0285329726
0.0112710148
0.0033007490
0.0242157578
0.0171342380
0.0356486030
0.0232546479
0.0155782411
0.0352572910
0.0366758108
0.0048195100
0.1018890068
0.0124723148
0.0237349030
0.0037286005
0.0714877024
0.0258858427
0.0394792706
0.0148773491
0.0204965435
0.0485528409
0.0635600835
0.0623427890
0.0078645675
0.0744813606
0.0389571190
0.0176330358
0.0574213266
0.0155919427
0.0067765564
0.0583378635
0.0039757174
0.0036898537
0.0157831460
0.0091926269
0.0667495579
0.0689353943
0.0043919114
0.0703610405
0.0206032749
0.0688378066
0.0699221864
0.0554076135
0.0212489441
0.0525663234
0.0157481339
0.0248543955
0.0074952305
0.0038232333
0.0037721468
0.2355797738
0.0085908705
0.0373385809
0.7466089129
0.0575025268
0.0166122001
0.0089735081
0.0112618450
0.0581826605
0.0045683915
0.0039486377
0.0445823520
0.0451346412
0.9503399730
0.0240270644
0.0030119931
0.0042333840
0.0033139684
0.0402463451
0.0400242321
0.0172474366
0.0182004664
0.0035433844
0.0660662577
0.0567394868
0.0176680610
0.0369043909
0.0165354647
0.0188722722
0.0266135894
0.5769515038
0.0217482690
0.0487349369
0.0048768925
0.0036378556
0.0029909133
0.0101465983
0.0582871661
0.0539438762
0.0055863452
0.0286861639
0.0050654295
0.0272330940
0.0044927010
0.0033130145
0.0390326008
0.0276008714
0.0132369213
0.8111922741
0.0046225935
0.0298264790
0.0261336099
0.0064533590
0.0119691473
0.0762204751
0.0463535599
0.0084315622
0.0163924079
0.0688569769
0.0232817996
0.0326385312
0.0204311386
0.0515828729
0.0292922184
0.0113811549
0.0673258603
0.0528298169
0.0528730676
0.9606158733
0.0491404422
0.0078611812
0.0390546434
0.0037022221
0.0317920223
0.0042154300
0.0286934301
0.0618387647
1.0599262714
0.0233948864
0.0033677551
0.0255847629
0.0119282613
0.0342333727
0.0055346237
0.0109758619
0.0035327887
0.0524576008
0.0031175266
0.0032292081
0.0134471618
0.0578457564
0.0374895930
0.0220169220
0.0331912525
0.0211991239
0.0046108351
0.0529008508
0.0290193707
0.0141420551
0.0564187616
0.0051144599
0.0137745254
0.0543855354
0.0308412891
0.0157862566
0.1476876736
0.0122812986
0.0192715265
0.0348494872
0.0223442651
0.0029298856
0.0037721016
0.0090290178
0.0654513985
0.0062846695
0.0433353148
0.0668568090
0.0142981475
0.0360410400
0.0215406530
0.0056531574
0.0615322702
0.0036492422
0.0089815892
0.0718232095
0.0478710607
0.0231060162
0.0033996992
0.0051795337
0.0070935655
0.0234578792
0.0189152975
0.1757007241
0.0044045015
0.1969998330
0.0676602796
0.0477432869
0.0037641157
0.0033353884
0.0313524678
0.0467874855
0.0315891467
0.0359294415
0.0037296826
0.0076854578
0.0410191864
0.0072845584
0.0031786603
0.0318233222
0.4961977601
0.0036560267
0.0252622068
0.0321162008
0.0294786394
0.0553025305
0.0408720039
0.0034466202
0.0051876358
0.0442945063
0.0080295019
0.0037603937
0.0057713012
0.0645915866
0.0401928313
0.0054318896
0.0039620781
0.0257709809
0.0516164973
0.0065475162
0.0393580943
0.0415493548
0.1443077773
0.0594960041
0.0098786904
0.0088155596
0.0284132902
0.0159913879
0.0085456222
0.0125935553
0.0079262974
0.0177765489
0.0037791349
0.1050822213
0.0210469104
0.0169644337
0.0473425910
0.0367058255
0.0689306259
0.0159867983
0.0036214511
0.0331405364
0.0140903555
0.0067700287
0.0051987139
0.0615624785
0.0567357540
0.0652075261
0.0141204400
0.0066378424
0.0191703066
1.0838279724
0.0622790605
0.0438542329
0.0734585524
0.0328582712
0.0123471431
0.0295744427
0.0048530884
0.0300824009
0.0143302428
0.0434290841
0.0042726989
0.0092136031
0.0054483437
0.0460526496
0.0057003149
0.0196407642
0.0639029518
0.0105353082
0.0057440056
0.0132926907
0.0214843675
0.0085069835
0.0097924806
0.0464054570
0.0036159121
0.0592114814
0.0052211899
0.0701932907
0.0479002558
0.0030235490
0.0291818865
0.0655750781
0.2050006986
0.0100227138
0.0284365248
0.0680076927
0.1002355963
0.0070254710
0.0531317033
0.0123580378
0.0061882236
0.0727737918
0.0236180592
0.0221042708
0.0253516883
0.0241214298
0.0267783105
0.0202619694
0.0358439796
0.0151150860
0.0143045299
0.0158360936
0.1152397543
0.0641418248
0.0089613106
0.0136358300
0.0538648255
0.0574901402
0.0084750969
0.0154398987
0.0087238373
0.0059023267
0.0493225120
0.0420457460
0.0107371313
0.0054565948
0.2237188816
0.0343580060
0.0186009407
0.0070835515
0.0054975110
0.0161062926
0.0361627825
0.0260148309
0.0278687887
0.0557896644
0.0101248417
0.0056572198
0.0199323427
0.0039259400
0.0051746042
0.0318257399
0.0052617285
0.0324666090
0.0309932604
0.0460295044
0.0291151237
0.0063353595
0.0181162879
0.0194315203
0.0031475127
0.0199300479
0.0561253913
0.0112503804
0.0524333790
0.0373590924
0.0708381459
0.0135833193
0.0207590871
0.0082497261
0.0970058739
0.0085986564
0.0030680795
0.0039045652
0.0183425639
0.0120447921
0.0449858122
0.0306982417
0.0038208896
0.0670604110
0.0897756964
0.0651708096
0.0657493696
0.0339448862
0.0493527092
0.0692441389
0.0195579883
0.0246799868
0.0238872822
0.0034484337
0.0135737285
0.0124530382
0.0925929993
0.0525928810
0.0574961714
0.0487021320
0.0626892373
0.0641124249
0.0403972231
0.0383623429
0.0054034628
0.0062406850
0.0163378771
0.0046859463
0.0382890850
0.0603086203
0.0148466621
0.0037069723
0.0153033547
0.0308079012
0.0029937166
0.0104803955
0.0299127772
0.0224476326
0.0127794836
0.0357021429
0.0216214191
0.0336688682
0.0713591427
0.0280186757
0.0601544790
0.0164350588
0.0150900148
0.0599446781
0.0060034017
0.0318680368
0.2018487155
0.0208939351
0.0220482703
0.0099814096
0.0527201369
0.0404675975
0.0408394448
0.0052679684
0.0056088082
0.0358224995
0.0348680094
0.0138842482
0.0046895123
0.0056495587
0.0323160999
0.0256831571
0.0730702206
0.0155654140
0.0068540387
0.0107253101
0.0764328539
0.0143454382
0.0097152451
0.0201019272
0.0099425605
0.0446257405
0.0541164726
0.0121887205
0.0357923135
0.0156669244
0.0089965863
0.0070459079
0.0136018619
0.0106222881
0.0336768515
0.0167718474
0.0067000398
0.0657036155
0.0501821674
0.0037076236
0.0031054423
0.0041250880
0.0032419488
0.0367967114
0.0090967519
0.0068367720
0.0094160847
0.0246520489
0.0221515186
0.0110268071
0.0224391036
0.0598441213
0.0196388420
0.0072429916
0.0081517212
0.0213876273
0.0063564754
0.0056097265
0.0150572537
0.0030355228
0.0717682838
0.0105930353
0.0281592198
0.0054877731
0.0044342410
0.0168292429
0.0099280272
0.0414165296
0.0324362814
0.0321705118
0.0105112661
0.0036859594
0.0695139095
0.0532037728
0.0535744578
0.0242404491
0.0264567602
0.0106903417
0.0134146996
0.0056805825
0.0219432060
0.0038496370
0.0041026245
0.0630263165
0.0044155731
0.0698519498
0.0101955375
0.0318826810
0.0062807510
0.0423123166
0.0079325903
0.0146553200
0.0070237792
0.0188763440
0.0108436868
0.0133030899
0.0657055974
0.0453369431
0.0216537081
0.0046817213
0.0110939126
0.0229070410
0.0679208562
0.0287364870
0.0138332685
0.0087838760
0.0086584687
0.0228152536
0.0536408238
0.0160974544
0.0034079482
0.0249723326
0.0135065122
0.0394414179
0.0413828120
0.0597525015
0.0036094589
0.0380000845
0.0625953227
0.0534566157
0.0372478478
0.0714437589
0.0391062051
0.0406171232
0.0155762648
0.0463760123
0.0103798993
0.0100107929
0.0377037749
0.0031962052
0.0446261391
0.0404269695
0.0196286421
0.0666316599
0.0242424067
0.0712959394
0.0095349960
0.0254075397
0.0326234363
0.0139362160
0.0080235982
0.0624090321
0.0310904942
0.0330021977
0.0107392836
0.0406221822
0.0145418970
0.0295653753
0.0466954410
0.0734510794
0.0129623441
0.0046179248
0.0040495852
0.0672272071
0.0412744060
0.0372828618
0.0254049916
0.0091083394
0.0534451604
0.0214328784
0.0404279940
0.0707267299
0.0085273962
0.0074108047
0.0596434809
0.0387653112
0.0433448516
0.0417895541
0.0517774820
0.0338020623
0.0146485614
0.0201148205
1.1187880039
0.0267790891
0.0041793548
0.0265125055
0.0289013851
0.0255242959
0.0325579457
0.0475227535
0.0284187701
0.0444979928
0.0067154281
0.0327636786
0.0120218918
0.0080776475
1.0368925333
0.0076300297
0.0406074412
0.0365407020
0.0122109782
0.0159348268
0.0149696600
0.0029429814
0.0367841721
0.0103539797
0.0074625611
0.0326520838
0.0273764096
0.2492807955
0.0241223257
0.0341691151
0.0778831989
0.0249251947
0.0642059669
0.0623012520
0.0190045908
0.0105483904
0.0718822405
0.0186698828
0.0039482522
0.0228745993
0.0586232841
0.0443943962
0.0316928625
0.0158116501
0.0678588971
0.0127510130
0.0031223460
0.0092952158
0.0106012411
0.0041897856
0.0306994058
0.0663353875
0.0196117051
0.0090207439
0.0383590311
0.0337557718
0.0223164558
0.0054135215
0.0405322872
0.0528453775
0.0273363329
0.0141171403
0.0085868286
0.1292620450
0.0293640196
0.0148793608
0.0040217219
0.0042397017
0.0042000310
0.0544245690
0.0575846098
0.0651933476
0.0803912506
0.0680580214
0.0464894176
0.0087704333
0.0344783179
0.0086579379
0.0141301276
0.0113022346
0.0075567332
0.0151294982
0.0040105167
0.0409304686
0.0341303274
0.0616543442
0.0080525111
0.0199743882
0.5957220793
0.0203624722
0.0267398860
0.0080431588
0.0068107131
0.0421929471
0.0045524063
0.0285817981
0.0534538068
0.0389943086
0.0469431579
0.0041732807
0.0284602735
0.0495966934
0.0844006389
0.0339874290
0.0185359120
0.0399424694
0.0371533111
0.0271484703
0.0678377450
0.0162745677
0.0130697321
0.0065619117
0.0630390197
0.0040649618
0.0049023307
0.0245751832
0.0046476545
0.0164074376
0.0291635711
0.0129793053
0.0044670417
0.0263831764
0.0456917398
0.0040343781
0.0529671796
0.0236560106
0.0258363821
0.0356075019
0.0325475857
0.9412810802
0.0096483454
0.1450805068
0.0185640026
0.0104634315
0.0060942206
0.0156191215
0.0228863303
0.0390693918
0.0564920045
0.0392616615
0.0077337637
0.0234518368
0.0089565618
0.0478802398
0.0629047751
0.0157668795
0.0180236921
0.1925794035
0.0430520102
0.0493287928
0.0038555532
0.0394059010
0.0136164259
0.4015557170
0.0365857631
0.0549436472
0.0095735760
0.0468913279
0.0673132390
0.0666390881
0.0212314054
0.0181959700
0.0058594374
0.0205631293
0.0063565485
0.0063188430
0.0080557410
0.0714484900
0.0927547291
0.0097349780
0.0454098359
0.0539509840
0.0367424339
0.0096345972
0.0176068898
0.0641470626
0.0054664128
0.0167716164
0.0182256848
0.0122105386
0.0639434382
0.0578432418
0.0103463270
0.0399145745
0.0308485404
0.0398390479
0.0230612531
0.0604516715
0.0595044233
0.0043093110
0.0523905195
0.0147073353
0.0443440713
0.0070614787
0.0955687389
0.0127344979
0.0730986893
0.0122280419
0.0517057776
0.1238659471
0.0332546867
0.0168285370
0.0227497611
0.0074800374
0.0475138575
0.0417810865
0.0470483601
0.0453313068
0.0686891675
0.0610694513
0.0334200747
0.0032103064
0.0400324054
0.0545054600
0.0259031877
0.0124242092
0.0192019064
0.0869898945
0.0609419048
0.0050207940
0.0371722691
0.0348697156
0.0525975078
0.0337994881
0.0665133595
0.0230212267
0.4027586281
0.0667520985
0.0106374808
0.0498532839
0.0430676937
0.0526185893
0.0418054424
0.0095003266
0.0707643256
0.0337468907
0.0151308887
0.0035313021
0.0071141962
0.0066709658
0.0035308527
0.0456699654
0.0512404405
0.0319127068
0.0335579962
0.0396992788
0.0631082356
0.0234871507
0.0248126276
0.0118454443
0.0415483490
0.0241229329
0.0038923291
0.0214037728
0.0412760563
0.0049765119
0.0035148738
0.0722424835
0.0040007066
0.0348274931
0.0705622882
0.0127820401
0.0033889839
0.8157947063
0.0039767199
0.0550587140
0.0078957891
0.0045890380
0.0354207121
0.0668938681
0.0049275220
0.0132350186
0.0266891215
0.2085824013
0.0131587554
0.0335930623
0.0098455986
0.0437820815
0.0484825000
0.0061628320
0.0140192322
0.0109528294
0.0812397674
0.0469071567
0.0500466041
0.0419919491
0.0482554734
0.0145583767
0.0446617007
0.0152500002
0.0057975152
0.0291185919
0.0717433617
0.0151641741
0.0442086048
0.0182810351
0.0573235564
0.0050578308
0.0226089153
0.0390506350
1.0424221754
0.0482312851
0.0091060465
0.0030257327
0.0096388599
0.0036174618
0.0610497370
0.0204225089
0.0381699353
0.1487894803
0.0499704070
0.0169724207
0.0257711429
0.0343332812
0.0245542619
0.0525816008
0.0370356366
0.0709996074
0.0599110201
0.0052022180
0.0383425765
0.0472862460
0.0166526102
0.0386671834
0.0035362244
0.0345515050
0.0137523180
0.0079273377
0.0377710573
0.0232883487
0.0382671468
0.0659201667
0.0045779748
1.0730063915
0.0167148784
0.0048730080
0.0053951736
0.0445371717
0.0102849724
0.0033072932
0.0034017779
0.0545600578
0.0256348904
0.0058570444
0.4220767915
0.0405953117
0.0551609732
0.0264046881
0.0529756956
0.0684023201
0.0149833839
0.0459549837
0.1223669127
0.0260728821
0.0761293247
0.0082791336
0.0161257107
0.0141671598
0.9303171635
0.0101396525
0.0045130686
0.0273660067
0.0582543872
0.0036066391
0.0270412192
0.0526670888
0.0131010646
0.0334905833
0.0138183981
0.0185274594
0.0226951670
0.0493798405
0.0522962473
0.0481153093
0.0229612812
0.0287666265
0.0075906492
0.0388080440
0.0089346673
0.0484958068
0.0402282216
0.0115264636
0.0665153265
0.0306743737
0.0058000502
0.0730161592
0.0270869769
0.0270445328
0.0103280963
0.0231932830
0.1057531089
0.0234564971
0.0324234031
0.0500912070
0.0085691372
0.0137411775
0.0449902862
0.0135532729
0.0416974872
0.0045051407
0.0043833605
0.0359134264
0.0223855823
0.0622353554
0.0588338524
0.0275339447
0.0484654047
0.0030560929
0.0373613909
0.0077383718
0.0038927661
0.0651665553
0.0167439133
0.0102044679
0.0288564190
0.0031114572
0.0489581525
0.0626891479
0.0174862966
0.0271274485
0.0105320029
0.0045218319
0.0343184136
0.0189064033
0.0366974771
0.0314278528
0.0230110530
0.0428029671
0.0033173237
0.0055961949
0.0061041452
0.0042289062
0.0139765721
0.0603578575
0.0518333688
0.0149154160
0.0304008201
0.0620852485
0.0105207432
0.0095937420
0.0348335318
0.0060131634
0.0089212824
0.0246456508
0.0346225388
0.0147409039
0.0611037537
0.0055565489
0.0060789417
0.0533211380
0.0066916849
0.0041007823
0.0163165480
0.0240699705
0.0110940896
0.4830541611
0.0195311643
0.0566273332
0.0273867603
0.0044234833
1.0282257795
0.0327896774
0.0431730449
0.0392472968
0.0226355195
0.0081964796
0.0116985645
0.0053723729
0.0437286124
0.6549060941
0.0380366482
0.0368428715
0.0055829864
0.0062502422
0.0104232226
0.0159569569
0.0096944571
0.0108390916
0.0125904260
0.0577153973
0.0249271002
0.0694545433
0.1682923585
0.0103437267
0.0031511728
0.0329278298
0.0352871083
0.0148916291
0.0677040070
0.0044650119
0.0446375795
0.0424296260
0.9551686645
0.0042972700
0.0616071299
0.0054593566
0.0237403810
1.1606326103
0.0194077697
0.0440582111
0.0205033682
0.0053585945
0.0034928713
0.0044728974
0.0048178616
0.0050587873
0.0056257783
0.0205845609
0.0435515456
0.0163170733
0.0666103289
0.0120209632
0.0114726312
0.0317923538
0.0260240231
0.0329613313
0.0039341766
0.0176814292
0.0269933082
0.0039125453
0.0183567517
0.0038895037
0.0374436639
0.0083879903
0.0339157842
0.0257294904
0.0370581634
0.2511353195
0.0372829959
0.0052958988
0.0439279899
0.0059915534
0.0228457004
0.0459014513
0.0318849683
0.0540236048
0.0403439291
0.0099847531
0.0071019647
0.0470354147
0.0161571670
0.0156640541
0.0541366525
0.0033064052
0.0198072810
0.0211751200
0.0071062050
0.0058320491
0.0055459067
0.0174854305
0.0508558974
0.0043954398
0.0562430173
0.0069027375
0.0133259958
0.0633761957
0.0446800403
0.0349771976
0.0192032829
0.0191415027
0.0449472293
0.0443372242
0.0288511887
0.2303713262
0.0310242288
0.0168664660
0.0098959180
0.0143959401
0.0050347117
0.0040261825
0.0030310065
0.0044379435
0.0683811828
0.0689507127
0.0090087345
0.0093004219
0.0136329085
0.0399785973
0.0191510674
0.0263938662
0.0042231972
0.0031840364
0.0135784093
0.0355113149
0.0234850477
0.0401115753
0.0435444228
0.0087608881
0.0169084016
0.0304314680
0.0683491901
0.0103071639
0.0287012197
0.0124398321
0.0032908430
0.0189830195
0.0590681061
0.0668371245
0.0689037219
0.0305759497
0.0030628045
0.0399339683
0.0172797870
0.0241308939
0.0090838885
0.0614398159
0.0125383157
0.0724402666
0.0178218018
0.0071257711
0.0638802201
0.0052930792
0.0068766768
0.0057216138
0.0298952609
0.0279763825
0.0254748631
0.0095239980
0.0137998341
0.0607945509
0.2726204693
0.2395185530
0.0621673390
0.0105193071
0.0055392971
0.0515713133
0.0090024015
0.0466711856
0.0160725154
0.0152685158
0.0199554265
0.0030112485
0.0258807037
0.0499177054
0.0038057158
0.0583407804
0.0116331242
0.0632916540
0.0661626235
0.0521964654
0.0066935341
0.0557258129
0.0148254242
0.0600719899
0.0158186313
0.0343721360
0.0045617181
0.0029866742
0.0457595699
0.0090258466
0.0629741922
0.0627061203
0.0029014491
0.0050062439
0.0033276784
0.0039550895
0.0077126124
0.0399445444
0.0461912639
0.0114997327
0.0068964227
0.1236495152
0.0105224224
0.0119471978
0.0542425886
0.0417232737
0.0226263646
0.0764174312
0.0240401067
0.0243374854
0.0112210549
0.0233519357
0.0413777642
0.0100795524
0.0062305969
0.0055113956
0.0052564442
0.0040200339
0.0160481147
0.0076879379
0.0058731595
0.0203272887
0.0413394831
0.0422117449
0.0040979800
0.0119414832
0.0121944239
0.0329667367
0.0399611779
0.0213261824
0.0683495924
0.0180687010
0.0683921129
0.0713024288
0.0188858137
0.0502295643
0.0064830226
0.0562381782
0.0399325192
0.0592286140
0.0068741213
0.0234494209
0.0296788774
0.0052138418
0.0571249202
0.0172743779
0.0372438729
0.0224340353
0.0061488533
0.0068428754
0.0464471914
0.0407698601
0.0111584384
0.0396050811
0.0145415729
0.0223617926
0.0677428693
0.0258847605
0.0495976284
0.0508564487
0.0086905304
0.0439139120
0.0213227142
0.0119102839
0.0080686370
0.0198194236
0.0073007033
0.0133138755
0.0094979238
0.0751964971
0.0427940935
0.0301269218
0.0043716985
0.0288006514
0.0647529364
0.0360117331
0.0079834713
0.0047036125
0.0598416068
0.0318558477
0.7698544860
0.0150316115
0.0220118407
0.1439150870
0.0683755949
0.0592974909
0.0286789052
0.0139429001
0.0163736288
0.0063663214
0.0282420479
0.0051969308
0.0552141368
0.0046508173
0.0665616766
0.0177233536
0.0089193610
0.0161568560
0.0295311585
0.0592375360
0.0141223203
0.0706772134
0.0689124838
0.0174006131
0.0432688184
0.0167563148
0.0332276747
0.0036138189
0.0040215775
0.0186598711
0.0295362994
0.0550398491
0.0043744165
0.0320034623
0.0649042204
0.0344024189
0.0171973947
0.8464175463
0.0571047068
0.0701417625
0.0093279621
0.0103885978
0.0174791459
1.0617156029
0.0263763927
0.0614292547
0.0050011496
0.0069871759
0.0091704065
0.0401515253
0.0094583854
0.0339972861
0.0392916650
0.0033059176
0.0344096646
0.1097400337
0.0147042302
0.0666777119
0.0988807753
0.0588121861
0.0048750811
0.0467775166
0.0633862019
0.0076060249
0.0398417041
0.0206661504
0.0509208962
0.0224536676
0.7901630998
0.0469875708
0.0268051997
0.0360794254
0.0604112819
0.0468336530
0.9950469732
0.0036716149
0.0156096322
0.0247042999
0.0035116049
0.0034934084
0.0259970464
0.0386391282
0.0325303227
0.0295309965
0.0589501187
0.0107960803
0.0211116038
0.0045310678
0.0080833025
0.0191215649
0.0690980107
0.0316766575
0.0321135484
0.0183936898
0.0579269081
0.0425227247
0.0060336874
0.0065547260
0.0328694470
0.0089188395
0.0052461526
0.0174868796
1.0214149952
0.0032472990
0.0273112282
0.0165828541
0.0325448923
0.0518528670
0.0236742850
0.0091127520
0.0114278812
0.0054485826
0.0617149360
0.0050125713
0.0291442238
0.2545975149
0.7527077198
0.0128597356
0.0169106424
0.0061988132
0.0075126803
0.0731460676
0.0139914015
0.0146571845
0.0278149620
0.0286913980
0.0097677764
0.0247388948
0.0605085455
0.0116655519
0.0298391618
0.0185974948
0.0045774588
0.0034676897
0.0132020349
0.0029499242
0.0379455313
0.0094036497
0.0296056680
0.0601444170
0.0053253509
0.0458589569
0.0350784324
0.0702011660
0.0260371249
0.0199534614
0.0120321447
0.0083911428
0.0150442310
0.0156440232
0.0115499264
0.0062339711
0.0252315048
0.0722560212
0.0101163751
0.0115020536
0.0052450141
0.0120689347
0.0204933751
0.0283975117
0.0719005838
0.0277580675
0.0040320163
0.0274807420
0.0527200550
0.0037745140
0.0050379816
0.0244864114
0.0316842869
0.0044656438
0.0141621223
0.2893676162
0.0030824693
0.0542161576
0.0165362433
0.0485627204
0.0042489865
0.0095171640
0.0086459024
0.0035482976
0.0206089132
0.0576152094
0.0050889957
0.4402650893
0.0405005254
0.0053729024
0.0074954056
0.0078886915
0.0593804792
0.0179657154
0.0649130642
0.0502411798
0.0173143465
0.0469242521
0.0433619544
0.0052728169
0.0201133192
0.0812277272
0.0413038023
0.0655893907
0.0469195545
0.0624580868
1.1302086115
0.0029769798
0.0096370224
0.0486056283
1.0081011057
0.0079373978
0.0255955067
0.0097491061
0.0138831008
0.0078155855
0.0045883874
0.0281902272
0.0424371436
0.0488304757
0.0300277974
0.0692005381
0.0566433817
0.0687374398
0.0207894873
0.0029518381
0.0223200098
0.0120506398
0.0108723929
0.0484973639
0.0258297194
0.0105814626
0.9349001050
0.0061864583
0.0657345578
0.0430056714
0.0034890692
0.0281110480
0.0125449914
0.0168593377
0.0709779412
0.0040384000
0.0052932566
0.0376724377
0.0441581346
0.1694351882
0.0059864353
0.0206412841
0.0642254129
0.0416249149
0.0350901447
0.0227110907
0.0216837954
0.0356748812
0.0614843629
0.0225970242
0.0668344796
0.0125347301
0.0165000129
0.0361159369
0.0048287283
0.0715262294
0.0096316161
0.0372432172
0.2046557963
0.0093768695
0.0093477545
0.0119908396
0.0168404672
0.0121529205
0.0531583577
0.0072928346
0.0310234781
0.0242095962
0.0090033151
0.0106953373
0.0456235670
0.0132823596
0.0045824028
0.0035020949
0.0692297667
0.0107467631
0.0714031383
0.0183351822
0.0202791002
0.0657530949
0.0066261045
0.0039569219
0.0147667807
0.0143510737
0.0347210132
0.0029851799
0.0045206351
0.0065419408
0.0271956846
0.0032906400
0.0307112616
0.0070135039
0.0692489520
0.0568216965
0.0191708002
0.0516952537
0.0326096453
0.0584654398
0.0121906018
0.0367550701
0.0445294753
0.0579735413
0.0632083789
0.8353942633
0.0070044775
0.0041814130
0.0031511192
0.8261559606
0.0479701087
0.0177009534
0.0729313493
0.0247131493
0.0029636351
0.0114856353
0.0044409949
0.0041994108
0.0284414012
0.0580987148
0.0630189553
0.0586700551
0.0392039903
0.1150759757
0.0473890379
0.0353917517
0.0177374389
0.0167881902
0.8257178068
0.0099532371
0.0151044922
0.3992800415
0.0166206136
0.0045624031
0.0694987252
0.0143676577
0.0073913205
0.0074589280
0.0536623299
0.0610164478
0.0098008839
0.0250191540
0.0343251154
0.0061102351
0.0119287809
0.0725631416
0.0358921923
0.0181876961
0.0099362833
0.0277828984
0.0100825019
0.0190740060
0.0359421112
0.0905152559
0.0355082080
0.0716964826
0.0337620154
0.0489036813
0.0231082905
0.9034553170
0.0054109599
0.0819921792
0.9399266243
0.0233804248
0.0087422095
0.0051651923
0.0129020233
0.0184740201
0.0080541996
0.0114833433
0.0039339159
0.0108678676
0.0419887565
0.0073152022
0.0238614734
0.1459793597
0.0203081034
0.0288366731
0.0183695722
0.0791485310
0.0079841232
0.3463857770
0.0433162116
0.0095471935
0.0044643758
0.0481518246
0.9606038332
0.0083597396
0.1655770391
0.0245788880
0.0491906777
0.0041238805
0.0104471631
0.0048416541
0.0290765855
0.0457906537
0.0682403520
0.0117587540
0.0060427748
0.0045748060
0.0293705426
0.0171260834
0.0144901676
0.0063405875
0.0578930117
0.0062555461
0.0727046728
0.0276861116
0.0096744066
0.0114741968
0.0562468395
0.0348800942
0.0678353235
0.0075618709
0.0210428741
0.0114597240
0.0075393738
0.0211096592
0.1495212466
0.0198781714
0.0073698871
0.1290151775
0.0526689403
0.0077749733
0.0058005829
0.0187246166
0.0348170698
0.0169436373
0.0047675385
0.0406026021
0.0521404333
0.0574735887
0.0347017683
0.0383987390
0.0072941040
0.0221729018
0.0191978384
0.0096069239
0.0247662775
0.0689460337
0.1155464351
0.0092373295
0.0030672371
0.0247314442
0.0522689559
0.0162200071
0.0498262160
0.0109774340
0.0668664649
0.0604012571
0.0594410412
0.0070996750
0.2004802972
0.0177429449
0.0044249240
0.0210465956
0.0367174633
0.0567575134
0.0037820174
0.0087979138
0.0369400010
0.0095153246
0.0122487023
0.0365510359
0.0170030333
0.0124871153
0.0038226633
0.0405683070
0.0449404456
0.0090430919
0.0530501492
0.0678438172
0.0080349119
0.0417417176
0.0085168425
0.0193676427
0.0095717618
0.0040374491
0.0615904480
0.0036166518
0.0286844485
0.0372995362
0.0550290868
0.0081839645
0.0085986527
0.0150475632
0.0372358970
0.0064013912
0.0028780592
0.0061186436
0.0513048880
0.1798014790
0.0139493123
0.0723780617
0.0114718731
0.0262862351
0.0036251049
0.0463547818
0.0143680479
0.0366513692
0.4099780917
0.0647423491
0.0684866980
0.0111992760
0.0410525724
0.0110750739
0.0451472923
0.0252959356
0.0250842348
0.0613494553
0.0116587169
0.0517446585
0.0545992739
0.0224096533
0.0239336584
0.0069399537
0.0061508487
0.0048418632
0.0271360166
0.8672311306
0.0472858958
0.0173662081
0.0051447907
0.0068098907
0.0704056621
0.0683284402
0.0200698506
0.0041280831
0.0246065930
0.0151217198
0.0739877671
0.0135801882
0.0589433908
0.0039193030
0.0075834556
0.0084556649
0.0491485558
0.0051595466
0.0109433802
0.0271492489
0.0502062216
0.0197499115
0.0514209680
0.0043275733
0.0677473471
0.0480864458
0.0241034459
0.0363146737
0.0683994591
0.0060566538
0.0215324424
0.0205941759
0.4303696454
0.0148919867
0.0056451196
1.0160561800
0.0470709875
0.0107713984
0.0451149233
0.3009377718
0.0484816357
0.0099317776
0.0644200817
0.0307112914
0.0063020955
0.0072255870
0.0463961102
0.0168032367
0.0373841114
0.0103109386
0.0037246447
0.0618759766
0.0093067847
0.0145712569
0.0508494340
0.0426548198
0.0107768923
0.0615123771
0.0078287711
0.0046372358
0.0064323642
0.0077274488
0.0181933921
0.0582472607
0.0199256316
0.0572118908
0.0430655330
0.0127194868
0.0048515908
1.0750082731
0.0340858027
0.0334557705
0.0287741423
0.0615982302
0.0092837941
0.0079917563
0.0047274581
0.0230935067
0.0103667555
0.0626258031
0.0220916476
0.0355394669
0.0215820633
0.0222444721
0.0058635334
0.0282789096
0.0045638429
0.0863878950
0.0177264046
0.0108295679
0.0050353506
0.0074122581
0.0037504747
0.0064384551
0.0427956954
0.0255185515
0.0202601496
0.0187044088
0.0623033233
0.0615281537
0.0127131036
0.0064878734
0.0492122881
0.0589344501
0.0267030392
0.0314431973
0.0096258884
0.0036943776
0.0672943518
0.0061070779
0.0049493164
0.0077861836
0.0464777239
0.0267883036
0.0060056620
0.0062399558
0.0047087739
0.0211177636
0.0088580716
0.0085699568
0.0242576730
0.7757959962
0.0630479008
0.3841482401
0.0115116872
0.0667936280
0.0082002273
0.0575719401
0.6617623568
0.0481724739
0.0359417573
0.9674149156
0.0641224310
0.0482090004
0.0052793506
0.0353098810
0.0065604094
0.0094754994
0.0219029896
0.0487306975
0.0042996090
0.0631539747
0.0075728754
0.0112364925
0.0213295855
0.0685550123
0.0149703482
0.0718872771
0.0424429588
0.0079973033
0.0056033758
0.0359532684
0.0312906131
0.0530792549
0.0172872376
0.0477629416
0.0090839146
0.0392467566
0.0250946507
0.0115849031
0.3813971877
0.0123626916
0.0726219118
0.0063019549
0.0178831704
0.0112954881
0.0390026122
0.0233066808
0.0194962025
0.0718763024
0.0239600521
0.0075849122
0.0118007977
0.0179553088
0.0232832693
0.0187342726
0.0289827809
0.0053821066
0.0255902447
0.0074276971
0.0197959337
0.0234739706
0.0528347306
0.0250957739
0.0177486409
0.0095403083
0.0079123350
0.0147703569
0.0523199700
0.0386164375
0.0146945138
0.0042484878
0.0278951526
0.0117410179
0.0034906301
0.1365555227
0.0772730410
0.0116448235
0.0083098337
0.0674938783
0.9757016897
0.0352518894
0.0443645902
0.0471385270
0.1342272609
0.0265118629
0.0106151337
0.0603267811
0.0487480834
0.0365832858
0.0220788456
0.0518932529
0.9007256031
0.0420665182
0.0072924290
0.0633832142
0.0551294535
0.0045227134
0.0136371721
0.0051116184
0.0331816487
0.0198976770
0.0601185113
0.0072782752
0.0448349528
0.0041392171
0.0037087521
0.0493931063
0.0239203796
0.0120842075
0.0121758347
0.0258087292
0.0030054608
0.0326877013
0.0184035525
0.0197186079
0.0050403415
0.0229228791
0.0133025721
0.0416845717
0.0197586734
0.0140360985
0.0182966422
0.0360802487
0.0394464545
0.0095730489
0.0067157694
0.0260595679
0.2908751667
0.0094116349
0.0275474172
0.0064311037
0.0255493466
0.0701131374
0.0631705076
0.0443707034
0.0402293615
0.0497215241
0.0198069457
0.0647483170
0.0156102106
0.0280629490
0.0337795354
0.0098326318
0.0115599930
0.0047052354
0.0047826734
0.0292348508
0.0315124542
0.0601421669
0.1824486703
0.0702761337
0.0645539761
0.0055744862
0.0536503270
0.1542755067
0.0214515999
0.0394590981
0.0295709465
0.0340657011
0.0030279241
0.0591323301
0.0075474549
0.0067911861
0.0060432870
0.4761816561
0.0687041879
0.0231685676
0.0717048794
0.0047601331
0.0290495530
0.0342423320
0.0191120580
0.0382239446
0.0164192729
0.0108878212
0.0399435461
0.0066178553
0.0319486856
0.0254778471
0.0900923610
0.0637126863
0.0062293364
0.1114473864
0.0227835532
0.0572763048
0.0120764365
0.0051860283
0.0260546245
0.0149437496
0.0241191294
0.0115379756
0.0289278906
0.0118228914
0.0051862048
0.0351667479
0.0412996858
0.0149753354
0.0036671590
0.5375690460
0.0069844490
0.0501251556
0.0038478924
0.0622353218
0.0785179511
0.0603620633
0.0396800190
0.0338718928
0.0606669560
0.0170029141
0.0086737173
0.0948734581
0.0437889136
0.0082832519
0.0038691051
0.0033782548
0.0628194660
0.0082384180
0.0143847764
0.0035030479
0.0687351152
0.0380514152
0.0564893037
0.0279399715
0.0099197216
0.0226618238
0.0147920949
0.0080423150
0.0608224049
0.0156047167
0.0051971921
0.0096715232
0.0168987028
0.0248938128
0.0079739215
0.0050398479
0.0186105371
0.0442988425
0.0225949883
0.0081740329
0.0225207023
0.0714756772
0.0448869690
0.0187250935
0.0123902243
0.0158562362
0.0166390780
0.0373050086
0.0381945781
0.0056979330
0.0826163888
0.0699417964
0.0210155789
0.0691313595
0.0496282429
0.0220802147
0.0720379800
0.0355511494
0.0182884820
0.0223776214
0.0358887091
0.0652660578
0.0439183563
0.0045437207
0.0222561341
0.0334303677
0.0294564385
0.0243479945
0.1082748547
0.0624921881
0.0385678038
0.0443574674
0.0205851737
0.0143934703
0.0226883888
0.0563663840
0.0476046205
0.0680753514
0.0505123064
0.0254901517
0.0059808153
0.0122585613
0.0213484280
0.0066611487
0.0055908649
0.0136895385
1.0719842911
0.0520812534
0.0489398725
1.0144047737
0.0111716501
0.0917666554
0.2948631942
0.1731676310
0.0135755045
0.0065886006
0.0224843565
0.0059361923
0.0034720199
0.0046029924
0.0119671626
0.0035700570
0.0388247557
0.0297119655
0.0378409475
0.0510765724
0.9971750975
0.0196506027
0.0665038824
0.0059826905
0.0416639782
0.0089531299
0.0172329582
0.0456420183
0.0046032192
0.0191068761
0.0503626205
0.0125142690
0.0691027343
0.0175456535
0.0181345083
0.0240880959
0.0435862690
1.0574220419
0.0231435411
0.0033909280
0.0440795831
0.0335205682
0.0134335812
0.0054057026
0.0054863761
0.0048562870
0.0030443917
0.0295190308
0.0048027528
0.0580900833
0.4363829195
0.0998209938
0.0099168671
0.0144703388
1.0257425308
0.0115414076
0.0407284312
0.0435102358
0.0060690162
0.0101791220
0.0311006494
0.0054763700
0.0347636603
0.0723881125
0.0037621802
0.0178006291
0.0180432983
0.0048326044
0.9923419952
0.0183322839
0.0120399874
0.0153013412
0.0285586640
0.0111160045
0.0112518808
0.0482282154
0.0716781691
0.0055845664
0.0180172380
0.0269247852
0.0514151715
0.0156145254
0.0498704202
0.0129908957
0.0344459563
0.0439375490
0.0491289124
0.0363946445
0.0678068101
0.0265496187
0.0086082341
0.0334697589
0.0032092815
0.0127107911
0.0066419910
0.0034687864
0.0201971736
0.0269482546
0.1288273484
0.0434859507
0.0064315828
0.8709530830
0.0291552544
0.0507746935
0.0282446928
0.0035966046
0.0180300530
0.0179789253
0.0555602200
0.0033309604
0.0423328206
0.0242115483
0.8307434916
0.0103735765
0.9686678052
0.9837307930
0.0171227660
0.0261664838
0.0031370621
0.0112366239
0.0080769360
0.0730586797
0.0441629030
0.0611500703
0.0203484669
0.0082324063
0.0119309295
0.0544793680
0.0507787541
0.0383830816
0.0094325114
0.0031125497
0.0069304663
0.0116889281
0.0182911344
0.0059679528
0.0068432549
0.0359454826
0.0411115363
0.0085908407
0.0037392585
0.0381246805
0.0168857723
0.0506766252
0.0417499542
0.0726853460
0.0182169527
0.0511966497
0.0147697115
0.0242287237
0.0046656565
0.0221951269
0.0441052951
0.0582923554
0.0120043745
0.0034549749
0.0559421740
0.0663442910
0.0208209511
0.0097164996
0.0076043322
0.0722036958
0.0611991063
0.0272893272
0.0631263852
0.0105003584
0.0369051397
0.0079619745
0.1157855541
0.0222517755
0.0073783570
0.0087975124
0.0096269418
0.0062870965
0.0203930419
0.0337474719
0.0537241884
0.0192375798
0.0124453194
0.0041773724
0.0416000523
0.0691379309
0.0544251762
0.0124272713
0.0954763740
0.0045298557
0.0089934589
0.0066682165
0.0244304854
0.0077689406
0.0111316750
0.0252519026
0.0517484285
0.0052914005
0.0035084609
0.0515134372
0.8146083951
0.0054010204
0.0206648838
0.0264320672
0.0409131162
0.0174909271
0.0050465665
0.0317086726
0.0061240429
0.0167220123
0.0040202746
0.0059414925
0.0682196170
0.0065259859
0.0682333037
0.0135369664
0.0056439410
0.0377502032
0.0263422653
0.0320307501
0.0154385595
0.0289444923
0.0229307283
0.0296902433
0.0068566334
0.0086217634
0.0031459481
0.1887593716
0.0313939862
0.0088661499
0.0126620438
0.0158451945
0.0272278450
0.0277027469
0.3139287829
0.0233502984
0.0198353659
0.0144587243
0.0142331282
0.0462642498
0.0118476832
0.0666248873
0.0142142931
0.0484730601
0.0560545437
0.0404830500
0.0199930128
0.0163309667
0.0199976955
0.0629241243
0.0330194868
0.0563443340
0.0035105662
0.1984891593
0.0349524394
0.4957503974
0.0071148896
0.0409752764
0.0359478332
0.0137019176
0.0535039082
0.0104222568
0.0281571783
0.0366156325
0.0039177435
0.0327000879
0.0172099117
0.1060232297
0.0168291088
0.0488547571
0.0097307814
0.0103917429
0.0062992480
0.0140588963
0.0178863984
0.0371372886
0.0133209648
0.0707776621
0.0075950292
0.0542680733
0.0645069778
0.0073454450
0.0291921031
1.0203136206
0.0292937402
0.0440146551
0.0330458805
0.0033171601
0.0707441866
0.0274396725
0.0556256697
0.0102357445
0.0040684999
0.0178885236
0.0059637991
0.0666958541
0.0296467431
0.0568106659
0.0078502810
0.0563744530
0.0659240782
0.0057584513
0.0196960662
0.0290258601
0.0042174221
0.0175033435
0.0121517470
0.0110331979
0.0030114427
0.0130334087
0.0212730542
0.0034857842
0.0632840097
0.0395168401
0.0443531126
0.8907338381
0.0229464844
0.0105488412
0.9096907973
0.0644485056
0.8952884674
0.1143347546
0.0053721541
0.0035810501
1.0393368006
0.0220635813
0.0189359747
0.0271979999
0.0191885252
0.0110224541
0.0554036200
0.0634296611
0.0531830937
0.0690669566
0.0202215966
0.0695812702
0.0323615111
0.0292023122
0.0195805077
0.0148693463
0.0298075508
0.0360853709
0.0034070087
0.0199770071
0.0254870690
0.0628158748
0.0413808934
0.9930759668
0.0049899062
0.0095458208
0.0665406138
0.0692990422
0.0193347465
0.0709157363
0.0228027180
0.0053861020
0.0692626461
0.0111106439
0.0162760913
0.0571711659
0.0076774014
0.0042682295
0.0431215987
0.0040056696
0.0049614958
0.0054008667
0.0323444344
0.0258631986
0.0113141807
0.0181368366
0.0065043038
0.0247391630
0.0052104658
0.0154146105
0.0037005595
0.0043093725
0.0246875137
0.0102830222
0.0116484584
0.0262224413
0.0399481803
0.0680771694
0.0669146702
0.0473737307
0.0038115836
0.0681257844
0.3472816348
0.0194709934
0.0165517721
0.0091647841
1.0063523054
0.0385346822
0.0142867146
0.0379694179
0.0305757672
0.0031338988
0.9907329082
0.0389940217
0.0668868721
0.9130016565
0.0206799302
0.0232177917
0.0299911536
0.9986993670
0.0232466813
0.3548876345
0.0031281016
0.0854788125
0.0058506583
0.0133160129
0.0046713841
0.0454148166
0.0479411222
0.0174633600
0.0175798852
0.0347416475
0.0691775307
0.0472383611
0.0060961135
0.0627337918
0.0047737737
0.0563627928
0.0038821858
0.0566778556
0.0324340835
0.0451302789
0.0390924476
0.0430039801
0.0716297328
0.0061955629
0.0574373491
0.0367031917
0.0297323186
0.0504622385
0.0135425311
0.0052703805
0.0615721531
0.0232238155
0.0414834321
0.0135899531
0.0638542697
0.0274656415
0.0097332811
0.0094649745
0.0226423778
0.0426080190
0.0032572437
0.0231421310
0.0367607251
1.0588872433
0.0080863629
0.0095851962
0.0030393014
0.9048087597
0.0052489107
0.0233708788
0.0305935498
0.3499234915
0.0052654715
0.0154784732
0.0041631255
0.0489285327
0.0750025213
0.0097641433
0.0045732893
0.0548773259
0.0086020315
0.0348178372
0.1070655659
0.0944062620
0.0325449258
0.0685836300
0.0086413398
0.0112463618
0.0078662811
0.3703898489
0.0700313374
0.0505819507
0.0028812457
0.0674412996
0.1231386438
0.0601234585
0.0088838702
0.0602728911
0.0617336221
0.0166390911
0.0236350615
0.0029868686
0.0462461039
0.0202102400
0.0274770651
0.0336387679
0.0131912734
0.0572362617
0.0513928309
0.0052363141
1.0208950043
0.0614637285
0.0263073742
0.0461514071
0.0684670731
0.0038124730
0.0036603597
0.0689278170
0.0307257939
1.1167650223
0.0507418029
0.0072065997
0.0416644178
0.0113117676
0.0592201389
0.0198732018
0.0173090752
0.2081575245
0.0604648851
0.0321960375
0.0239624195
0.0335463881
0.0357216746
0.0220063105
0.0386188589
0.0067474819
0.0035826308
0.0171546787
0.0054015373
0.0029165333
0.0151833789
0.0494778454
0.0391464531
0.0275100917
0.0671076626
0.0074519431
0.0772386715
0.0321076959
0.0620076805
0.0186819434
0.0074814460
0.0628667399
0.0160445347
0.0132946586
0.0058949259
0.0071021770
0.0381863639
0.0202604439
0.0349774770
0.0301733930
0.0516455546
0.0724910200
0.0644656122
0.0429791287
0.0274031907
0.0418189764
0.0717394277
0.0242053494
0.0181107428
0.0142308641
0.0427925698
0.0268568080
0.0178834796
0.0343055464
0.0217582844
0.0392276645
0.0134961689
0.0379075520
0.0035776044
0.0036992370
0.0512039065
0.0659660250
0.0654196441
0.0293084774
0.0394613519
0.0124711730
0.0098348334
0.0075147818
0.0059120413
0.0078410609
0.0414938889
0.0091829151
0.0669220313
0.0502815843
0.0629425868
0.0133827589
0.0708421469
0.0697667822
0.0132594071
0.0068402905
0.0575289614
0.0033750779
0.0337447673
0.0125206616
0.0065416223
0.0038999061
0.0194672830
0.0506465174
0.0122368364
0.0034298752
0.1432502866
0.0797233135
0.0107077332
0.0351867154
0.0071564056
0.0601932369
0.0105489083
0.0611374676
0.0599320270
0.0455856733
0.0424949639
0.0678595081
0.0332413837
0.0638546646
0.0051099272
0.0196509175
0.0272978954
0.0140499892
0.0278569609
0.0113497181
0.0141373212
0.0034346529
0.0088080149
0.1396866292
0.0094881756
0.0792221949
0.0711673200
0.0240790416
0.0037265467
0.0330616422
0.0682827085
0.0236271024
0.0497555435
0.0069119558
0.1159042269
0.0252038725
0.0443873331
0.0628132746
0.0326725394
0.0118140019
0.0652299821
0.0061526913
0.0361017473
0.0205864608
0.0265519656
0.0051425463
0.2781484127
0.0509553924
1.0345513821
0.0405939110
0.0725398585
0.0240052436
0.0184522830
0.0034150644
0.0361267067
0.0044571310
0.0365196802
0.0315136239
0.0191739798
0.0050828438
0.0044763600
0.0552889034
0.0031069305
0.0054829316
0.0109640183
0.1515331864
0.0074779252
0.0137077253
0.0352881625
0.0035460382
0.0221367367
0.1970866472
0.0130338268
0.0160974022
0.0030232745
0.0490480214
0.0042867460
0.0335464254
0.0117244404
0.0059061330
0.0109546520
0.0053639114
0.0534555539
0.0094160950
0.0290652681
0.0210268535
0.0556131043
0.0265632514
0.0587475896
0.2547370791
0.0359842628
0.0121935746
0.0370024852
0.0713957027
0.0093096700
0.0138787394
0.0915869102
0.0463636369
0.0104340231
0.0471467339
0.0192421488
0.0144624934
0.0141431307
0.0034474474
0.0256063771
0.0668629855
0.0225519724
0.0610939972
0.0060160118
0.0329938233
0.0055023278
0.0077984557
0.5228444934
0.0042499667
0.0197569057
0.9320614934
0.0087627880
0.0124840168
0.0296430178
0.0209497847
0.0040507950
0.0210366938
0.0306884144
0.0061808699
0.0157018043
0.0042422498
0.0520675145
0.0176432226
0.0343685448
0.0583485030
0.0154849170
0.0106820092
0.0042424146
0.0168904308
0.0106678270
0.0305711515
0.1557333022
0.0165656302
0.0542291217
0.0134789767
0.0259157270
0.0385129452
0.0498870313
0.0455243662
0.0250995643
0.0042597931
0.0091058835
0.1614160091
0.0101689678
0.0044072489
0.0237972401
0.0263068676
0.0871269405
0.0544632003
0.0076547032
0.0863541290
0.0476999842
0.0230961107
0.0406012051
0.0404675826
0.0348066837
0.0031028707
0.0666734055
0.0626721010
0.0510581173
0.0052899164
0.0270671193
0.9863655567
0.1406838745
0.0040985309
0.0133529995
0.0134582892
0.0208759457
0.0195394959
0.0677119866
0.0406508818
0.0104882875
0.0218653642
0.0034814279
0.8402531743
0.0104075363
0.0056438348
0.0067963060
0.0046563190
0.0493494347
0.0062316521
0.0277052801
0.0558862276
0.0133072184
0.0137012517
0.1721996069
0.0079458347
0.0257661100
0.0037365677
0.0569563545
0.0032635136
0.0363563448
0.0400647223
0.0634730011
0.0055746059
0.0157111175
0.0106717478
0.0323503911
0.0094021652
0.0121641736
0.0537207201
0.0366564468
0.0291672982
0.0029938400
0.0219577402
0.0306485258
0.0216107499
0.0651608631
0.0422641188
0.4121737480
0.0248199180
0.0048821452
0.0604094379
0.0493831933
0.0042414446
0.0068496033
0.0065215020
0.0174747389
0.0398104191
0.0140118608
0.0568014272
0.0277250130
0.1029174626
0.0573254041
0.0053911642
0.0731209815
0.0061022416
0.0238215048
0.0096477419
0.0663286299
0.0154831167
0.0421543345
0.0147361467
0.0258407444
0.0161578190
0.0095919734
0.0047606556
0.0450128801
0.0654279217
0.0431949832
0.0667052269
0.0424372293
0.0042034583
0.0222688336
0.0111321462
0.0158801191
0.0525406301
0.0709749535
0.0113246366
0.0109998221
0.0253159981
0.0284253582
0.0232918430
0.0043227770
0.0144215981
0.0200497601
0.0561049655
0.0500895418
0.0444955826
0.0557943173
0.0675053969
0.0097259125
0.0330620930
0.0341949090
0.0044346913
0.0598286167
0.0499189235
0.4296611547
0.0240380429
0.0043379371
0.0440541580
0.0120918676
0.0151254060
0.0382338390
0.0243819505
0.0631546602
0.0226677470
0.0235235244
0.0058180918
0.0031513814
0.0569629855
0.0078523522
0.0311135873
0.0073397872
0.0563466176
0.0030563583
0.0217748545
0.0072828438
0.0107468478
0.0120571936
0.0672077611
0.0395253338
0.0674374849
0.0219047386
0.0444208905
0.0699702129
0.0032958877
1.0939236879
0.0103852386
0.0049294163
0.0127247358
0.0659287795
0.0131533341
0.0108208396
0.0284125134
0.0040868185
0.0089301178
0.0364532247
0.0215715803
0.0602050014
0.0074088089
0.9502980709
0.0735739917
0.0030675877
0.0519851372
0.0428537205
0.0282139499
0.0251539424
0.0647600517
0.0082212649
0.0156144425
0.0307695176
0.0030704937
0.0042878422
0.0344554111
0.0682681873
0.0088385465
0.0100987507
0.0611703955
0.0407442488
0.0645877570
0.3138091266
0.0673885942
0.0116751920
0.0399397053
0.0347836390
0.0130111249
0.0508087464
0.0103989625
0.0507493354
0.0691851303
0.0382323861
0.0310616512
0.0156526323
0.0449464954
0.8880515099
0.0268918276
0.0104099950
0.0225599110
0.0151757980
0.0274956618
0.0043169814
0.0441435464
0.0066286819
0.0064286254
0.0390430689
0.0550845861
0.0386458151
0.0064330404
0.0345969126
0.0154276891
0.0127828727
0.0287890583
0.0074829631
0.0728633180
0.0334428884
0.0414741933
0.0324121639
0.0038255514
0.0409564301
0.0124497907
0.0554893464
0.0372645296
0.9716047645
0.0131918415
0.0699484944
0.1240617558
0.0692006648
0.0121748103
0.0059883869
0.0634961650
0.0315424986
0.0166341718
0.0343407616
0.0075152335
0.0049966145
0.0208735690
0.0052833227
0.0327267200
0.0706414953
0.0029655427
0.0159284975
0.0302648209
0.0631404147
0.0648874715
0.0046038004
0.0038294676
0.0320340879
1.0110601187
0.0035710873
0.0319678597
0.0063788663
0.0634450316
0.0334418900
0.0623622425
0.0168352593
0.0615249202
0.0531543717
0.0222117472
0.0266325660
0.0115340231
0.0406133980
0.0132405218
0.0793872550
0.0052457876
0.0624292195
0.0637343824
0.0500304848
0.0108123040
0.1852228791
0.0265368354
0.0106886383
0.0049329661
0.0044573047
0.1198332235
0.0035875791
0.0625416413
0.0393283479
0.0331062973
0.0174927469
0.0217152331
0.0207629912
0.0242405068
0.0236852225
0.0030187224
0.0373188183
0.0165924709
0.0925346315
0.0570656657
0.0173219107
0.0574449785
0.0648946613
0.0561047047
1.0042949915
0.0064349757
0.0062336684
0.0277319793
0.0461054184
0.0295455549
0.0233215522
0.0731355101
0.0089852903
0.0129907662
0.0090219975
0.0456326045
0.0395519920
0.0454523750
0.0038913193
0.0057885475
0.0212955121
0.0055627762
0.0514845736
0.0491632968
0.0034610184
0.0314683206
0.0296249874
0.0059926845
0.0664578080
0.0248494148
0.0429051593
0.0254034493
0.0068689696
0.0265366789
0.0040014167
0.0310866050
0.0411901064
0.0476377532
0.0158778541
0.0371581055
0.0414185710
0.0441274084
0.0342538729
0.0574265160
0.0287090801
0.0069800932
0.0343473144
0.0034005947
0.0516016185
0.0344825052
0.0115231918
0.0449597947
0.0400269367
0.0174476188
0.0067764241
0.0138171315
0.0537619106
0.0575381964
0.0076553975
0.0173657592
0.0627329051
0.0160656385
0.0052533885
0.0097843856
0.0272575691
0.0031147571
0.0569623560
0.0595883988
0.0060358834
0.0350706838
0.0148060098
0.0179782864
0.0386984162
0.0071322317
0.0146083087
0.0314206332
0.0066016559
0.0041970233
0.0531981923
0.0123640476
0.0319633596
0.0542410500
0.0623127036
0.0274175983
0.0443005376
0.0168816894
0.0423130505
0.0048474590
0.0119909840
0.0108429836
0.0258922353
0.0511585139
0.0238306075
0.0320107043
0.0082120765
0.0522296689
0.0069696959
0.0520651527
0.0257582273
0.0202015713
0.0097806845
0.0157958865
0.0441747792
0.0034050287
0.0069180280
0.0363872387
0.0282074008
0.0516727604
0.0052096718
0.9730896950
0.0499956310
0.0134096276
0.0326682739
0.0731087625
0.0064958395
0.0578311831
0.0395637676
0.0040311501
0.0589026250
0.0308672916
0.0088904342
0.0720421672
0.0271269716
0.0507121086
0.0322844833
0.0519925840
0.0058778315
0.0031355196
0.0030257273
0.0258296132
0.0055409116
0.0461531654
0.0151806772
0.0157229640
0.0415656231
0.0174497608
0.0381483100
0.0532198325
0.0110665020
0.0503243990
0.0114861093
0.0629218891
0.0047125029
0.0175134968
0.0415950455
0.0043616504
0.0036021720
0.0063858619
0.0324853398
0.0181964636
0.0398293734
0.0354966931
0.0320372805
0.0112596275
0.0650831610
0.0251333602
0.0278268773
0.0135617908
0.0125014773
0.0041982951
0.0038245129
0.0256093405
0.0451465100
0.0338232294
0.0069076912
0.0517374463
0.0162479635
0.0261817090
0.0081590386
0.0069079762
0.0251513850
0.0584760420
0.0384893157
0.0194646940
0.0157031901
0.0047074310
0.0124060493
0.0029842586
0.0436698496
0.0132420184
0.0159214232
0.0296387821
0.0108729731
0.0125016244
0.0257560946
0.0127359405
0.0183732100
0.0055959183
0.0069201561
0.0556504987
0.0030845075
0.0188373756
0.0501529239
0.0435210541
0.0499827452
0.0248048659
0.0184520818
0.0370247811
0.0553810634
0.0694505349
0.0681874752
0.0588367805
0.0167493392
0.0054474422
0.0218802430
0.0568688437
0.0036009643
0.0041926783
0.0042212997
0.0176965054
0.0122764949
0.8758031130
0.0151985083
0.0492322966
0.0658323020
0.0105654718
0.0562665649
0.0224019848
0.0071721999
0.0403842330
0.0472250693
0.0446812585
0.0378253609
0.0275603067
0.0033560041
0.0078299409
0.0080300542
0.0198833998
0.0099400710
0.0030520922
0.0353545807
0.0103468001
0.0145678194
0.0295742061
0.0396432616
0.0168477092
0.0091611678
0.0124285836
0.0665634796
0.0512331910
0.0033070268
0.0122581376
0.0086504621
0.0722619295
0.0514004380
0.0045341225
0.0096579101
0.0326544344
0.0187991671
0.0243023634
0.0387173817
0.0032815549
0.0356542021
0.0295887981
0.0458596312
0.0041951849
0.0191397686
0.0218356121
0.0338976495
0.0331425630
0.0212140437
0.0515112095
0.0351277255
0.0167837664
0.0586104505
0.0337859616
0.0269575752
0.0266907196
0.0107614985
0.0711351708
0.0461715236
0.0039778631
0.0219539683
0.0161955226
0.0364045799
0.0339512639
0.0167190563
0.0573427901
0.0033684582
0.0348249376
0.0034780581
0.0677829534
0.0637800768
0.0432097018
0.0066788602
0.0548617840
0.0089960340
0.0512997136
0.0118813813
0.0414943472
0.0259346738
0.0036307727
0.0124161420
0.0461758412
0.0668477938
0.0213999506
0.0253616553
0.0237972271
0.0088865506
0.0728972703
0.0319859795
0.0126467021
0.0053357640
0.0147564607
0.0629831851
0.0423969775
0.0129194977
0.0223722868
0.0461859256
0.0041138357
0.0554015376
0.0184147805
0.0256493893
0.0162987635
0.0029923751
0.0314802490
0.0584205016
0.0129748695
0.0259851906
0.0646366850
0.0526820868
0.0688561425
0.0063868808
0.0350126326
0.0212873649
0.0528526418
0.0088644195
0.0071618613
0.0033483459
0.0712790117
0.0201078299
0.0130638462
0.0128035974
0.0103999972
0.0124113364
0.0704918653
0.0286091957
0.0049426812
0.0056216544
0.0168040972
0.0462125987
0.0097655719
0.0103381583
0.0036840907
0.0487000570
0.0120472768
0.0138740195
0.0545283929
0.0501921251
0.0071390914
0.0104541928
0.0041610142
0.0216148049
0.0437134430
0.0223635957
0.0418791212
0.0052717030
0.0347385220
0.0096757477
0.0090290131
0.0332710929
0.0165979601
0.0582541414
0.0294833723
0.0035572785
0.0125207473
0.0031957673
0.0299431719
0.0289299265
0.0687234923
0.0665054172
0.0172940474
0.0029699672
0.0330558866
0.0090723308
0.0255609285
0.0517044924
0.0678170547
0.0529259928
0.0048828111
0.0492220148
0.0062849242
0.0113247968
0.0175201595
0.0376859568
0.0066032638
0.0045605293
0.0614548437
0.0200244095
0.0137195103
0.0272859987
0.0217260048
0.0097627109
0.0063228672
0.0237357579
0.0438401662
0.0077075982
0.0047524488
0.0120408488
0.0056822803
0.0039580525
0.0444215834
0.0444464348
0.0034808847
0.0483469479
0.0266161300
0.0212781467
0.0585237332
0.0028319554
0.0030817899
0.0594875216
0.0483177006
0.0160262547
0.0075728688
0.0171875358
0.0346461311
0.0230933540
0.0240497552
0.0444041602
0.0113685923
0.0480248705
0.0037356832
0.0458585098
0.0198512953
0.0485952981
0.0480102338
0.0036040400
0.0277112499
0.0073714028
0.0075150905
0.0537533164
0.0480977409
0.0639719516
0.0197178219
0.0115503175
0.0033687118
0.0277186558
0.0044720974
0.0170808937
0.0179017764
0.0070254011
0.0709941387
0.0075611831
0.0243564937
0.0057509569
0.1456957906
0.0374966525
0.0132894171
0.0036025816
0.0345790535
0.0095242076
0.0251892656
0.0030488188
0.0280181076
0.0365358442
0.0187930092
0.0586507097
0.0336945392
0.0156554803
0.0103411749
0.0373830162
0.0034244689
0.0330282487
0.0463888496
0.0521588512
0.0126367863
0.0649800599
0.0498650633
0.0465336777
0.0032062873
0.0622760914
0.0047791181
0.0369636193
0.0080825491
0.0034549681
0.0296250209
0.0059287460
0.0104166018
0.0078651728
0.0273943972
0.0560475662
0.0062400093
0.0225213524
0.0064826249
0.0609196387
0.0313004404
0.0064233858
0.0122409640
0.0166590177
0.0579598956
0.0269587990
0.0290806275
0.0047350922
0.0381721780
0.0569257960
0.0237492025
0.0335943885
0.0382524244
0.0695241988
0.0384114720
0.0240614731
0.0597541481
0.0036199999
0.0084324228
0.0077267694
0.0443213582
0.0033685253
0.0062202024
0.0139558734
0.0086343894
0.0102821933
0.0626796484
0.0664854422
0.0090023568
0.0658152550
0.0064360411
0.0142615046
0.0515554994
0.0600346476
0.0055105560
0.0267774742
0.0145078786
0.0464409515
0.0197734442
0.0053066355
0.0057991566
0.0163266473
0.0194734856
0.0090266112
0.0095854262
0.0506322719
0.0061878776
0.0065917377
0.0118927844
0.0494785607
0.0062493659
0.0313457586
0.0063148867
0.0211167801
0.0051355157
0.0082028368
0.0287439488
0.0199010242
0.0476759635
0.0367549323
0.0361959264
0.0071645314
0.0282268636
0.0158075485
0.0216338839
0.0107113766
0.0044493568
0.0160167422
0.0119646713
0.0702641532
0.0068553118
0.0092599187
0.0351191498
0.0360058360
0.0161174927
0.0031918162
0.0387823991
0.0320674069
0.0172314625
0.0066616801
0.0648520738
0.0032748170
0.0199803673
0.0086638806
0.0163967144
0.0280623734
0.0269195884
0.0293122642
0.0194164589
0.0119177271
0.0109430645
0.0031270613
0.0174451098
0.0719817653
0.0327712819
0.0221197531
0.0447698943
0.0121879643
0.0223835092
0.0657191500
0.0711767972
0.0427333787
0.0294102617
0.0381217524
0.0101913763
0.0199180525
0.0548478924
0.0712102503
0.0186954476
0.0697876588
0.0220744405
0.0390689149
0.0718131587
0.0104256021
0.0410568900
0.0655578002
0.0452738218
0.0064039407
0.0175938625
0.0556717440
0.0077144657
0.0073640100
0.0038511960
0.0255319495
0.0258277133
0.0102301165
0.0380818807
0.0146089662
0.0051830374
0.0601660274
0.0133108804
0.0263224319
0.0076746582
0.0085791741
0.0068149697
0.0304065961
0.0706436187
0.0294450261
0.0051344251
0.0171091761
0.0035592660
0.0342143252
0.0287195668
0.0284216143
0.0140704615
0.0463510640
0.0039103599
0.0039233495
0.0625319332
0.0333719142
0.1228102073
0.0125279091
0.0308965314
0.0731970221
0.0029144890
0.0112531064
0.0035114121
1.0335670710
0.0440866910
0.0090285549
0.0236366168
0.0329080001
0.0322049893
0.0029652505
0.0047774031
0.0316147245
0.0052802833
0.0039517405
0.0256181974
0.0051554819
0.0391731672
0.0068184552
0.8969826102
0.0501848832
0.0596150234
0.0513285659
0.0142315356
0.0664466769
0.0423504859
0.0275346879
0.0179666057
0.0355926268
0.0450894646
0.0264732540
0.0042591882
0.0033425158
0.0307539180
0.0573825054
0.0567854457
0.0299723893
0.0611899272
0.0680184960
0.0451574624
0.0050467663
0.0370626897
0.0109229907
0.0053321575
0.0164598022
0.0034001723
0.0077210343
0.0190934148
0.0091879750
0.0567313619
0.0056790598
0.0119654685
0.0114413099
0.0353199504
0.0504821837
0.0056161303
0.0471793264
0.0037024056
0.0036453414
0.0549734086
0.0256028902
0.0209009163
0.0696998835
0.0376094915
0.0710412785
0.0154738054
0.0250029676
0.0362375490
0.0332343243
0.0079189036
0.0713886470
0.0323350914
0.0101225637
0.0159947127
0.0074539562
0.0395014435
0.0619055741
0.0129782055
0.0099534048
0.0159762651
0.0207212176
0.0609850362
0.9206152558
0.0066237259
0.0093313353
0.0052566319
0.0093911402
0.0170527808
0.0715558678
0.0155435465
0.0055134860
0.0200488623
0.0372312516
0.0075526838
0.0278804414
0.0217425060
0.0508941785
0.0165876113
0.0066217859
0.0120245824
0.0067205844
0.0122406306
0.0722503662
0.0203035139
0.0402155705
0.0317149907
0.0221450292
0.0193724129
0.0196718238
0.0086552156
0.0141502833
0.0139600439
0.0617256053
0.0119693698
0.0728374273
0.0150161441
0.0045330781
0.0659684092
0.0075298026
0.0718979314
0.0266838279
0.0319418833
0.0463284068
0.0185288247
0.0089249667
0.0036649029
0.0081308829
0.0405270606
0.0510207564
0.0121031543
0.0551703312
0.0133608337
0.0254062973
0.0248025227
0.0096044149
0.0274067670
0.0087011643
0.9124518633
0.0316059142
0.0407182276
0.0081917187
0.0178274438
0.0054828795
0.0456610546
0.0033124851
0.0371875092
0.0071180589
0.0330369547
0.0080145784
0.0543703474
0.0108371293
0.0511746965
0.0307805836
0.0068932120
0.0469434932
0.0362925157
0.0644736961
0.0705774724
0.0587705038
0.0458753817
0.0370487757
0.0077462471
0.0642130002
0.0102483472
0.0562263578
0.0572618730
0.0368246287
0.0040374133
0.0120027903
0.0654618219
0.0594912507
0.0038014778
0.0202683192
0.0046238499
0.0428899974
0.0461825430
0.0053135813
0.7395069599
0.0057089734
0.0252239853
0.0334045961
0.0618888326
0.0257317964
0.0662567168
0.0156018678
0.0046812035
0.0281316265
0.0282393973
0.0042791860
0.0581068322
0.0332843885
0.0534147732
0.0458124764
0.0076542338
0.0647976696
0.0681992322
0.0196093060
0.0472756848
0.0611239411
0.0345281363
0.0039942530
0.0039314972
0.0148888202
0.0034678266
0.0140111614
0.0485384986
0.0284146592
0.0383860618
0.0369156785
0.0303213447
0.0590252541
0.0359386541
0.0596609674
0.0492595583
0.0111355502
0.0319645666
0.0205586385
0.0080334274
0.0390354954
0.0166951958
0.0338048860
0.0033976145
0.0551817641
0.0715189651
0.0064871218
0.0224742666
0.0059503000
0.0128631331
0.0312244929
0.0039340844
0.0309430920
0.0242470577
0.0542758144
0.0075948755
0.0326180272
0.0296070985
0.1684295684
0.0505483486
0.0065223733
0.0185392406
0.0403635278
0.0049467362
0.0085942429
0.0636188313
0.0071612746
0.8197506070
0.0077785943
0.0169085879
0.0456579588
0.0193720628
0.0442721620
0.0068201236
0.0102694910
0.0303781852
0.0287738647
0.0060674823
0.0174555928
0.0082571199
0.0335615501
0.0465821624
0.0576461405
0.0183407087
0.0112510575
0.0558440872
0.0078000040
0.0088223992
0.0662340000
0.0479065552
0.0538001247
0.0441432521
0.0237414744
0.0087657021
0.0464134961
0.0383946449
0.0605038740
0.0337827764
0.0143505652
0.0063648713
0.0050558774
0.0295713264
0.0082821753
0.0125791291
0.0033316540
0.0337782949
0.0081948079
0.0408048518
0.0882076919
0.0258400738
0.0448954031
0.0317000337
0.0087672351
0.0111280102
0.0298250448
0.0055390289
0.0186674614
0.0054051387
0.0232490525
0.0539282486
0.0358313806
0.0474217534
0.0715883747
0.0619340353
0.0233228039
0.0066691404
0.0311174579
0.0169490483
0.0148542635
0.0507535711
0.0245793536
0.0312642455
0.0029506374
0.0094729848
0.0386894196
0.0286885444
0.0082151424
0.0089494847
0.0717634857
0.0072011696
0.0163658522
0.0645773634
0.0267355088
0.0203870591
0.0037448371
0.0051073711
0.0239602961
0.0093603404
0.0406152904
0.0062559815
0.0035505844
0.0152073558
0.0472732820
0.0221686680
0.0280417372
0.0680921748
0.0176669266
0.0067167473
0.0121023441
0.0462635309
0.0096008973
0.0073914966
0.0041950052
0.0220038332
0.0131107578
0.0593629070
0.0078892400
0.0039339596
0.0449513979
0.0708641708
0.0193443466
0.0209308378
0.0040482576
0.0045245211
0.0427041985
0.0066864346
0.0083726924
0.0233090781
0.0553978682
0.0200618226
0.0179683138
0.0191967599
0.0036621722
0.0117375385
0.0345669352
0.0057966150
0.0111500267
0.0563461334
0.0174051188
0.0065875645
0.0059427037
0.0247705970
0.0079860017
0.0679309592
0.0037403209
0.0482942089
0.0072706267
0.0500524156
0.0148904473
0.1114010289
0.0033198460
0.0510637425
0.0056633297
0.0360675864
0.1403017491
0.0274244398
0.0236638710
0.0658048615
0.0202814266
0.0208275188
0.0252867937
0.0694206133
0.0231775548
0.0179419406
0.0066703088
0.0354376025
0.0213279463
0.0251512993
0.0524985716
0.0593021661
0.0270085596
0.0640070587
0.0172706898
0.0346607119
0.0166608002
0.0416978188
0.0363686532
0.0277873427
0.0202243458
0.0505033396
0.0304674860
0.0040144934
0.0711602345
0.0238123946
0.0494160540
0.4076679647
0.0057240673
0.0117975865
0.0457795672
0.0047855680
0.0639555529
0.0096250707
0.0036339676
0.0600894876
0.0047985041
0.8854238391
0.0146757448
0.0046641831
0.8983142972
0.0050561237
0.0614384003
0.0653749257
0.0157343950
0.0117799193
0.0068747951
0.0152911404
0.0301000923
0.0051923017
0.0459574275
0.0338429920
0.0098559950
0.0102102403
0.0323809125
0.0336826891
0.0439289398
0.0077245883
0.0033494106
0.0306585394
0.0106856097
0.0037510074
0.0374712050
0.0573305003
0.0224223342
0.0176010337
0.0536849461
0.0191282909
0.0314332582
0.0429232232
0.0331353657
0.0044436119
0.0172948875
0.0281322505
0.0081102941
0.0485270098
0.0295618102
0.0246306825
0.0067923265
0.0563883856
0.0157229975
0.0714410543
0.0216119215
0.0277851336
0.0692425221
0.0690186843
0.0113084996
0.0447243713
0.0688005090
0.0693815947
0.0206733663
0.0680975690
0.0048073810
0.0624575317
0.0162585229
0.0276016984
0.0351276584
0.0115918489
0.0271045733
0.0289993063
0.0641415268
0.0320312902
0.0651021823
0.0260533690
0.0070430445
0.0160672143
0.0569293983
0.0041783093
0.0509809814
0.0286250859
0.0383807421
0.0340723582
0.0143648963
0.0312767588
0.0059750825
0.0294072106
0.0719310716
0.0108262105
0.0363482088
0.0162205175
0.0489258915
0.0032851784
0.0153036285
0.0236360785
0.0608122014
0.0031607263
0.0257734898
0.0205455739
0.0704139620
0.0150484899
0.0546587594
0.0240854789
0.0164146908
0.0555045083
0.0033878745
0.0614246242
0.0520911328
0.0523159876
0.0676120147
0.0449778959
0.0715905577
0.0272886101
0.0243454538
0.0513589270
0.0072556115
0.0538580120
0.0344622843
0.0286714900
0.0082300715
0.0162055120
0.0124513954
0.0499348082
0.0070744278
0.0374720618
0.0177399311
0.0035671520
0.0044885813
0.0390088335
0.0087175425
0.0228011180
0.0377801247
0.0714201704
0.0120587153
0.0248260163
0.0138700958
0.0346591994
0.0063335113
0.0302277710
0.0728100687
0.0030381570
0.0239850078
0.0044567613
0.0261712950
0.0044326140
0.0559879690
0.0165099259
0.0069994209
0.0655490234
0.9289231896
0.0153017454
0.0170194954
0.0034400085
0.0551238172
0.0214551352
0.7421938181
0.0385856405
0.0317923576
0.0103860125
0.0193122998
0.0109770363
0.0494662412
0.0045693195
0.0043513207
0.0047218404
0.0647421032
0.0584550686
0.0142473187
0.0087149115
0.0069528073
0.0273908246
0.0282514747
0.0058140787
0.0315063260
0.0081013199
0.0070552677
0.0040459735
0.0081292819
0.0134912394
0.0038609023
0.0404636301
0.0076393019
0.0143761169
0.0525075719
0.0162322056
0.0405951515
0.0445451364
0.0358672887
0.0193840042
0.0124734528
0.0040830364
0.0461336263
0.0534917787
0.0152076837
0.0064621251
0.0054689934
0.0247550420
0.0082995994
0.0029817016
0.0415081754
0.0072863526
0.0140250772
0.0573041998
0.0058550076
0.0123917479
0.0544522256
0.0046941405
0.0101625463
0.0287108757
0.0133164739
0.0215885900
1.0146113634
0.0040345625
0.0382970683
0.0564109981
0.0166236181
0.0282576531
0.0406963415
0.0531294420
0.1720240563
0.9121855497
0.0146698365
0.0314611308
0.0036297152
0.0106175384
0.0126718935
0.0139637422
0.0031900443
0.0643845946
0.0546261854
0.0177333262
0.0039684926
0.0032774983
0.0248098765
0.0083289724
0.0564088412
0.0336148627
0.0465615466
0.0104793012
0.0128078489
0.0300411768
0.0295514837
0.0124284439
0.0041646464
0.0474608913
0.0129204877
0.0062500667
0.0307081044
0.0069542252
0.0680585280
0.0057124761
0.0376606733
0.0207819045
0.0049285754
0.0475511961
0.0174646657
0.0075558750
0.0545387231
0.0375366174
0.0529047437
0.0321470685
0.0249711964
0.0159162153
0.0648275018
0.0094316648
0.0265259705
0.0545699149
0.8924440742
0.0471052788
0.0130808568
0.0697467923
0.0588631891
0.0077582849
0.0272366572
0.0092557399
0.0057661715
0.0220830962
0.0431872606
0.0066904705
0.0593523085
0.0115098273
0.0304523204
0.0053027053
0.8649324775
0.0419304520
0.0204329453
0.0434671454
0.0727034807
0.0226041395
1.0095010996
0.0235522036
0.0071604601
0.0685383156
0.0142669287
0.0398187488
0.0520725623
0.0073513421
0.0290598515
0.0499855615
0.0535061322
0.0085209068
0.0073873722
0.0113240937
0.0374573767
0.0173636451
0.0152452299
0.0119041745
0.0102334386
0.0301608890
0.0353425853
0.0044733947
0.0723971128
0.0096193338
0.0196408127
0.0131781315
0.0645517409
0.0348565057
0.0034654292
0.0284479037
0.0342310667
0.0186449364
0.0613008738
0.0214837156
0.0086845793
0.0042573637
0.0418204255
0.0053407699
0.0039739036
0.0266019292
0.0082731815
0.0358529054
0.0036858988
0.0729707181
0.0482149012
0.0262890216
0.0047326661
0.0080395909
0.0203220006
0.0444302000
0.0177360065
0.0695967004
0.0360698476
0.0551214740
0.0038081121
0.0041976981
0.0085673137
0.0035179630
0.0718281046
0.0148881059
0.0087644439
0.0118810525
0.0632071644
0.0132042496
0.0506992936
0.0124221966
0.0294364318
0.0036304756
0.0598350167
0.0124020902
0.0630297065
0.0707468688
0.0632192194
0.0704799369
0.0089492863
0.0722442940
0.0167090092
0.0049372595
0.0184249319
0.0162611976
0.0384725817
0.0321262740
0.0164275989
0.0439625382
0.0089346450
0.0059773759
0.0235666428
0.0216755234
0.0363557488
0.0031391440
0.0225284081
0.0556381717
0.0051012598
0.0236296896
0.0177668277
0.0557725318
0.0124128778
0.0341001935
0.0581652857
0.0038268715
0.0256229620
0.0486801155
0.0548636615
0.0296673961
0.0423857495
0.9743247032
0.0163972769
0.0449512973
0.0143596753
0.0124224201
0.0483962633
0.0323870257
0.0627326146
0.0039406042
1.0122157335
0.0692086965
0.0280766636
0.0124168806
0.0287788268
0.0203018114
0.0085117547
0.0163096935
0.0367620550
0.0505126975
0.0493538491
0.0195632298
0.9109706283
0.0536217056
0.0434170030
0.0052807019
0.0121065984
0.0157663934
0.0034168707
0.0634081513
0.0050067608
0.0661140904
0.0062174867
0.0137246698
0.0169098433
0.0491550192
0.0412687100
0.0516115725
0.0136911767
0.0511619113
0.0078411875
0.0117752841
0.0360273458
0.0595391616
0.0040497086
1.0217145681
0.0036305762
0.0068408437
0.0222049337
0.0061676656
0.0080638845
0.0041931272
0.0257328786
0.0650576353
0.0657395422
0.0406344868
0.0451954976
0.0576916300
0.0057785534
0.0419634283
0.0345335044
0.0345041864
0.0422355607
0.0649713352
0.0107165975
0.0242060125
0.0035596103
0.0297754481
0.0066506634
0.0481886528
0.0045059081
0.0406307913
0.0501332022
0.0612528510
0.0394099243
0.0271460414
0.0094993208
0.0303763300
0.0160882603
0.0365167148
0.0032551212
0.0063569439
0.0706186071
0.0147281317
0.0122554535
0.0289000962
0.0233316738
0.0466730893
0.0421214551
0.0031255276
0.0590727590
0.0083690081
0.0102185290
0.0544673204
0.0442599095
0.0633347407
0.0359176323
0.0433314554
0.0216094926
0.0224940814
0.0164602417
0.0435333699
0.0411480367
0.0319742560
0.0045373314
0.0218216330
0.0317101032
0.0293613467
0.0199189298
0.0504275598
0.0395682044
0.0069343923
0.0233619325
0.0230336245
0.0047386619
0.0389880575
0.0500368662
0.0167047773
0.0312260780
0.0499252900
0.0700451210
0.0315784402
0.0148541378
0.0238303635
0.0288009308
0.0169788878
0.0225425493
0.0065088239
0.0054156189
0.0159236342
0.0179057978
0.0411424600
0.0051503396
0.0371199735
0.0093317358
0.0164877381
0.0631737188
0.0062088612
0.0521200560
0.0539747961
0.0321153551
0.0084532686
0.0062781302
0.0502187274
0.0052039204
0.0253766272
0.0033977416
0.0501484573
1.0268815756
0.0546506494
0.0140047781
0.0086277686
0.0236277487
0.0659158230
0.0042862808
0.0417865813
0.0254842360
0.0032246222
0.0054571945
0.0039131646
0.0581862703
0.0214830451
0.0292603001
0.0245702211
0.0032709553
0.0030989945
0.0065436363
0.0414076857
0.0316405445
0.0231014080
0.0303427726
0.0668151975
0.0320470519
0.0463043377
0.0368884318
0.0091012614
0.0630117580
0.0572792664
0.0123626357
0.0191170145
0.0203194749
0.0376216434
0.0037394657
0.6112756133
0.0237646773
0.6920990348
0.0715951473
0.0082581993
0.0402287729
0.0095095281
0.0231563002
0.0661686733
0.0150328483
0.0166209303
0.0476458110
0.0264421050
0.0087712603
0.0719284639
0.0041189860
0.0059661283
0.0183109269
0.0209597908
0.0109043084
0.0047784606
0.0343353115
0.0189575572
0.0347509682
0.0332958438
0.0045053409
0.0107633257
0.0132549293
0.0201829411
0.0069466149
0.0075291852
0.0170215257
0.0209292527
0.0610139370
0.0500697419
0.0288836155
0.0724766925
0.0542074442
0.0148613974
0.0206594151
0.0089407610
0.0637055188
0.0144603876
0.0077815433
0.0088594956
0.0164112337
0.0077499561
0.0236026980
0.0334911011
0.0083014378
0.0617742725
0.0635025427
0.0041886480
0.0503938943
0.0266301036
0.0066908346
0.0316035599
0.0449703820
0.0048820293
0.0159771163
0.0392876454
0.0479531251
0.0680575520
0.0211697482
0.0044031562
0.0048937500
0.0196009725
0.0102331256
0.0034090162
0.6992177367
0.0064753527
0.0433014520
0.0050679878
0.0508434176
0.0094276173
0.0039169397
0.0071994606
0.0524125174
0.0391955748
0.0693875700
0.0571329407
0.0056033339
0.0219799466
0.0045669759
0.0615325756
0.0030367381
0.0083412901
0.0201276317
0.0035714337
0.0685306415
0.0042620501
0.0356206112
0.0529000238
0.0055929394
0.0213009492
0.0038766074
0.0645082965
0.0420805737
0.0367538854
0.0489782244
0.0695406049
0.0035416291
0.0282499790
0.0056510051
0.0377010927
0.0677743554
0.0264463909
0.0132561438
0.0131375305
0.0146219498
0.0307081584
0.0146681340
0.0077690515
0.0201639775
0.0631788597
0.0036043057
0.0030708874
0.0033919695
0.0697302967
0.0311208852
0.0059786835
0.0466546305
0.0151717281
0.0624575019
0.0039842520
0.0627100915
0.0447351262
0.0063086515
0.8391449451
0.0065261140
0.0357387885
0.0283189602
0.0103779128
0.0391483977
0.0346786305
0.0051444196
0.0415906385
0.0302334446
0.0062555955
0.0668151826
0.0571761727
0.0098105902
0.0039701257
0.0094209313
0.0165160801
0.0201189015
0.0328411534
0.0218633544
0.0165208913
0.0052513499
0.0648175701
0.0169217978
0.0335584506
0.0126958890
0.0067981384
0.0114734108
0.0419903919
0.0156697053
0.0607942976
0.0145064695
0.0060483236
0.0110456124
0.0032908418
0.0069919643
0.0228438750
0.0116792647
0.0201619323
0.0409547538
0.0073952470
0.0421722941
0.0699691474
0.0030816682
0.0371358171
0.0049430961
0.0305145811
0.0535567626
0.0540335476
0.0105911018
0.0035426093
0.0239617079
0.0048687235
0.0273118112
0.0606056228
0.0280825440
0.0059660920
0.0081376350
0.0057278248
0.0342995636
0.0475912392
0.0177747495
0.0583020411
0.0105192661
0.0148167200
0.0448932275
0.0036727788
0.0145334834
0.0433426052
0.0201492384
0.0358867645
0.0192567352
0.0411527455
0.0052970136
0.0714979097
0.0403343886
0.0050682514
0.0051762727
0.0122834798
0.0256823823
0.0038952206
0.0032842206
0.0094359908
0.0462996550
0.0263878144
0.0032554734
0.0144973425
0.0156141510
0.0505634062
0.0564082712
0.0534158349
0.0044743866
0.0069326581
0.0051091230
0.0129272230
0.0525736064
0.0571149886
0.0051855026
0.0040671923
0.0131314937
0.0100126918
0.0202020239
0.0386464894
0.0054984973
0.0041394010
0.0527548417
0.0107480697
0.0093744043
0.0076068123
0.0675446317
0.0447340943
0.0095077418
0.0671551600
0.0094678933
0.0045365253
0.0046142414
0.0260573849
0.0133103337
0.0096193692
0.0413764603
0.6689671278
0.0045374762
0.0498948842
0.0155288028
0.0435267463
0.0570227467
0.0163307134
0.0212696511
0.0380571261
0.0125455456
0.0144630764
0.0056663160
0.0032898816
0.0100839119
0.0039062519
0.0205185562
0.0319918692
0.0381228290
0.0155716222
0.0309434682
0.0041102949
0.0118505964
0.0309182461
0.0364607610
0.9318346381
0.0157632343
0.0516440384
0.0038939728
0.0449549444
0.0221772958
0.0287078768
0.0030747859
0.0407723598
0.0209217053
0.0144265378
0.0050352374
0.0032066286
0.0204967000
0.0200555827
0.0225979164
0.0213565528
0.0484864935
0.0153442500
0.0565615520
0.0350250527
0.0038078537
0.0412018411
0.0414621234
0.0435076393
0.0304469988
0.0510211363
0.0296878051
0.0050357515
0.0122969458
0.0409367010
0.0217765067
0.0061397264
0.0586230718
0.0265404545
0.0281887688
0.0131307794
0.0624831580
0.0035704868
0.0150609287
0.0663775876
0.0163497943
0.0231648423
0.0049314569
0.0051570735
0.0133500323
0.0544145405
0.0588765740
0.0057073669
0.0323783979
0.0073626037
0.0065177726
0.0100982180
0.8140666485
0.0131399520
0.0163436122
0.0717804059
0.0451110229
0.0082978979
0.0600433722
0.0030280782
0.0276872162
0.0150152566
0.0221530180
0.0058810334
0.0403986648
0.0260366797
0.0343511291
0.9866204858
0.0096784476
0.0143496320
0.0282787625
0.0339480750
0.0284222513
0.0469555818
0.2069829106
0.0088136792
0.0117315361
0.0614052936
0.0681213513
0.0218789615
0.0548275895
0.0104779359
0.0053909761
0.0711817071
0.0325493440
0.0034939046
0.0255675316
0.0119498894
0.0238862559
0.0581049956
0.0470561236
0.0037986562
0.0031396099
0.0368921347
0.0135608576
0.0670393258
0.0059977421
0.0039178031
0.0697150752
0.0236151479
0.0475223623
0.0365676284
0.0838803500
0.0438790061
0.0055631502
0.0039244746
0.0163494963
0.0493136011
0.0249490719
0.0368440375
0.0054188310
0.0391036160
0.0257043298
0.0349775366
0.0328329094
0.0078099603
0.1647341996
0.0052550454
0.0374898277
0.0648281127
0.0159436744
0.0313590318
0.0418388546
0.0113676526
0.0537343062
0.0666221902
1.0212351084
0.0355200097
0.0034615183
0.0081581417
0.0241045207
0.0190973692
0.0044546667
0.0131573109
0.0659584850
0.0297349393
0.0186587181
0.0617392659
0.0674142018
0.0035772135
0.0418363772
0.0182570294
0.0029439917
0.0356356874
0.0585860796
0.0047289431
0.9693165421
0.0058267568
0.0107546877
0.0687910318
0.0537519753
0.0120138368
0.0366806127
0.0728160143
0.0056712586
0.0603742562
0.0041790311
0.0698680207
0.0067477333
0.0657313913
0.0121759418
0.0049710316
0.0282594543
0.0476369113
0.0207086205
0.0126625467
0.0287275948
0.0087798228
0.0089394301
0.0077108736
0.0137908747
0.0058893450
0.0493385196
0.0087990910
0.0082337689
1.0152800083
0.0658949465
0.0051195910
0.0225265473
0.5738362074
0.0485240184
0.0676831305
0.0112376744
0.0282396656
0.0029268002
0.0112651484
0.0276781991
0.0068006418
0.0170682389
0.0105219670
0.0258781593
0.0238413103
0.0048993640
0.0674558356
0.0661992058
0.0080870409
0.0210565515
0.0040447325
0.0045340564
0.0092868991
0.0071080104
0.0719767958
0.0468691699
0.0536300614
0.0166114178
0.0500999652
0.0175194703
0.0067857211
0.0332934782
0.0719949380
0.0178755261
0.0044642920
0.0301122330
0.0090307901
0.0036402808
0.0294874273
0.0614581220
0.0444764346
0.0403574705
0.0140609220
0.0072189495
0.0044056014
0.0051576514
0.0058104265
0.0324466340
0.0705729797
0.0706282556
0.0080672065
0.0359070748
0.0086331917
0.0140523724
0.0029136247
0.0216482896
0.0539489388
0.0593197867
0.0046519283
0.0214771982
0.0031195246
0.0041290033
0.0301160067
0.0071348683
0.0143038593
0.0678214803
0.0104673747
0.0234182067
0.0219961330
0.0181695204
0.0334747843
0.0184729435
0.0041097291
0.0079263374
0.0370649472
0.0374135748
0.0464502349
0.0565479212
0.0531724803
0.0406520329
0.0067241066
0.0146953044
0.0102333426
0.0045739040
0.0198736452
0.0067413291
0.0164472014
0.0313615501
0.0641528741
0.0043735350
0.0350884497
0.0680419281
0.0350776389
0.0286352783
0.0043202722
0.0095711239
0.0051558930
0.0247824844
0.0300568603
0.0331908949
0.0098536545
0.0471515916
0.0179319568
0.0095192380
0.0085263746
0.0101961484
0.0030466123
0.0133607788
0.0661868900
0.0034214177
0.0258535575
0.0033151691
0.0110629406
0.0231831335
0.0168338679
0.0124389008
0.0160907619
0.0082185855
0.0153870797
0.0102666663
0.0152176768
0.0094294222
0.0347260460
0.0394087620
0.0246033128
0.0106355436
0.0280013029
0.0617990978
0.0062188245
0.0549511127
0.0210904181
0.0581704900
0.0158944540
0.0123254443
0.0043499921
0.0125599941
0.0264449455
0.0068400558
0.0347718336
0.0046225805
0.0029439938
0.0239754170
0.0279137678
0.0357559957
0.8216997385
0.0346016958
0.0579225756
0.0165903624
0.0029258707
0.0064475061
0.0066886363
0.0322913975
0.0226611830
0.0303452853
0.0074001090
0.0120385326
0.0677175671
0.0725563318
0.0326674879
0.0329104699
0.0141354054
0.0136171812
0.0291309264
0.0081490716
0.0326154605
0.0066277110
0.0736999810
0.0138153620
0.0059442762
0.0349921957
0.0068238652
0.0153907891
0.0078046322
0.0418173037
0.0431759432
0.0700835735
0.0152690616
0.0101032732
0.0721780956
0.0044540614
0.0090942122
0.0549420863
0.0639124811
0.0307503380
0.0339226127
0.0039851326
0.0140272258
0.2783179283
0.0478873774
0.0045831497
0.0704199150
0.0097019011
0.0475067981
0.0051962337
0.0592088699
1.1240463257
0.0118196160
0.0217524674
0.0134782214
0.0423648842
0.0282496586
0.0634870902
0.0052582985
0.0306175016
0.0513859168
0.0643255115
0.0052666776
0.9827224612
0.0616687275
0.0086057726
0.0242193881
0.0057116048
0.0041782218
0.0257338993
0.0057820231
0.0368882194
0.0240696128
0.0047894414
0.0512740314
0.0045614531
0.0092695719
0.0129860900
0.0668262467
0.0187858474
0.0584863238
0.0605228245
0.0057752905
0.0445192046
0.0033806488
0.0058599780
0.0563313439
0.0032254953
0.0057448158
0.0044566966
0.0060069943
0.0531758070
0.0273884442
0.0139612248
0.0046052998
0.0427251570
0.0189145915
0.0128285764
0.0284042992
0.0101281712
0.0046083215
0.0169739034
0.0089790979
0.0309750233
1.0025235415
0.0432146564
0.0080003291
0.0244974084
0.0072246497
0.0555871911
0.0117219388
0.0305706263
0.0298760831
0.0098339617
0.0291454773
0.0073508094
0.0092079053
0.0172937736
0.0359957889
0.0158945695
0.0100917872
0.0291356593
0.0117094992
0.0227415320
0.0041596624
0.0507024564
0.0362165831
0.0529978424
0.0485185422
0.0228323918
0.0532729328
0.0122699644
0.0049499343
0.0553079769
0.0034214726
0.0641771629
0.0200991519
0.0080715604
0.0395682752
0.0142665301
0.0203924701
0.0277478751
0.0439961925
0.0116372313
0.0038089128
0.0041026478
0.0038799453
0.0527065136
0.0194516424
0.0535548739
0.0153767811
0.0080241654
0.0068614152
0.0054611638
0.0040933755
0.0533817187
0.0059710224
0.0090337144
0.0033394282
0.0281712804
0.0105804736
0.0280833505
0.0348256491
0.0091883149
0.0270487573
0.0115618510
0.0077652163
0.0032467407
0.0191600583
0.0085394252
0.0268121567
0.0642022192
0.0183222331
0.0648252144
0.1176741049
0.0047185537
0.0506232940
0.0108433245
0.0067690220
0.0611845367
0.0541230552
0.0298417080
0.0533892140
0.0126549676
0.0662452653
0.0704830438
0.0193585604
0.0113958297
0.0106618134
0.0053193704
0.0309374910
0.0030288617
0.0349480510
0.0666237622
0.0061375462
0.0054315166
0.0423636623
0.0177436676
0.0226899199
0.0461162366
0.0595182031
0.0391986407
0.0057013137
0.0265416168
0.0462697223
0.0304801334
0.0530363917
0.0354410298
0.0059014512
0.0518565848
0.0247642044
0.0640346780
0.0717386976
0.0049209758
0.0187468324
0.0085810293
0.0702737272
0.0480507910
0.0274166260
0.0048665591
0.0169309825
0.0162978936
0.0214681290
0.0467991494
0.0263147373
0.0315559097
0.0202956386
0.0424833857
0.0348800942
0.0611322336
0.0063157231
0.0080959462
0.0042480901
0.0528556183
0.0086569740
0.0338203460
0.0256779063
0.0098283580
0.9152457118
0.0228770822
0.0045763687
0.0181058366
0.0363775790
0.0609699637
0.0699264780
0.0727455318
0.0037931879
0.0093293237
0.0636668056
0.0101508573
0.0118792821
0.0205121133
0.0129605029
0.0055017737
0.0100325840
0.0075031524
0.0517502986
0.0090380246
0.0221381038
0.0284148529
0.0078288438
0.0181517489
0.0258393772
0.0097571723
0.0065331180
0.0273652058
0.0376463644
0.0507306382
0.0099043474
0.0590937063
0.0047565061
0.0425268263
0.0059431461
0.0285430979
0.0437524728
0.0131624294
0.0076909298
0.0166813768
0.0401672497
0.0193429776
0.0079214554
0.0412620157
0.0164531805
0.0081252381
0.0524130985
0.0394344479
0.0050155874
0.0625902563
0.0483672582
0.0112056313
0.0278926436
0.0671349391
0.0383019522
0.0371816531
0.0465436950
0.0701535493
0.0086674727
0.0532194190
0.0544392131
0.0029817198
0.0661735535
0.0381995998
0.0040353262
0.0360269397
1.0053713322
0.0487943590
0.0031619144
0.0049502505
0.0066798050
0.0444394499
0.0066545606
0.0629591197
0.0169839263
0.0080765812
0.0095874639
0.0299928635
0.0035209856
0.0249152929
0.0280825179
0.0586972944
0.0688752010
0.0029488900
0.0384844579
0.0074394243
0.0500373729
0.0034631302
0.0660358891
0.0244625416
0.0256038774
0.0253639929
0.0288482737
0.0267316531
0.0177232996
0.0213951822
0.0037562088
0.0506874733
0.0079501560
0.7471115589
0.7323039174
0.0702207386
0.0047258711
0.0529564768
0.0538687594
0.0457125381
0.0193994697
0.0316020064
0.0046404768
0.0173366237
0.0094212620
0.0412482396
0.0114743039
0.0041474891
0.0258874521
0.0167094991
0.0341974646
0.0322217010
0.0096774492
0.0042714104
0.0266769249
0.0122296093
0.0609544739
0.0257882681
0.0335465521
0.0409382582
0.7127512097
0.0679274797
0.0118913418
0.0329940617
0.0041257972
0.0048883250
0.0177274197
0.0151220337
0.0556124449
0.0149579616
0.0660748258
0.0047126841
0.0161034930
0.0227821879
0.0055203340
0.0042253146
0.0153261153
0.0386931002
0.0030680478
0.0126386443
0.0116828894
0.0113400156
0.0077739996
0.0382160135
0.0577491038
0.0679637119
0.0575114153
0.0291858558
0.0704113320
0.0258615967
0.0513848923
0.0097970981
0.0226107519
0.0679226592
0.0129168350
0.0646297783
0.0066812350
0.0113430917
0.0547115393
0.0492805652
0.0052166739
0.0419157408
0.0204198118
0.0296270680
0.0390704498
0.0076706507
0.0043678475
0.0088983160
0.0330979638
0.0291513857
0.0407572575
0.0086527215
0.0076649287
0.0191125739
0.0277495906
0.0195110720
0.0089370841
0.0389524475
0.0113597494
0.0374924242
0.0290085506
0.0488302298
0.0175064243
0.0223709643
0.0036536597
0.0221959613
0.0174785834
0.0236642193
0.8907713294
0.0344506949
0.0029924968
0.0257425234
0.0138439592
0.0097311046
0.0433444530
0.0123172747
0.0312578715
0.0679990649
0.0697653219
0.0049976376
0.0571888797
0.0281346701
0.0226950813
0.0198695865
0.0147524802
0.0442527495
0.0172495246
0.0189041812
0.0098312255
0.0112321591
0.0040692235
0.8272733092
0.0231775735
0.0092743989
0.9589564800
0.0050821705
0.0467085913
0.0232935883
0.0100591965
0.0251725558
0.0152893048
0.0036088482
0.0329931155
0.0668603107
0.0351444259
0.0245635174
0.0355129205
0.0050719786
0.0549011081
0.0358312167
0.0652060732
0.0074320626
0.0224974006
0.0059998212
0.0508451760
0.0196172576
0.0047188755
0.0618561953
0.0200222824
0.0247816388
0.0154205253
0.0270409565
0.0040459903
0.0210640915
0.0715545416
0.0089459019
0.0097336136
0.0456893668
0.0094203195
0.0371074080
0.0527595282
0.0045610461
0.0046265940
0.0295430589
0.0730227903
0.0178373698
0.0363272466
0.0120286914
0.0476140045
0.0063545289
0.0584122464
0.0191098601
0.0068929181
0.0129019739
0.0068938890
0.0046888622
0.0316686630
0.0058014635
0.0089758467
0.0270644985
0.0367019586
0.0085980864
0.0064145746
0.0095312074
0.0312724896
0.0287540983
0.0155536151
0.0295992531
0.0646886602
0.0132500296
0.0468432270
0.0666896924
0.0043872879
1.0636527538
0.0087059597
0.0486251228
0.0638348088
0.0351841152
0.0183991846
0.0300962012
0.0038163431
0.0606979802
0.0142689329
0.0047327164
0.0201810654
0.0105910692
0.0355909131
0.0247094799
0.0072258562
0.0041324096
0.0091576604
0.0038711946
0.0109297335
0.0064100432
0.0267602298
0.0464010350
0.0469825864
0.0038593628
0.0109727876
0.0077820937
0.0438461117
0.0533274114
0.0560723878
0.0182654690
0.0136279771
0.0052854265
0.0201017242
0.0291754715
0.0116309160
0.9942146540
0.0037720380
0.0137714874
0.0299562737
0.0730205849
0.0065223253
0.0100772865
0.0155057777
0.0058052265
0.0214123577
0.0092535084
0.0444216542
0.0691350475
0.0363935456
0.0144643132
0.0154154822
0.0228276066
0.0263893809
0.0382034555
0.0315352455
0.0253577400
0.0662447140
0.0350050665
0.0277004819
0.0418902226
0.0561696775
0.0066408673
0.0230068471
0.0077329762
0.0086839674
0.0126273260
0.0337702036
0.0462229587
0.0691922307
0.0546575747
0.0480720513
0.0178599395
0.0308195725
0.0059549687
0.0467593186
0.0359847061
0.0176930651
0.0105245048
0.0206600428
0.0195098165
0.0490581840
0.0057221539
0.0068170386
0.0399055928
0.0058581824
0.0448858812
0.0667622462
0.0162658636
0.0164275263
0.0194779448
0.0130420709
0.0061154510
0.0058595366
0.0467553847
0.0430819839
0.0042766752
0.0124762692
0.0508137271
0.0381062850
0.0032461609
0.0352589712
0.0058031515
0.0242143366
0.0141370846
0.0276306868
0.0703715608
0.0394811183
0.0093190903
0.0502328090
0.0047438256
0.0240922496
0.0105188023
0.0289318096
0.0151926307
0.0439045168
0.0048946249
0.0455618016
0.0321937017
0.0345611051
0.7676172853
0.0473160632
0.0184499193
0.0718150139
0.0287409797
0.0483040400
0.0264343843
0.0329914503
0.0165822916
0.0406048261
0.0123856831
0.0566676185
0.0283288099
0.0128433574
0.0201778058
0.0159906950
0.0721440762
0.0437304676
0.0125634000
0.0126991039
0.0233347509
0.0554525666
0.0118992263
0.0174288433
0.0148148714
0.0160330068
0.0452029519
0.0100291511
0.0715510845
0.0581249334
0.0055111055
0.0501715317
0.0140485652
0.0413289703
0.0113692665
0.0045184740
0.0072470405
0.0288614798
0.0618000887
0.0142529812
0.0257384703
0.7573673725
0.0089758905
0.0173457172
0.0326268673
0.0057164356
0.0098518357
0.0436044224
0.0253218766
0.0450872295
0.0042129490
0.0048655076
0.0314965323
0.0321623273
0.0030010263
0.9518004656
0.0475234203
0.0149043156
0.0527968332
0.0242823381
0.0474216491
0.0049171662
0.0324834771
0.0592055395
0.0093531404
0.0534131303
0.0426542573
0.0115416106
0.0452240184
0.0181177966
0.0514384434
0.0149262408
0.0045184102
0.0316651464
0.0517785810
0.0655201077
0.0445354283
0.0732536092
0.0080378652
0.0051621632
0.0230311304
0.0434522629
0.0476060845
0.0671015829
0.0034036087
0.0415366106
0.0300213657
0.0132502029
0.0454706028
0.0047326507
0.0053774538
0.0094302418
0.0044171596
0.0119820498
0.0612487085
0.0305596069
0.0558971800
0.0423983410
0.0706399083
0.0502451621
0.0547001883
0.0119149880
0.0118102375
0.0104044024
0.0324081481
0.0054102587
0.0253948793
0.0050178440
0.0399823636
0.0508386642
0.0290218573
0.0173643082
0.0049379254
0.8158774376
0.0182467941
0.0387025066
0.0253691431
0.0413065478
0.0304796640
0.0043665869
0.0047631138
0.0107580470
0.0148583343
0.0177238900
0.8539273143
0.0062728585
0.0028609878
0.0172600001
0.8287726045
0.0198551603
0.0069857202
0.0619675480
0.0548375323
0.0074589625
0.0058283391
0.0713871717
0.0681572780
0.0421265438
0.0499313250
0.0314059220
0.0488697626
0.0030188868
0.0606011115
0.0168346539
0.0103666140
0.0299958121
0.0228803214
0.0121552246
0.0260597784
0.0622094087
0.0455764793
0.0062126191
0.0165620502
0.0450165085
0.0044681230
0.0071747387
0.0238123406
0.0754147619
0.0178224109
0.0394063145
0.0117748836
0.0052681440
0.0690021366
0.0753455460
0.0434274897
0.0120079806
0.0472054295
0.0604572631
0.0090487292
0.0278088618
0.0102095641
0.0031456898
0.0072703729
0.0063555418
0.0339774974
0.0201056823
0.0083692847
0.0150775509
0.0049641286
0.0469943434
0.0474357046
0.0084582306
0.0272693057
0.0251487251
0.0175284874
0.0154569540
0.0627340525
0.0115843546
0.0462070666
0.0183515269
0.0039043878
0.0458274893
0.0038263029
0.0380389504
0.0164376032
0.0521871485
0.0644125491
0.0427020341
0.0041691284
0.0036511845
0.0055886330
0.0157236364
0.0062899580
0.0561908409
0.0034192321
0.0110090924
0.0670649633
0.0540860035
0.0228953548
0.0146591086
0.0119655672
0.0229156744
0.0388751999
0.0153539088
0.0390621647
0.0567352884
0.0144117000
0.0706300810
0.0526874959
0.0052398853
0.0450825505
0.0156996176
0.0150113069
0.0185992587
0.0459731072
0.0130712213
0.0536110103
0.0130726853
0.0471725240
0.0683289990
0.0044857096
0.0047016046
0.0124785928
0.0276394989
0.0098972600
0.0195571799
0.0182318427
0.0165754352
0.8289806843
0.0068640090
0.0237354431
0.0040999344
0.0138185350
0.0131639307
0.0340783820
0.0456550121
0.0274640471
0.0338374786
0.0028488755
0.0486390591
0.0027956443
0.0164140146
0.8534915447
0.0350628272
0.0172551870
0.6425867677
0.0723541901
0.1279496104
0.0174920764
0.0159767028
0.0443917066
0.0271271523
0.0039608763
0.0278286431
0.0216802452
0.0464839935
0.0673797727
0.0098703951
0.0498521030
0.0042300150
0.0052485452
0.0072567919
0.0258590393
0.0116630187
0.0416380875
0.0684664920
0.0040864828
0.0054001035
0.0263095032
0.0492872074
0.0178547949
0.0308411382
0.0384613238
0.0293276794
0.0043023480
0.0043620421
0.0209029987
0.0107351625
0.0206809714
0.0054595824
0.0211410020
0.0200220253
0.0105420304
0.0277714059
0.0163074825
0.0378348678
0.0063101333
0.0167636424
0.0494960435
0.0054112235
0.0424210466
0.0193924066
0.0160253793
0.0480953828
0.0207172725
0.0628344640
0.0422216952
0.0426481515
0.7070834041
0.0176589061
0.0549049824
0.0574392155
0.0540299751
0.0125646079
0.0138317971
0.0588574596
0.0063786712
0.0139213782
0.0511904657
0.7470532656
0.0152173769
0.0135042500
0.0036571324
0.0044114962
0.0066225696
0.0030258223
0.0352499597
0.0667987093
0.0243030824
0.0184724778
0.0061599067
0.0038258662
0.0674703270
0.0178631749
0.0255963523
0.0032881422
0.0036928409
0.0134799918
0.0147399744
0.0302220099
0.0400618687
0.0676809996
0.0034471031
0.0150420545
0.0100302305
0.0680570006
0.0236646142
0.0083849551
0.0494372994
0.0320480689
0.0333442613
0.0375105105
0.0110247117
0.0448666774
0.0603496246
0.0445265472
0.0520823598
0.0425156318
0.0099284491
0.0545004830
0.0279930364
0.0178943314
0.0098226126
0.0585840344
0.0410520062
0.0465616100
0.0080835326
0.0699673966
0.0670849904
0.0389745086
0.0392700955
0.0636018366
0.0146224806
0.0224245172
0.0428059921
0.0221790820
0.0079704253
0.0721277744
0.0032806436
0.0504817218
0.0217263028
0.0161431134
0.0499139801
0.0287362132
0.0463885814
0.0514619835
0.0196392871
0.0212662928
0.0354241878
0.0190604739
0.0143047338
0.0120363673
0.0037250721
0.0047727115
0.0108917365
0.0417691320
0.0069082738
0.0625701472
0.0222414546
0.0397405997
0.0069164126
0.0048109517
0.0636763573
1.0748987198
0.0288295541
0.0705717281
0.0176376533
0.0060786717
0.0614970773
0.0111537455
0.0052048615
0.0416766107
0.0113965878
0.0556626134
0.0036517058
0.0225358009
0.0590420552
0.0558083542
0.0054986742
0.0203112718
0.0062735886
0.0087714689
0.0473939441
0.0271248650
0.0517349318
0.0134265935
0.0252334718
0.0034089487
0.0474930108
0.0227451548
0.0472153984
0.0062511228
0.0102144247
0.0390292481
0.0105362888
0.0606645234
0.0083882753
0.0273448117
0.0369229503
0.0181275588
0.8353067636
0.0295154508
0.0160123650
0.0697595179
0.0519192182
0.0061353468
0.0207004342
0.0072260294
0.0253709890
0.0062887184
0.0339144729
0.0691117570
0.0310696661
0.0140695022
0.0106888562
0.0142945778
0.0598318316
0.0084873457
0.0363787226
0.0409649983
0.0103498856
0.0053488128
0.0223562233
0.0067840815
0.0222123619
0.0414205752
0.0126100900
0.0037599697
0.0115590710
0.0180308018
0.0550113767
0.0681844056
0.0089449007
0.9940890074
0.0668569952
0.0051787645
0.0047267876
0.0579225458
0.0184626840
0.0336029828
0.0340014398
0.0144156087
0.0629516020
0.0230792202
0.0053199138
0.0640247688
0.0569063984
0.0385581516
0.0194677282
0.0081765242
0.0394891836
0.0043025091
0.0141141703
0.0664904565
0.0244550891
0.0313506238
0.0524408594
0.0147209978
0.0385854505
0.0395035818
0.0052112411
0.0093539348
0.0462163240
0.0399216264
0.0223065838
0.0074104555
0.0302380733
0.0159936380
0.0379776061
0.0567936338
0.0315201990
0.0387015790
0.0460949838
0.0172160361
0.0698146448
0.0030781254
0.0210339781
0.0674620643
0.0639493838
0.0153647996
0.0507089235
0.0601885729
0.0136568611
0.0555703565
0.0664295778
0.0361071378
0.0102385432
0.0088034412
0.0100112166
0.0097381631
0.0436497703
0.0590075925
0.0086355126
0.0562680028
0.0249424633
0.0417835042
0.0064499378
0.0411076173
0.0126832165
0.0064433883
0.0054503279
0.0566476807
0.0102644516
0.0592957772
0.0121352328
0.0144772576
0.0464432649
0.0691624358
0.0487174541
0.0041690031
0.0289163496
0.0483939908
0.0081102299
0.0207493789
0.0083401660
0.0141445063
0.0498489402
0.0524052493
0.0377900712
0.0185572673
0.0384127051
0.0462183543
0.0456387363
0.0174585208
0.0203658063
0.0088090021
0.0052630175
0.0573682822
0.0073117334
0.0105491364
1.0342344046
0.0070967316
0.0042893947
0.0077175316
0.0134741096
0.0471801460
0.0196534283
0.0614748970
0.0081449049
0.0220826548
0.0097162593
0.0327808745
0.0245408993
0.0046598911
0.0724832937
0.0387919173
0.0607279651
0.0359482877
0.0359523855
0.0471156612
0.0125525929
0.0217938200
0.0564803965
0.0212633554
0.0652518198
0.0058840364
0.0273085292
0.0051364494
0.0059532179
0.0464659333
0.0296721142
0.0658121407
0.0231493339
0.0107543590
0.0264662858
0.0147619350
0.0104008941
0.0486553721
0.0468047485
0.0334298089
0.0588919520
0.0507953875
0.0054305950
0.0151679330
0.0573818982
0.0482539535
0.0510903038
0.0425535068
0.0159250535
0.0477354228
0.0101450244
0.0352324098
0.0050488850
0.0054817214
0.0119873434
0.0170836598
0.0679828376
0.0152924815
0.0201415457
0.0409974791
0.0143866837
0.0287377331
0.0317002609
0.0213928707
0.0268637333
0.0067554186
0.0522833429
0.0118437558
0.0710764974
0.0697503835
0.0310399663
0.0280161612
0.0196758807
0.0522488691
0.0440986753
0.0490095541
0.0528281406
0.0424908437
0.0617958754
0.0206367485
0.0392741598
0.0441522673
0.0150761409
0.0228261910
0.0034484081
0.0258383788
0.0138990888
0.0067762183
0.0061059990
0.0035545756
0.0207267087
0.0717740878
0.0403047055
0.0089480933
0.0122835990
0.0103913788
0.0048364932
0.0600279570
0.0732742101
0.0647251233
0.0709919631
0.0095921531
0.0033284260
0.0407875739
0.0353875905
0.0269900318
0.0048050466
0.0083014444
0.0463410318
0.0221585575
0.0036712647
0.0098652961
0.0089278584
0.0097377226
0.0137576666
0.0128777884
0.0120101795
0.0716831386
0.0036512627
0.0102736298
0.0143457353
0.0686895326
0.0244100112
0.0442564934
0.0035087820
0.0072245477
0.0096068801
0.0687874109
0.0342824869
0.0392370485
0.0453068353
0.0313254558
0.0047325380
0.0054872329
0.0198962074
0.0055921283
0.0053631547
0.0405542850
0.0332200527
0.0269070920
0.0721282363
0.0048794057
0.0320266783
0.0366301239
0.0417120643
0.0044519175
0.0039316714
0.0059593087
0.0045726574
0.0293778814
0.0550497808
0.0154259605
0.0184887238
0.0191344190
0.0029261806
0.0591188557
0.0242797267
0.0675123632
0.0364238508
0.0100575220
0.0290279873
1.0456967354
0.0291459542
0.0272399783
0.0085721212
0.0031739194
0.0701153576
0.0235463884
0.0048712133
0.0604676865
0.0406019874
0.0491621196
0.0280706286
0.0069840439
0.0062157023
0.0151138166
0.0411552452
0.0155373085
0.0042811716
0.0495698601
0.0200287476
0.0431694388
0.0602755621
0.0179432034
0.0045254994
0.0108214980
0.0411130115
0.0175604708
0.0378312878
0.0033733295
0.0030051500
0.0121187763
0.0423755683
0.0077203526
0.0428149961
0.0174418911
0.0181167107
0.0075802207
0.0264897551
0.0175696127
0.0207114574
0.0621284992
0.0528998226
0.0607422888
0.0449520089
0.0096157724
0.0280345008
0.0466389880
0.0460616983
0.0040715924
0.0503711589
0.0080435444
0.0727564618
0.0166924931
0.0332407728
0.0492226370
0.0138656572
0.0334600061
0.0672829822
0.0102518657
0.0419876836
0.0360727273
0.0199966710
0.0580937602
0.0038287574
0.0689126551
0.0031309612
0.0271444824
0.0166634563
0.0049174046
0.0258979797
0.0562106036
0.0185825359
0.0399626493
0.0083668092
0.0079904161
0.0181590915
0.0491145737
0.0652517155
0.0237833206
0.0450539775
0.0142230755
0.0521092899
0.0111965341
0.0278607104
0.0317304172
0.0207638573
0.0138120661
0.0075739152
0.0075909644
0.0378827713
0.0448903851
0.0295976959
0.0199653506
0.0112922294
0.0029959339
0.0044864165
0.0372607447
0.0284555163
0.0050266585
0.0079812082
0.0649299398
0.0037007420
0.0149219735
0.0063320342
0.0046067717
0.0161037222
0.0120987380
0.0107920822
0.0036027629
0.0034652711
0.0036613492
0.0422817692
0.0183097832
0.0056898510
0.0682065487
0.0055925553
0.0135542145
0.0101604182
0.0648606345
0.0137833646
0.0269448441
0.0611561835
0.0300824046
0.0286501758
0.0708022341
0.0084629599
0.0622956641
0.0725482702
0.0082156006
0.0380724333
0.0068553924
0.0700836629
0.0637739971
0.0030137810
0.0291778389
0.0693148300
0.0172918476
0.0513693504
0.0442291461
0.0155917583
0.0438345224
0.0090720896
0.0043435358
0.0035741515
0.0070188576
0.0514962599
0.0255738329
0.0083419858
0.0039386000
0.0377079509
0.0366054550
0.0050179888
0.0490836389
0.0465473570
0.0942684412
0.0519931875
0.0286282264
0.0453556329
0.0481611751
0.0407186076
0.0694749877
0.0530030839
0.0178951789
0.0700124055
0.0062367339
0.0068196952
0.0103512714
0.0478028283
0.0420199819
0.0330347270
0.0134938946
0.0042564278
0.0978547484
0.0060083689
0.0030286352
0.0146491714
0.0030950503
0.0040888251
0.0138807194
0.0428261310
0.0499179512
0.0071936068
0.0086179003
0.0064619458
0.0057186345
0.0428393893
0.0677377805
0.0088442797
0.0173082147
0.0658728257
0.0344462655
0.0338581055
0.0697948113
0.0411456041
0.0447984859
0.0097665126
0.0303610098
0.0822870955
0.0032481973
0.0221599191
0.0262475591
0.0071828342
0.0349426046
0.0050540837
0.0048285988
0.0077080396
0.0051509948
0.0292315017
0.0099727614
0.0152580477
0.0353823490
0.0219598860
0.0287542455
0.0722785592
0.0083785625
0.0076102666
0.0051037311
0.0554104932
0.0239832494
0.0084340861
0.0085001867
0.0573369786
0.0170353726
0.0048836740
0.0287240427
0.0622230433
0.0072059939
0.0042893682
0.0282600895
0.0263823681
0.0031046874
0.0210314672
0.0408910960
0.0322739072
0.0034743447
0.0039467569
0.0050793500
0.2900248468
0.0056859246
0.0087510617
0.0039395345
0.0179952253
0.0084630698
0.0039847442
0.0178239644
0.0034997142
0.0600485913
0.0050549651
0.0104806460
0.0051999828
0.0578173436
0.0053272825
0.0093938094
0.0100667169
0.0671045259
0.0333782881
0.0353725813
0.0155671462
0.0057390020
0.0156220254
0.0051467558
0.0649968758
0.0164356194
0.0074225790
0.0110164490
0.0312037077
0.0127389049
0.0391842648
0.0209674723
0.0043069548
0.0092364550
0.0045454204
0.0051205517
0.0568523295
0.0207210723
0.0295083746
0.0074480963
0.0065053315
0.0497056805
0.0033963013
0.0052300952
0.0073601054
0.0042380271
0.0030612559
0.0050866599
0.0109745823
0.0151680605
0.0291355364
0.0196538307
0.0160900541
0.0368341357
0.0153685426
0.0109188790
0.0489774980
0.0035291631
0.0188821033
0.0281046610
0.0349142663
0.0191110373
0.0048485869
0.0661882460
0.0578691103
0.0061586048
0.0144825755
0.0062033529
0.0265786182
0.0288593434
0.0712750405
0.0153127033
0.0300099980
0.0549283922
0.0640736520
0.0677489787
0.0659971759
0.0078356816
0.0200542472
0.0041666641
0.0270628519
0.0128315948
0.9738908410
0.0699611604
0.0283123143
0.0090352772
0.0088017695
0.0183589291
0.0623401962
0.0199964400
0.0482742600
0.0097406935
0.0468236506
0.0208408367
0.0165440477
0.0364313573
0.0266513396
0.0068899300
0.0552342795
0.0715870261
0.0665199608
0.0301597752
0.0050282376
0.0046792571
0.0214940514
0.0092863441
0.0053196186
0.0056537823
0.0666792989
0.0040311045
0.0562851913
0.0331682228
0.0059380662
0.0322512239
0.0123392623
0.0601442792
0.0050864620
0.0253083780
0.0635022596
0.0488877930
0.0354910605
0.0255105495
0.0066835759
0.0382502861
0.0070934114
0.0093882158
0.0383032188
0.0252750758
0.0229066443
0.0656723902
0.0102423020
0.0180540755
0.0149962194
1.1161957979
0.0101418225
0.0084352875
0.0044081328
0.0198146272
0.0069218175
0.0559267327
0.0193414520
0.0544811301
0.0148923360
0.0672287568
0.0066004000
0.0292613599
0.0058029336
0.0094656069
0.0234274939
0.0101461131
0.0237313248
0.0108749177
0.0355694517
0.0041023660
0.0279249176
0.0274644848
0.0240960494
0.0215593111
0.0716186315
0.0373033136
0.0543613099
0.0036621471
0.0135350833
0.0466952287
0.0047651902
0.0077790595
0.0134065831
0.0374088474
0.0030806647
0.0183606632
0.0163825527
0.0190235674
0.0037285539
0.0275237989
0.0056099542
0.0136175286
0.0639252961
0.0162730142
0.0285391677
0.0519471131
0.0279552490
0.0250614341
0.0794113874
0.0350162685
0.0269015916
0.0145074530
0.0265310891
0.0055283490
0.0299913902
0.0107112285
0.0643761903
0.0037102357
0.0464061052
0.0037563548
0.0102468915
0.0287708174
0.0371896364
0.0127496235
0.0422595739
0.0123718344
0.0130938832
0.0032192159
0.0576925799
0.0841341540
0.0475114733
0.0038240885
0.0150741953
0.0152955474
0.0105061727
0.0085080927
0.0504322350
0.0076451204
0.0068254126
0.0674097836
0.0164863113
0.0600412786
0.9844298959
0.0560187921
0.0048435596
0.0199809521
0.0055480506
0.0033903159
0.0390704423
0.0579183809
0.0639104843
0.0386474095
0.0791812688
0.0570909083
0.0142493704
0.0549208708
0.0040354528
0.0095072528
0.0371764004
0.0358246043
0.0148664257
0.0042461865
0.0199663434
0.0475125983
0.0221424419
0.0468136780
0.0054724705
0.0075644925
0.0437260531
0.0029185871
0.0110860700
0.0033689309
0.0131910304
0.0050262450
0.0139151542
0.0262045469
0.0060392930
0.0115698799
0.0212018769
0.0251103546
0.0576917157
0.0062437002
0.0220802743
0.0233442858
0.0628907382
0.0308649279
0.0183304604
0.0320468172
0.0103214784
0.0051040538
0.0084073506
0.0329853557
0.0548139103
0.0157890972
0.0126550859
0.0066461409
0.0520093776
0.0239118282
0.0072863796
